"draft_id","release_date"
"021d8222-b169-4f9b-8cfa-0163d08a6b62",2023-10-02
"0333905c-04f1-41ef-8bc2-8524b7fc40a2",2024-04-03
"03f83e2c-3925-41bd-90be-e8bb60dde23c",2022-10-17
"0474d3c0-268d-47fc-9a29-44314c3e6480",2022-09-06
"0579ebca-89d5-4fd4-8158-34561a0adc27",2020-10-13
"06083dda-00ab-4215-a597-ff70227c0bd2",2023-01-10
"06083dda-00ab-4215-a597-ff70227c0bd2",2023-01-24
"0754606f-4e74-4655-b3e8-ff567481e294",2021-04-06
"07a15e33-ffca-4224-87e8-46073efec33a",2019-05-01
"099d28dd-26f3-4074-98ad-620975a0f920",2022-04-30
"09df42df-0b32-4201-9725-526aee897927",2019-10-08
"0b064375-dddb-425b-85e5-4d4db36cb3ff",2019-12-18
"0baf1697-4f58-476e-8c6e-fed56dd63109",2022-01-18
"0e7390a6-cfe1-4564-b522-6494497000cc",2018-12-21
"0ec35dc6-3ec6-4285-a4e3-914afe3b656d",2024-09-16
"0f480291-42cd-4de7-8477-7d8dd6e713cd",2019-04-15
"10aa256c-6a5f-4270-b825-660d2807d30a",2020-02-11
"10eeea71-24ef-4542-a47d-8bf190c3e939",2019-11-26
"117cdc3b-394d-4860-9c66-96ef8f087005",2024-08-26
"11be3620-da93-41ac-bf36-1ac52855a154",2020-06-16
"138c61c1-b50e-4541-b232-0f3690b9f864",2023-02-13
"144ae507-96d4-424b-a098-8bf38741e7ba",2020-07-13
"162887bc-9c5d-4e2b-9aca-8ed2e58ab670",2021-03-27
"16f220f1-c7ff-4628-997e-2e31e31d79a7",2019-03-20
"18b37052-4535-4649-8fcd-4eacf8603385",2018-12-12
"19965126-7d2f-424c-90d1-c315f5080c99",2020-01-09
"1a069714-7e86-49bc-8eee-2460a510fd1b",2020-07-01
"1ae73670-c26c-48e3-bcee-ed881a66cd9c",2019-09-24
"1bde2149-1f79-4e9d-b90c-150789c1a2c8",2018-11-27
"1c07172a-d0fc-46b7-a599-8d1289d02128",2024-12-16
"1c87ea9e-6023-4c78-8ca8-e1348dc51818",2019-01-29
"1ccd634c-66e7-41ee-a07c-920a48b17423",2020-03-19
"1ddb44ea-7598-4d19-a6ca-0605192cd76f",2023-08-22
"1e598182-5797-48f3-a7fd-6262fd0d5a44",2022-09-12
"22052206-bc08-4dc7-aba7-a10bf5b5f7ce",2021-12-08
"23dc7540-0b19-42f0-9471-479332a585a5",2021-12-21
"249b6e36-93ac-4544-a09c-09e467efa20a",2019-09-17
"253b856d-459e-44da-afeb-a1b03ee53a43",2021-06-22
"25952d95-6ddf-421d-af78-9e68cf93e922",2023-05-02
"26b1018c-10cc-444a-996c-d7a50fceb2f8",2021-11-16
"28bc7cc2-5e42-43ab-b1c6-288e686f7cd1",2021-11-30
"28ead34f-1422-4b3b-a35f-39b4d213987a",2023-11-20
"29139dcb-b4be-4319-b626-e03584d3537d",2019-10-29
"297da054-5c5a-450d-a077-433c6cd0c118",2024-01-08
"2a7c0d23-0c89-4f5b-9c41-f77ab1702250",2023-08-01
"2bba3076-b4e3-4249-b610-45e6b94d7de6",2025-02-18
"2d2d935b-6173-430e-9fbd-2a4e8645b823",2021-09-14
"2d9e2836-39fb-47ed-9ab6-d40a08c4c1a8",2019-06-01
"2f0b45bf-e1f4-45cb-944e-fccee2d0dcdb",2021-07-13
"302b2148-cc0f-4e7e-8f3b-b2ef762dab74",2018-09-18
"30340497-be6a-4b4c-8026-6274e4e1c8ff",2019-07-16
"3077ea32-3625-4710-a209-255dfed11a1c",2024-02-05
"315c10c7-981b-430c-a4b1-f1b2b37233bf",2023-12-24
"31e8bae2-02fc-44a7-9832-92420205e3eb",2021-04-30
"32386f43-e767-4268-830d-cdd11b1ffae5",2023-10-09
"323e4bd2-a468-49b5-b4a5-0fbe17d50244",2020-05-25
"323f3d10-46aa-4b02-b415-b2c78ffedc35",2022-03-01
"33697c54-2e50-4c21-80e0-d679cc83bb5b",2025-02-24
"33ce92e4-4a86-4c67-b75d-79f6f1380867",2020-11-22
"357ca841-6152-4baf-b38c-a98b1feed053",2025-03-02
"3588e7c1-42ed-4cee-b83e-9cf014309b10",2019-01-17
"375e1dea-ec7c-40c4-b631-fe87b9382bb7",2020-11-30
"38468ccc-3fe8-475d-99ef-75c587bd6969",2023-04-27
"38ab5f31-064f-4038-994a-40d5befd8572",2023-09-11
"39eac0ae-a206-4fd4-beee-f9d6b257dfc0",2021-05-18
"3ae28710-af89-4d61-8e1b-d5d252e166b1",2018-11-15
"3be7fbc9-64d8-476b-b4c3-58c632b08f67",2022-01-31
"3c09fb5c-8108-4b4c-9b08-77a836814ac6",2019-10-01
"3d39537e-9cb8-4946-8f66-c65c5642756c",2023-03-06
"3dfa5437-fafc-4180-9c22-8d542d6915dc",2024-08-20
"3e32b2e2-448a-4baf-864a-750cd7dbf505",2024-03-04
"3e787702-e24f-4a0d-b2b4-4ee9b284f102",2019-03-05
"3eacfbe9-0089-48bd-90cb-a8ce1bb72f16",2022-05-30
"400d5869-fc99-4f88-9dd6-fbbe4b3a67e5",2023-02-01
"4010b329-c2b6-4217-8718-94dcd7d74764",2023-08-31
"40536309-f349-44cc-ac31-88b11b218225",2022-11-21
"425d40c8-892c-479e-b3aa-88cde6ba7357",2025-02-06
"42cc56ac-a9ae-41bd-9745-68a2bf9362fb",2020-08-30
"42cc56ac-a9ae-41bd-9745-68a2bf9362fb",2020-09-02
"43dc286a-6f65-4714-9259-ef910ad269a6",2019-05-22
"450121bd-52cf-4602-93fb-ec0e45189ab6",2025-01-06
"451f5dd2-6d01-4a34-a05d-9c569a9a03de",2021-03-14
"46271d68-2d03-4d7d-92b8-9bfd8d076e4c",2023-06-06
"46c5bad0-f057-4dfe-aa9c-9ee63a594ce2",2022-08-01
"47218f20-ce24-4fbc-9ec2-5a303335cece",2025-03-24
"47aa102a-71e4-49c7-8d98-db0c0904dde3",2021-03-09
"486148f6-b0a2-409b-960f-275277d2bf65",2023-06-30
"49a051d0-1af5-4601-96c9-73a6309781ad",2020-12-07
"49ec3cfd-da6e-4f56-bd05-0ac67cfc4f34",2019-02-26
"4a20dafc-cb75-4858-b938-b16b406af897",2019-04-23
"4a244445-1e66-4789-9a49-5aba6b56d596",2023-06-13
"4a518229-113a-4f2f-a687-1678c1b8bab2",2021-11-23
"4a7db6e5-4876-4d77-8ceb-145405bfdfe6",2022-02-15
"4d8c1fc2-5d64-4009-942e-8f4881561ed2",2023-08-08
"4d9b9db2-917c-4fe4-9f72-3b8dc6650874",2023-04-26
"4e54656c-9a28-4d31-9021-ad28ebca8824",2023-07-11
"4e8b675c-a2d6-4611-a6ce-850710482afb",2022-01-22
"503706f4-7184-4dce-89ef-05c2ba9eaf6b",2019-08-07
"50ea7a7b-798e-4ab3-8b45-2593e6a740b9",2022-06-22
"50f9b683-a1cc-4737-8a78-8dbadacb2db5",2021-07-20
"5122b935-c03b-4df7-ab07-b97f68b7ce45",2023-02-28
"526ad671-8154-4ec4-b6fd-a85f178f1aa1",2022-02-18
"52b183af-f695-4198-b932-1a23e8eb6ec0",2023-03-31
"53ca0528-d400-4006-b085-bb611e964d43",2018-10-18
"53fddd02-54ca-478a-930c-f069b30cf9c9",2019-12-31
"547b404c-ae95-432c-bf3e-589a2f888c91",2024-05-06
"54fb4fc9-4d9b-422a-8241-9644e740e59c",2020-05-18
"555bd336-219b-4d34-8987-591e9db89ecd",2023-05-16
"55687878-d913-4caa-a21d-54c983743d42",2020-10-30
"55a81771-c33e-427b-bbaa-a2f7c190926d",2024-06-08
"56416e2b-bae6-469a-b6eb-4fe5909ae1c8",2021-07-27
"56d6fc65-4a4f-4a16-b746-b8ec56d6c837",2020-04-27
"5738014a-5108-4f0b-8598-c50c37a324cd",2022-03-15
"595023b6-d236-467a-83d9-1f07cebb6b6e",2021-10-03
"598aa07f-5b44-4577-a39f-6491ab844a8a",2024-10-02
"5a3ab606-4e9a-4990-9a24-237e731b4c20",2020-01-16
"5b34604a-404a-4951-92e0-7b117b48e707",2022-07-29
"5befc72f-0d6e-4aea-addc-be50b6c1a02e",2020-09-14
"5c1326ed-7fa1-4cd0-b336-a8a968c69b70",2019-05-07
"5c9b1a87-8a97-49d6-b24a-eec66c9e45fb",2018-10-02
"5da29ec2-275a-486c-8fae-badab3ac8f47",2024-12-09
"5e2157bf-fdd5-4fe1-9cf1-0d92a3037178",2021-01-26
"5fe78b83-894a-4001-8384-c8ae57fd8c5d",2021-01-31
"600b2796-0f03-4eca-84f0-a696a4da0729",2021-03-16
"60842e15-04d9-4808-b655-09175f439903",2019-11-05
"617a280b-ec34-4329-a405-83ea9a748c53",2020-12-21
"6214e864-de17-4b4b-a357-a7b461fe8658",2020-01-21
"627ce97d-3895-42f5-ad4c-8d0a750f81aa",2020-11-01
"63388810-2643-41d2-9a69-1c93651bf3e4",2022-03-22
"63627fba-b871-4640-88df-4edde83984e6",2022-05-09
"636c615a-3ae5-4045-930d-bea21f4b8dc7",2022-11-28
"647bbe5d-5873-436d-b0d9-20fe9455c240",2024-09-07
"67039917-4e60-4d8c-8e59-c66238201d88",2025-01-28
"677c1b04-67be-4e08-b35a-8e92105e77fe",2022-02-01
"6787d46f-10c5-4b97-9d60-4091b1653e23",2020-09-27
"67d674bd-4862-4513-93de-b2223240ed2d",2023-08-18
"68bd0b9d-f928-47c7-be5f-94c18d34f014",2021-07-31
"68e35ab4-4a07-4179-883f-6fe9ce3a0f1d",2021-02-14
"6921db42-e5a1-4f6b-9fd3-eea25d0ca633",2020-03-10
"697fbe03-80e3-4abb-a833-6ae90ec62ec2",2021-09-07
"69951fdc-89e4-4d4f-90e1-a37afb8db8d7",2022-02-22
"6a26d062-d3c5-4436-bee6-b64603a6940a",2021-04-13
"6af38676-d011-4ba9-830d-427b4278dcbc",2021-02-02
"6b3cb308-838d-4e13-952f-7d422278c069",2019-09-10
"6b925ced-9f3d-4016-adce-d102351d9e2c",2024-02-19
"6c28036b-2896-438f-8f82-5e97a7c827c7",2024-01-01
"6c28036b-2896-438f-8f82-5e97a7c827c7",2024-01-15
"6c28036b-2896-438f-8f82-5e97a7c827c7",2024-01-29
"6ce3836c-02a9-4a99-8b28-5cda096790b0",2024-06-30
"6d250ee7-39ec-41b5-bc46-1c6575c61416",2023-12-05
"6eec7b4d-06e0-4916-a091-da264eb57133",2020-02-06
"6f00ca47-189f-4268-adf6-e87cb8d9bc57",2024-11-01
"6f00ca47-189f-4268-adf6-e87cb8d9bc57",2024-11-11
"6f00ca47-189f-4268-adf6-e87cb8d9bc57",2024-11-25
"6f6ebb18-1b60-4027-bc68-3d4403b05e2f",2022-05-02
"7012cec0-8ca3-4f3d-8900-4bc3c8a24aa1",2019-12-03
"713d68ff-f402-4601-9c0b-c614ed4def0e",2024-03-26
"71cf5c14-7ffc-440d-b643-c2ecd92969b5",2022-01-26
"7216c2d5-e176-4382-b048-10ac7ad25e1f",2022-08-29
"72eba291-b6fe-4e1c-aa0d-faa5384b467b",2022-04-26
"73c2ebbd-4005-4aa5-bbb0-d5c71a62f530",2019-08-17
"74d7f307-a872-49da-bb03-83df1bbe0e00",2022-12-17
"74df5527-3e9e-4b83-bd6d-a0de06e7a476",2019-08-21
"7579285a-3b28-4f08-8acd-f2e70d4d547e",2019-03-27
"76966fee-5797-4ed9-8a60-73d79df4c269",2023-10-16
"77216d25-4a74-4b3a-82c8-516999fe711b",2023-05-30
"77c28491-cb2f-4f02-8731-a2dbcd344918",2021-09-22
"783cd350-251b-40d2-a82a-1e19530e3ac4",2021-08-23
"78b3013f-6bce-404d-96c3-f23bc45d1ac9",2022-12-24
"7d513d21-73f2-4db0-8c9d-44f44f02d90d",2020-04-13
"7dac10ab-502e-4c25-8962-dd3bf22b3f41",2024-05-20
"7f4b5b4c-066f-4199-a0ba-ab23fc434c8a",2024-01-22
"7f6461c3-e316-4d17-b10a-fe4ddf5a435e",2025-01-09
"7feeeced-1ab9-421a-819b-69ec76deb3ba",2024-08-19
"80393bb3-d348-4476-b5db-decad580de5f",2020-08-11
"80d44691-eb10-4d66-93a0-749294f77c07",2022-06-20
"812b0ef8-7124-470d-8acd-aee50fc8202f",2023-10-23
"81afadb4-7416-40ec-9e01-adc4bd6eebfb",2024-06-10
"81bf79f6-72b1-4264-bbc0-84b610abc69b",2020-07-06
"8220f8d0-5cde-40e3-b1a1-b1609e453d3a",2022-07-11
"830e5494-852d-4027-bf31-ade4d9a155b9",2024-10-28
"8366838a-29b4-4fa7-9b33-5e82c655a65f",2024-04-29
"8386ca20-6b09-4b77-811f-893fdbd19a66",2021-01-06
"83bb9106-d6d0-446d-b344-8c597c0b5b09",2019-07-30
"84f92d8c-a6b2-4e94-ab3d-6b7b0fcc0a9e",2019-06-25
"850d1e28-39fb-46e2-b286-ccdcedb2399a",2020-03-30
"85523722-f66d-4be0-97b5-38d144bdfb64",2019-10-19
"85efd689-b8d0-48d7-a7c9-39f1814d38ee",2022-04-19
"8615b1eb-5e08-4018-be57-49dea1724315",2021-03-23
"878eb446-72a0-4b08-aa9d-a165ae0ec6c1",2018-08-18
"87f97803-50f7-4785-89bd-0b93ea3d0333",2023-08-01
"8878e7b7-f07b-46bc-91ad-0706addcfce6",2023-07-28
"88a1fdc5-1551-4354-83de-cbb45eed125c",2021-02-16
"896d0371-4ef7-4d42-bee4-3922ca33f575",2024-08-05
"8a3d1569-fde9-45a8-96e9-414343cd9204",2022-05-16
"8a437997-f5e0-4f89-a691-fd8457422337",2021-02-09
"8a631c4b-916b-4723-8bfa-c4ab2baa2617",2024-12-30
"8a762c79-147d-4633-a96a-1307abf923bb",2023-07-03
"8c757241-8b40-4e21-8335-e66507ab3849",2022-01-25
"8cbce425-f4d3-4386-a9b5-e6cb4b9f2605",2024-03-18
"8cfedb6b-38b2-4d7a-ba6f-13ce1e8be7d7",2022-09-19
"8d05e361-a381-453b-b5f1-a5a0dce736dd",2023-03-20
"8e616bc9-1d1c-49e4-9c68-d033faaa28d6",2019-12-10
"8e7e454e-4acf-4d48-a57a-9b4427d00b83",2022-09-27
"8f1ca106-4b3a-4f62-82df-a1a847053299",2020-11-10
"90368a14-f377-4dbf-82a9-d150c098a18e",2023-03-13
"910e76dd-4f7c-449d-8769-a815ae6041a9",2019-05-14
"916cd2f3-b603-4d2b-94b8-5fc5f66ce9fe",2020-04-05
"918d5de8-bfa6-4050-a34b-36ed89a847e1",2024-07-15
"91a4ffcf-2c95-4563-90f1-2769f72c575c",2021-10-12
"922208d2-4f92-45a9-abac-113b2171e5c3",2022-11-07
"93582b7e-da97-46a3-a1fb-773845af3a96",2024-03-31
"948d154e-363f-4677-95cb-6fe0260049b7",2020-07-26
"94cda846-7f1c-48a6-9b83-74300bc58bb6",2023-12-31
"951669da-7574-45e4-b137-5d3e5c223732",2024-09-09
"96dc67f2-011a-4ae6-ae2c-59f15336d97c",2020-07-21
"974ba839-38bf-4035-a761-f250ef007a40",2024-01-31
"97c3343e-3faa-4b10-807d-46e05892ccd5",2024-06-03
"98c98d68-702e-41cd-8fa4-c8e212a68546",2020-03-03
"98f7d2c8-4acb-44d5-97cc-16ae7046b746",2022-12-12
"995994e0-3786-4dd5-9c7b-0a7300ce8589",2021-09-08
"99b55149-adb7-4ebd-becf-23959e854640",2022-10-10
"99b67ad5-767d-4d2e-937b-6396413811cc",2023-02-06
"9abceeb1-0d25-47b8-a67b-e9aae978a7d9",2022-01-01
"9b58438c-832e-4ca5-a5d8-e89c7d6f7764",2024-07-31
"9b8bcd27-dd4d-4461-baff-cc3cd6941b4c",2025-02-10
"9bf34cbc-51b7-4153-8c38-ce7910c230a2",2020-08-24
"9cb66ce6-348c-4be8-ab7d-ad3bf2ee101a",2021-10-27
"9d5d0738-21f6-40f1-a51d-a8d913d8646f",2020-04-08
"9d907787-44de-4239-9a5a-b978486bc4b8",2020-12-15
"9dbc1993-41b6-48a4-aef9-4414d8cfc1d0",2024-04-22
"9e7dece2-c9d3-4756-9126-1a9beeba7d4b",2018-10-30
"9ed444d6-0938-43a8-97da-8d11b863f1bb",2023-11-30
"9f2425ed-17fc-4746-b4a4-9073251b2f57",2019-06-05
"9f6851bb-6275-4835-ab81-ca0dcb28ffd4",2023-07-18
"9f69bd23-a2d2-4d18-be11-72a61c35cdb9",2022-12-01
"9f720d3d-2b15-43b3-ab81-a3aafa8d9603",2022-07-18
a03f6f2d-f505-4051-ab29-a059bbe7564f,2023-04-10
a0414bd9-b808-4b72-8f73-de2a6e0bf9dd,2020-08-18
a06df285-e5e0-4dd9-a5ff-2a9881d9198d,2023-11-06
a11830de-769b-459e-af87-808650614a87,2024-12-24
a11b7caf-c1ed-4353-9534-f546410b8bfc,2021-04-21
a16a1d3d-d722-4faf-b3e7-61a4105df705,2024-09-02
a232e557-62f2-4122-ab57-327978c936bb,2024-04-01
a422f5f7-7b4f-41cf-b825-e91299695fa0,2020-06-09
a4546d89-01f7-4c4c-8e93-84c0b2582616,2024-10-08
a469a0bb-b5e5-44cd-b6e1-5a6f5c48feb9,2019-04-04
a4bd3e53-80c8-4614-b5ff-06480eeed4fa,2020-10-27
a53e93ad-d781-44ee-95b5-4c4768387ff3,2023-01-15
a5aae4d9-2ec3-4fae-a77a-a863f2c718f8,2023-01-02
a5aae4d9-2ec3-4fae-a77a-a863f2c718f8,2023-01-17
a5aae4d9-2ec3-4fae-a77a-a863f2c718f8,2023-01-31
a7634dfd-371f-4b23-a358-a92e5bfa858f,2020-12-25
a903b13e-9bd4-4e80-8fc7-f1727e81caac,2024-04-10
a9074f10-3a23-4a59-a634-a0f64f1dd988,2019-11-12
a91a6e7e-d2bc-44f8-bbc3-f4dc57127910,2021-02-24
a99a2240-6c8a-4ebf-8b02-78ba9d57178a,2022-03-08
aa038bb4-4b29-4e36-9138-5560b19b6d7b,2023-02-27
aaf198a2-dd51-4c9f-a0e5-32e8053ae22f,2022-06-13
ac8f6ef4-3223-4226-b358-b6cd3a3b8e33,2020-10-06
acbb20fe-1d7f-4a81-a64c-109f961aa445,2021-10-29
aec7bb37-72ec-4a6e-9cb5-387978576fe7,2021-06-29
af4b7064-b86a-4104-aced-e91ba03da82a,2021-02-28
af5fd1ec-65d3-42fc-9f02-e82dd069a8c9,2023-08-29
af726a83-173b-4c09-9d45-e8253f9de0e9,2021-05-11
b05fb914-d305-4307-90fd-5d7fe6b471ce,2021-07-01
b1626d79-83a0-4ba6-8fad-e390820d072d,2021-06-01
b1fddc5e-57fb-468c-a972-1bf05664b36b,2021-01-05
b2a8ab4c-494f-42cc-8531-8c2583ac4a67,2020-05-10
b2c197ca-a269-498f-a7dc-5642cd5825ee,2023-10-30
b32b2777-584f-4b90-9af6-e3a327631c52,2021-06-15
b345decb-a7e5-4d0b-ba7d-5f2c521f93a0,2021-03-30
b3c06513-ee8a-4e66-9374-9910c815ce2e,2024-06-17
b5aedaca-4697-4139-b3d5-077941abd9a2,2023-12-11
b75bc471-101c-4a39-a519-41f3efccaf10,2021-05-31
b7d6ff6f-2dd3-4363-adef-5bf2e8fe6256,2020-09-29
b7f59742-f51f-4dd0-b08c-ac3091ad7802,2020-04-20
ba19277d-c847-45be-bd75-b4cd2455116c,2021-12-31
bd10427f-c065-4db0-92a9-9e4282b03630,2024-12-02
bd99691c-fa85-4a0f-985b-9656fda72e25,2024-04-15
be9d72df-8d9f-4707-8ff2-8f899379c360,2025-03-03
bed16451-5501-4af8-9497-770383430bb5,2021-09-28
bf9d9ebf-a513-480b-85b7-94c448b1b689,2021-08-16
bfa97ed2-edb1-4f7d-bec8-d2575a689ac1,2024-05-27
c0044d5c-39d0-4826-a9ff-ae6d4cd04ac1,2019-08-27
c06430fd-2ba2-4a28-91b9-7896650899a6,2019-07-09
c24f0ae3-7360-4f16-b1b1-3e61b27ea81d,2024-02-12
c25dd6a1-0ee3-4334-833c-7952bcfb78fe,2022-04-12
c30d08cb-6799-4c01-843f-357c6157be5b,2020-08-04
c3b498e9-a239-4122-a1e4-dc69a2e829ae,2023-05-09
c3deb2bf-e222-4850-a561-903b9e0affc2,2022-02-08
c4222bb1-0262-4c39-b4cb-03590dad10cc,2022-06-30
c48d94a8-10d6-4a98-8b0e-cfb9f0be67ff,2021-11-30
c5261d95-0487-4bd6-82f6-a21f982eb92f,2024-07-01
c568c601-c594-4d09-aefd-60835fffc5e7,2021-07-01
c5d06d78-f98b-4352-829c-7ac5510a1d3a,2020-10-20
c669c00a-0ad1-4ea7-8011-ec7ce1cc3ef5,2021-08-03
c7321f65-ffc3-431e-88cb-339b7a79b841,2022-04-05
c75efe9f-05ce-400b-a59b-9002a167204a,2022-08-11
c7b2f9fe-e314-461a-a7d6-f47a7dc1cc91,2020-05-04
c93ef049-aeca-4112-baf1-8ffe36152d57,2023-09-18
c9ef9714-4e55-45a7-add3-b03b7b59179f,2020-12-01
cace339d-5195-4fe6-8f55-a61b4f5fe67a,2024-08-12
caf63b0d-df86-4ce6-91cf-b71190ec6db0,2020-11-17
cb21e476-29ec-4b96-aced-9901772256e0,2024-04-30
cc8a3dd8-f1e4-4bf0-890f-afb463cbed84,2020-09-09
ce63d118-38af-442f-b245-be645b796226,2024-11-03
cf30c944-0e91-448b-92f0-628293dce8a0,2023-04-17
cf5a3ba4-44aa-4f76-86d9-737725f30284,2022-10-17
cfefffc4-377f-4034-972e-c36acdfe4e7d,2024-07-08
d0113431-158d-4b47-8a85-c8d273dab112,2021-06-08
d055c8f0-c2d4-48b8-a4d1-f2e188186528,2022-12-19
d072c1ff-c9fb-4de5-84be-ea96abc7e22b,2024-10-21
d2405792-9185-4316-b906-9c7b5cc883af,2024-05-13
d28b3def-2d8a-4148-b663-6062bfdeeb23,2019-11-19
d295a410-df94-4687-b78c-bb3ed5e294a9,2023-11-13
d2b290e0-71b3-4b6b-8e29-f8a89798f60d,2024-11-04
d2b290e0-71b3-4b6b-8e29-f8a89798f60d,2024-11-18
d36f97b6-d6a0-4741-b06e-bccfbfdb621e,2021-12-24
d3cc9324-7fc4-4801-8b2c-4dc583bfecdb,2024-09-30
d3d45e54-dec3-4cc4-ba3c-6bcc9e4bbe13,2024-07-22
d47c10da-441a-447e-8702-6b658d29bf7a,2024-06-24
d51b1e43-4121-4de2-863c-cf3853187f20,2023-09-29
d586fc24-6291-4521-a29b-fc6852e088a7,2022-08-08
d5b4c009-4aaf-4c9f-b7e2-735630e94e9b,2024-09-23
d6a42926-2d01-4af1-a136-d2250789c800,2019-10-23
d6b22e85-139b-40ee-a152-d0ae2f3ce226,2021-10-18
d7ab4637-8376-491f-8f1a-c8a3651405d1,2019-06-12
d8e6f551-acf7-4fc5-897a-260b010a45a9,2023-06-27
d8f91d3d-d590-4bec-9db0-9acbc6718888,2021-11-02
d8f91d3d-d590-4bec-9db0-9acbc6718888,2021-11-03
d957a8c4-c2d0-4cbb-898b-5ca199fdef1f,2020-04-24
d9bd3ac3-0b83-4fd9-9d52-f12549d418c2,2020-02-25
dada16ee-59cd-4d63-bc5d-47491aef571f,2021-01-19
db9d722a-619e-4257-b594-e6e79941eae9,2023-02-20
dbed636d-8e7f-496c-907e-8b012649ad8e,2023-07-25
dc8964c5-6650-438b-bdb3-24012b9c6ca1,2020-06-02
dc9415c5-7cdc-48e9-9bd8-0c3f41d59a60,2022-11-14
dce54f7e-bddd-41b8-90eb-4c68d47f5f80,2021-03-02
de0a36c2-4fae-404d-ad19-5d00f23e6989,2021-05-04
defa306e-1bd4-440a-9ff5-1d9af35cbe9d,2022-03-29
df598849-e608-45e2-a21f-5f64272a783c,2022-01-04
e043ebdb-0bd7-4de7-92e6-03a93485d2de,2023-04-03
e1647c90-8118-4c32-8ace-3af5f395be35,2021-10-05
e1a97f66-d36e-4190-a0bf-2ff3eb823389,2021-02-20
e21637af-828a-4793-9ae0-1ebb8122c11f,2021-12-14
e341c35f-08c8-40e5-81d8-3db30014cefe,2023-10-29
e4b1f984-84e5-41ca-bea9-16d93fb97fdc,2020-02-20
e529f6ed-1e70-4d50-b89e-61e1d9d5fff0,2022-12-05
e5be71cf-d991-41ac-996a-f88db567c5f2,2019-01-08
e62241ad-e76b-47ee-855c-041a5e753a11,2022-10-01
e6b48aec-647b-4557-b6a0-e9f76b8fbc98,2022-08-31
e6c00d50-f4ba-4b71-b5c1-3a75969dd094,2022-10-31
e7619aca-74ec-4ca7-99e0-7217583faa25,2023-12-18
e8249396-1a1a-4aa1-a062-45bf923a793b,2025-01-21
e8249396-1a1a-4aa1-a062-45bf923a793b,2025-02-04
e85554eb-016c-4011-b736-d8dde5be866e,2021-04-27
e9466fe6-83c1-4e20-a875-a92d18092cf2,2021-01-12
e9cdc2ee-e320-4457-a966-903c406ac74a,2022-02-27
ea28379e-8b51-4d8c-ba30-d327cac1af05,2021-08-08
ea8171f0-bd2e-44c8-beb5-d632e611ed5f,2024-03-01
ea8a8ef5-6372-4faf-a73f-eb0512abef2e,2018-09-04
eadc2778-07d3-45db-9e19-65b52a2e3234,2021-05-25
ebd431a3-7bec-4ae9-90aa-c25a7acd2891,2022-10-03
ebefe012-413c-4685-b9d1-70256a142d17,2022-07-25
ec526468-89f5-4b7c-bd21-ecce07853220,2022-05-23
ed884257-7f7d-432a-a905-6ad222242247,2024-11-30
eeef2600-15d1-416e-afcd-5d1c0e57617e,2024-10-14
ef933e38-5df1-4197-8075-1f64b1a46871,2022-06-27
efb7cf0f-e8ff-49c1-80ee-8392a7bb83ea,2021-08-10
f14a2717-31fa-4246-9a94-286812c79122,2019-12-25
f1a9f3e1-1ecb-4bec-b389-b3b5e59b05a9,2022-03-31
f2491ed0-eb3a-451b-8bae-83a2adea7e81,2024-03-12
f2fc3063-21a8-4e8c-878a-a9177e25b593,2023-03-27
f3185436-63da-46e3-84e6-aad5c0cc300c,2020-04-04
f3f8f799-d395-4e53-97f2-7514d0daf536,2021-11-05
f45ccefe-c158-4bd1-8803-31a229f78c10,2020-01-31
f4eff735-1f2c-46ed-aca5-d9c3b0d0de91,2019-03-13
f592eefe-cca9-47be-b89a-bd28c20ec5c0,2022-08-15
f6c55a58-801e-4e32-81e2-b98c4e4ba58b,2020-07-07
f6cd9fef-24ad-41a7-911d-e1f6067d56b7,2022-06-06
f87ee4f2-ccf1-4969-9eac-7dc9be5dce62,2023-09-25
f88a3cde-d149-4e94-92ef-953dc03edbe3,2019-06-18
f8d983c0-4d4f-4fa3-aa7b-42ab877bf01c,2020-03-24
f980e0d9-2ecc-4352-8198-6875f836fec5,2022-07-05
faab1d5b-7e9a-41ac-a0fc-aa7f3a5f7fc2,2021-08-31
fac8db87-2002-430e-8540-9e9d25df31aa,2019-02-12
faf5fb50-3452-4aa6-8517-7629ec5846ed,2023-08-15
fc029407-d1a4-4962-bc96-9a28cd93c173,2020-05-26
fd794b27-df5c-4ea8-93e2-72e27d4e0756,2019-07-23
fdab7eef-e486-4c11-bcff-a7f37874bab7,2020-07-29
fe026bfc-6e2c-493d-9197-497d1288161c,2025-03-17
fe602d29-5351-41ff-9ee4-589051c13728,2022-01-11
fe806757-3b4e-49d0-98ac-12970faffa7c,2023-05-23
fe8d1f9c-c915-498a-8ce8-089383df55a5,2019-07-02
ff363d88-a497-4362-804b-a2c9511d666f,2020-09-21
fff98f66-b2ec-495b-a49b-9d5a671e8c24,2022-10-31
"300d1a69-7bfe-4d5c-927f-e2efa08ff742",2022-06-30
a01bc796-e43b-41a2-a762-e516814c1841,2025-03-17
a1eec604-039d-43cb-844b-badd2a6a5e0d,2025-03-24
"1bb4df8c-791d-4f8e-87b6-15113013a4ee",2025-03-17
"3b96ce71-ea2a-4666-bc83-5c6eeb803d6e",2022-06-30
"44899dfa-f175-4d39-bcd9-9ce7aaa1dba0",2025-03-24
"0c8671d6-ee9d-4f9b-b2c0-850c8554ad21",2025-03-17
"95c9473c-3158-4ebd-9a21-f79304ff7f0e",2025-03-24
a0681e36-db84-4480-8549-ad73b13a7401,2022-06-30
"98aa7666-03d0-460a-8ad9-39f97f42dc0b",2025-03-17
d1c59766-8017-49a3-829a-c0e43813486d,2025-03-24
e22e163e-3512-42e6-b846-95edc7cc4522,2022-06-30
"17d03d65-ba14-43e1-a387-aa6037dc4216",2022-06-30
"56a348f5-b479-4dc8-b8de-af6cfa5d5b04",2025-03-17
e6424048-41e4-4156-bdd9-10d7a73624f8,2025-03-24
"09a73bdb-78f4-4c26-9e3c-8eeedc41c606",2025-03-17
"3c0f9ddc-6a07-44b7-ab3a-577dac9962ad",2025-03-24
"68b5b9bd-aaf2-4303-b901-b0d35acabe42",2022-06-30
"0211383a-9d71-4c3e-a9cb-50186849f62b",2025-03-17
"1b185fd5-009b-44f4-b6f7-eeb40660b517",2022-06-30
a206e824-4b16-40d5-98e2-5c5e2e771e78,2025-03-24
"3fc9d2c2-4bb0-42e9-8ba9-beb4f9571c89",2025-03-24
"42d1197a-e51b-4ec0-bef4-5f56fb3b89e3",2022-06-30
b22e8cd6-0da8-481d-86b4-3f151aadff27,2025-03-17
"21994c7e-0d89-44b7-ba24-3c7e0018cfd3",2022-06-30
"40f10b6c-bb2f-4cc0-adb8-cd46cbbed653",2025-03-24
"8735c743-0be1-43b3-82aa-7a5eafad95c3",2025-03-17
"2569e335-74b6-4fbc-b008-733c83056db3",2025-03-24
"41d454e3-24b3-45ca-8fc8-4a0215d24598",2025-03-17
"8369e3e8-1621-4b82-b36d-207b17aaa4e6",2022-06-30
"7f6b4a46-aa99-445a-923f-24de59e57469",2022-06-30
ce914b8f-5a23-4ec9-adbb-ef898d3cb8a9,2025-03-24
f75132ca-e4f8-4d19-9ec2-2932ed8026fa,2025-03-17
"56f5cee5-41c2-48a7-a4b1-37ab637d6132",2025-03-17
"5abb4af4-4bcd-4fff-8fed-c8bf04941831",2022-06-30
e8f343ab-332b-45df-8c95-29647c8b129f,2025-03-24
"810c3716-edb1-442f-8b6f-9cc569e85ecd",2025-03-17
c612ecdb-de6c-43e2-91c5-1668366e364e,2022-06-30
df9014bb-b688-4cbf-8b86-8434415933f1,2025-03-24
"9111dac6-4d12-460c-90d4-83280510185a",2025-03-24
"9485e8d0-5e03-4636-ac27-844affb9966e",2022-06-30
f18f6800-c455-400b-bc28-98ef7363c705,2025-03-17
"497cc0fc-704e-4695-9209-eed1e210056a",2025-03-17
df3d7aad-5931-4bda-bc39-68b752c05db8,2022-06-30
f56fcac4-d414-4456-a795-c26d92b2c9ea,2025-03-24
"07240f9c-9992-470d-9987-860e86c19ab9",2025-03-17
"087d3e60-4295-406b-a07a-c6bd8c77da00",2025-03-24
"4dd09a92-ff97-4398-8a53-a658ba51b11c",2022-06-30
"3bec24fd-075e-4fa1-8826-ba5698c6f387",2025-03-17
"55aee0de-e11e-4eb6-84e1-7336baecec57",2025-03-24
b926401f-64bb-4ca8-9236-46a8ee95a3eb,2022-06-30
"65ca41ee-0a9f-4f0f-9ee1-249a507827cb",2025-03-17
"9d6f165c-867d-4044-9c40-fce69a4fb5c5",2025-03-24
eb71b20d-8765-47bc-a286-f14662445f88,2022-06-30
"74e2b832-f60d-4366-803c-2eb113969845",2022-06-30
a225ccb5-2876-4497-a166-1c2e767f00fe,2025-03-17
d622a973-6630-47e3-80a0-61f160d0f504,2025-03-24
"75dae398-588d-42ba-a1c7-e77dba7a2be7",2025-03-24
"8a88dcea-d656-401d-a1f3-7ab132c1775e",2022-06-30
f2ef3a9a-44e7-42cf-aaa0-58ddb6bc5b9f,2025-03-17
"7b6a6e6b-7435-47c9-883d-7eb5121da103",2025-03-17
da96663d-6922-453d-b554-ba6175987c7d,2025-03-24
f4fea31b-ee75-4cf5-a082-befa1dccee76,2022-06-30
"32a42087-1671-4101-a950-8a1d568171d9",2025-03-24
"4ec654b1-0bdd-474c-b371-86f355410f7d",2022-06-30
"837d8b91-f32c-4251-9700-a66abaabbd65",2025-03-17
"9f7a2309-69c2-49f6-9510-674b405c816d",2025-03-17
dda3dff3-82b6-4d0f-afb7-dbe6770ce48a,2022-06-30
f3c23c0b-4b23-44e1-a860-3a986b844899,2025-03-24
"2737e4e1-d15d-42dc-bb0f-9674b3d6e5d8",2025-03-24
f711b7e4-8545-4ffe-a897-22f11de58ddf,2022-06-30
fcf7c2dd-2a28-454b-8bf8-dc50df7d8a93,2025-03-17
"839f0ad5-275e-410f-80b9-d69c46ec880d",2025-03-17
d85e21c8-e2b0-4bae-8ffa-634f82093ef9,2025-03-24
f4a6be9e-51c4-4cdd-997d-1d58d338c6b1,2022-06-30
"18d4bbde-664c-4935-bf1d-e365633f16d0",2025-03-17
"266962c9-0778-4a03-8e85-6016f0ed0cc4",2025-03-24
b4104b84-2dc6-4d50-94f1-c0851a764711,2022-06-30
"6725b225-e066-42e6-a557-4dc2c7b63385",2025-03-17
"6a41773f-ce00-467e-ab3c-1379b5feef3e",2022-06-30
d04278fd-aa9e-48a1-8685-2c153d0b870e,2025-03-24
"7a7b8fe4-3b06-4661-9ef0-19830968e43c",2022-06-30
dd999642-d4f3-40d2-96bc-dd38ff03b4c4,2025-03-24
ee60f8e9-1b78-45c3-904c-08439f3c40ac,2025-03-17
"0a60f91b-7a29-49b7-8326-ed16992025e8",2025-03-24
"0add5191-e9e9-4bb9-9ad3-8550ece1b323",2022-06-30
"3e634962-b0b3-4454-a5f9-fbb7bd110156",2025-03-17
"4a49462f-e934-412f-a456-523c76de928a",2025-03-24
e86358dd-295a-4d82-98ff-c23f2be2ab23,2025-03-17
f77366d7-4839-43f4-9adc-3ef13c1d6d0e,2022-06-30
"50c1c813-eff1-41e8-a5f2-1db2bbbf40d5",2025-03-17
"5e82a740-2fa3-48a9-b172-d4514c0b343f",2022-06-30
b990cbe5-0222-4944-962c-14f5004f7cff,2025-03-24
"1e02c989-2687-4e2a-bfa2-4d2c985f3db9",2025-03-24
"69403056-4855-4857-98a1-0ccd68d55057",2022-06-30
"83541b6f-97b3-4b3b-b34e-636330bbfa74",2025-03-17
"5d0fe88d-4fde-4487-b55d-ba73dcfa1e9d",2025-03-24
"75b6b3fa-b0c3-4683-8434-a238b623ec4c",2025-03-17
dccb874f-780d-45e2-b837-b3a797bb1b80,2022-06-30
"0a5de845-b632-4e7f-8c89-09bb6435eef8",2025-03-24
a74bac6d-4b5f-4292-a3e9-62e4cb6c3fc2,2022-06-30
dfb5bb5d-9310-4216-ba84-48d1c874bb59,2025-03-17
"1e86bce1-06ad-4849-830c-dc9b31749319",2025-03-24
"444b00e6-3703-44a1-9231-3095df392b46",2022-06-30
"84911ca4-998f-4856-83c9-ab1b6a84835f",2025-03-17
