"id","draft_id"
"00214384-29c5-43dc-8793-68789f5dd173","5b34604a-404a-4951-92e0-7b117b48e707"
"006498dc-c2f3-4ff4-8d2a-92a82a816b97",a7634dfd-371f-4b23-a358-a92e5bfa858f
"00fb1ce2-add8-4c15-8c2f-852a6873f4b5","85efd689-b8d0-48d7-a7c9-39f1814d38ee"
"0144d41a-82b4-4a49-9df3-dbc500c5bcc7",b1fddc5e-57fb-468c-a972-1bf05664b36b
"0168bdc8-5e32-440c-ab3f-b92de9b4d547",a99a2240-6c8a-4ebf-8b02-78ba9d57178a
"03f4fa20-f3ad-4c6f-b671-24a38d171f79","144ae507-96d4-424b-a098-8bf38741e7ba"
"056119f9-e38a-4b13-8f63-a08153396632",d5b4c009-4aaf-4c9f-b7e2-735630e94e9b
"059100ab-66d9-4679-a16c-7fa4ddb8c8ce","18b37052-4535-4649-8fcd-4eacf8603385"
"05af58fc-e7fa-4552-a7b6-fc5defb76040","1e598182-5797-48f3-a7fd-6262fd0d5a44"
"05e2f4f7-ac37-49b8-95e9-51eafbfb9b45","5befc72f-0d6e-4aea-addc-be50b6c1a02e"
"063a11a5-4087-4ab2-9a4d-1834f69d003f",d295a410-df94-4687-b78c-bb3ed5e294a9
"06502999-2bc0-4bfa-b7e8-4e8185a3c040","32386f43-e767-4268-830d-cdd11b1ffae5"
"06650392-319c-46a6-add3-17f7a2a416f3","52b183af-f695-4198-b932-1a23e8eb6ec0"
"068a741c-43cf-4ed6-9b2f-444e3e20ffba","974ba839-38bf-4035-a761-f250ef007a40"
"06c876d1-b745-4da7-af0c-9d1a0b5b5bab","65ad8d3c-f62c-4fff-ba8c-cdc48d1f3f25"
"0734774f-093d-4595-901d-725b15888dee",c3b498e9-a239-4122-a1e4-dc69a2e829ae
"07df4d48-e3bc-4286-9fcc-989d4d14a2a9",eeef2600-15d1-416e-afcd-5d1c0e57617e
"08d549b7-f1a8-4b3a-a8e3-aab0a1cebb5c",a9074f10-3a23-4a59-a634-a0f64f1dd988
"0a2124fb-91ee-4110-8940-53e62ec7ef42","28ead34f-1422-4b3b-a35f-39b4d213987a"
"0b55f1ed-8c15-40b0-8842-df2b816620a8",e7619aca-74ec-4ca7-99e0-7217583faa25
"0c1bb114-cb03-4ca1-896c-15e8bef577b9",d2b290e0-71b3-4b6b-8e29-f8a89798f60d
"0c7d5817-b66a-4734-a186-e44294626f5e",fac8db87-2002-430e-8540-9e9d25df31aa
"0cbce6e3-90d5-421f-9f8e-c338552748e5","0f480291-42cd-4de7-8477-7d8dd6e713cd"
"0df6608d-3f30-42c0-a430-4e857d45208a","80d44691-eb10-4d66-93a0-749294f77c07"
"0ef40059-c468-45cc-8a6e-344829de9d07","1bde2149-1f79-4e9d-b90c-150789c1a2c8"
"0f35d86e-ae71-483b-897d-bec0785eaf9f",bf9d9ebf-a513-480b-85b7-94c448b1b689
"10b5acfd-5755-4105-95dc-d4a41846e038",b2dbed71-fc6e-4b22-bfce-6ce382cb0459
"10c8ec0e-dda5-48a0-8011-7d297141aa62",faab1d5b-7e9a-41ac-a0fc-aa7f3a5f7fc2
"10c95ab5-ba3a-43d8-a6a0-4794189c6142","1ae73670-c26c-48e3-bcee-ed881a66cd9c"
"11bf8043-5632-4876-a308-f7ddc807a6c9",c9ef9714-4e55-45a7-add3-b03b7b59179f
"12513419-f209-454d-b67a-5df258b6d6f1","72eba291-b6fe-4e1c-aa0d-faa5384b467b"
"13e3eb9b-28ee-4145-8b5d-930b2e49bc1d","5122b935-c03b-4df7-ab07-b97f68b7ce45"
"16e6baf4-b77f-448e-ab6b-fb827bb2e922","3d39537e-9cb8-4946-8f66-c65c5642756c"
"16ec87ee-ee9d-4e75-b7eb-b5a8aa86b0e9","117cdc3b-394d-4860-9c66-96ef8f087005"
"174236a7-5d53-41e0-b90c-90dee136de8c",a06df285-e5e0-4dd9-a5ff-2a9881d9198d
"1896362b-2800-408e-9396-26e40de622c8","812b0ef8-7124-470d-8acd-aee50fc8202f"
"18f90510-30e8-4fab-9c8e-6dbb13333aae","9f2425ed-17fc-4746-b4a4-9073251b2f57"
"195f5927-fa06-4f35-b882-c18adf6f3355","11be3620-da93-41ac-bf36-1ac52855a154"
"1a2d9caa-3655-41ea-8e16-9b655b8c02c0","526ad671-8154-4ec4-b6fd-a85f178f1aa1"
"1a991993-11fe-4d8a-8abc-ecd1b9b11995",a11b7caf-c1ed-4353-9534-f546410b8bfc
"1acde5d8-d51c-428b-9f47-5408396bda88",e21637af-828a-4793-9ae0-1ebb8122c11f
"1c299edb-9f7a-478f-aa81-eb8aaf93b4f5","26b1018c-10cc-444a-996c-d7a50fceb2f8"
"1c74c065-2fb3-4634-9417-5937f15d2796","5a3ab606-4e9a-4990-9a24-237e731b4c20"
"1d425057-40b3-4a88-aba2-5a20108a7923","8a3d1569-fde9-45a8-96e9-414343cd9204"
"1d46dbb2-83db-4860-b5c5-8cf1a6868c33","68bd0b9d-f928-47c7-be5f-94c18d34f014"
"1d662f1d-cd10-46ac-9ac7-ddca19fa7573",c3deb2bf-e222-4850-a561-903b9e0affc2
"1db74102-0925-49ca-b9a3-2b0961d8fcd4",a0414bd9-b808-4b72-8f73-de2a6e0bf9dd
"1ecad990-0d14-40b8-b771-8bb5d2a4b71d","8a762c79-147d-4633-a96a-1307abf923bb"
"1f567200-9325-4c0a-8264-a22c86a02d3d","9d907787-44de-4239-9a5a-b978486bc4b8"
"1f75ac58-b64d-4e52-8c23-bfc58bf7f064","99b67ad5-767d-4d2e-937b-6396413811cc"
"1f7c583f-7318-45f6-95c1-732979f52876","9abceeb1-0d25-47b8-a67b-e9aae978a7d9"
"2176e6f3-b4b9-4673-9c5f-6aab22b0857f","6b3cb308-838d-4e13-952f-7d422278c069"
"2192c025-ea20-4afb-a6c0-82dd03ccb2c6","60842e15-04d9-4808-b655-09175f439903"
"234e7497-ac7f-4a5c-8857-f143884e9f26","4e8b675c-a2d6-4611-a6ce-850710482afb"
"23956b27-aed1-4010-b6f1-e1c991199707","69951fdc-89e4-4d4f-90e1-a37afb8db8d7"
"241d67dd-da1d-42ff-8e99-4c850b7a24e2",ebd431a3-7bec-4ae9-90aa-c25a7acd2891
"243887e3-2197-4de9-aa5c-17a378c9c9e5","910e76dd-4f7c-449d-8769-a815ae6041a9"
"2572d227-4bb6-4173-8ebb-35570838e013","5c1326ed-7fa1-4cd0-b336-a8a968c69b70"
"259b3b8b-5c49-4b17-b5b7-a1c56ed3a2b3","300d1a69-7bfe-4d5c-927f-e2efa08ff742"
"27737541-eda0-470b-919c-a7239803aa1a",e8249396-1a1a-4aa1-a062-45bf923a793b
"284b38e1-3b18-459d-af4a-42e49f209592",c669c00a-0ad1-4ea7-8011-ec7ce1cc3ef5
"28714caf-d0ac-4ebc-8905-57fa7f80cfed","67039917-4e60-4d8c-8e59-c66238201d88"
"28adb4d6-22df-47e4-89de-7b01aa31a265","9d5d0738-21f6-40f1-a51d-a8d913d8646f"
"28c53780-4a97-45e2-b829-0b9e145bd9cc","323e4bd2-a468-49b5-b4a5-0fbe17d50244"
"28c91250-7513-4f69-a321-867adf40d272","3ae28710-af89-4d61-8e1b-d5d252e166b1"
"28cc66cc-e348-411d-a36e-64922a634331","91a4ffcf-2c95-4563-90f1-2769f72c575c"
"2a36a9de-54b9-4c50-a14e-c9a6699fbb2e","56416e2b-bae6-469a-b6eb-4fe5909ae1c8"
"2a762526-08df-43a3-bc5e-3da4e181e3db","80393bb3-d348-4476-b5db-decad580de5f"
"2aa83c51-ce34-4c77-8e8e-06918aa845c6","0e7390a6-cfe1-4564-b522-6494497000cc"
"2c6a0d1c-64cf-4198-a249-29a687da8385",a11830de-769b-459e-af87-808650614a87
"2c6b069b-9d41-4dcd-96b0-3fa797708a40","9b58438c-832e-4ca5-a5d8-e89c7d6f7764"
"2cb586a6-2f3f-4d22-a260-5654aaea3385","8a437997-f5e0-4f89-a691-fd8457422337"
"2d0951b4-97ef-40ed-a22f-87efee23d5a7","1ccd634c-66e7-41ee-a07c-920a48b17423"
"2d4ddf09-d6f0-402b-83d5-7efd90ebf9b2",f88a3cde-d149-4e94-92ef-953dc03edbe3
"2e2f6623-a39d-4e5c-8342-9ff5f60bd103",dc9415c5-7cdc-48e9-9bd8-0c3f41d59a60
"2fde4c3f-9216-4497-bf97-bd0b8f610bee",f6c55a58-801e-4e32-81e2-b98c4e4ba58b
"314dc361-053c-4903-a404-a6a81b924ba1","10aa256c-6a5f-4270-b825-660d2807d30a"
"337907e6-f992-445b-a31a-cd96c34e8c80","19965126-7d2f-424c-90d1-c315f5080c99"
"33eb1f94-331d-41af-a6f8-2d180c5427d6","850d1e28-39fb-46e2-b286-ccdcedb2399a"
"3489c80e-d996-4005-9459-2565bb943cfd",f6cd9fef-24ad-41a7-911d-e1f6067d56b7
"37036c39-c04e-4429-b121-dd15e997fef1","450121bd-52cf-4602-93fb-ec0e45189ab6"
"3784646c-3cd1-4b4f-bf4c-73ce38771b88","55687878-d913-4caa-a21d-54c983743d42"
"39751590-7e0e-49f9-8e57-dce05b0a87f5","94cda846-7f1c-48a6-9b83-74300bc58bb6"
"3a039dd7-5bc1-4b96-affa-fc9d7c2df11d","878eb446-72a0-4b08-aa9d-a165ae0ec6c1"
"3a0bc984-bb3c-4c07-8b4c-8eeaa35080d3","896d0371-4ef7-4d42-bee4-3922ca33f575"
"3a270bb5-7230-4336-9e7e-6d203813c676","47218f20-ce24-4fbc-9ec2-5a303335cece"
"3aca6f0b-168d-41b3-8150-94e6a24f056d",eadc2778-07d3-45db-9e19-65b52a2e3234
"3c07e28d-1a5b-497f-ae5d-a887b48c7b51","1a069714-7e86-49bc-8eee-2460a510fd1b"
"3ca5739a-cda2-4354-87d9-ce3815ff69d5",dc8964c5-6650-438b-bdb3-24012b9c6ca1
"3f1b3f89-700a-4b28-97c1-b36fd565e07b","42cc56ac-a9ae-41bd-9745-68a2bf9362fb"
"40275c76-eeb7-4d3b-ae6f-0fd7aae511b0",b2c197ca-a269-498f-a7dc-5642cd5825ee
"406cbb15-8414-448c-ad3e-8bb1601c29dd","25952d95-6ddf-421d-af78-9e68cf93e922"
"41893c47-9b76-4d16-ba3b-9c2d60969ed6",b3c06513-ee8a-4e66-9374-9910c815ce2e
"41f17b4e-2622-4914-a2a5-1f6012a9adbb","7012cec0-8ca3-4f3d-8900-4bc3c8a24aa1"
"42334315-c9c1-44a7-ad30-f0e292ccbdd9","647bbe5d-5873-436d-b0d9-20fe9455c240"
"423bb1b3-a5ce-45f9-9dac-0ae4893063b5",e9cdc2ee-e320-4457-a966-903c406ac74a
"4340eb05-1e5e-42bc-a12b-d2721159d6c5","6a26d062-d3c5-4436-bee6-b64603a6940a"
"4388668a-5287-473f-b749-0163f02ef34d","697fbe03-80e3-4abb-a833-6ae90ec62ec2"
"43942062-cf22-447a-81ae-1813fc48b259","74d7f307-a872-49da-bb03-83df1bbe0e00"
"455cf1aa-33d8-4323-937a-5436c7c8008b","8878e7b7-f07b-46bc-91ad-0706addcfce6"
"45d5ea39-7c80-4870-8ee7-caec9b915cb7","4d9b9db2-917c-4fe4-9f72-3b8dc6650874"
"462032f7-11d3-4e7b-81cb-b3cdf4f1e603",c568c601-c594-4d09-aefd-60835fffc5e7
"46eb9e70-7c49-43ef-810e-14a34a25871a","16f220f1-c7ff-4628-997e-2e31e31d79a7"
"47751fba-1e52-4a23-841a-61befdbdc91e","8e7e454e-4acf-4d48-a57a-9b4427d00b83"
"47dfdd2c-6260-4386-ba8c-f98719286575","3dfa5437-fafc-4180-9c22-8d542d6915dc"
"488c30a6-81a4-4171-be69-89dab0f63826",a16a1d3d-d722-4faf-b3e7-61a4105df705
"48e80f65-3560-4234-a346-f774faab8511","8d05e361-a381-453b-b5f1-a5a0dce736dd"
"49501e4a-2307-4017-956e-5000a43b57b4",a469a0bb-b5e5-44cd-b6e1-5a6f5c48feb9
"49b69013-5053-47f9-8b8f-ed5948eab653","9ed444d6-0938-43a8-97da-8d11b863f1bb"
"4a19ae13-b8b8-4922-9f70-e8ba3a0e3566","099d28dd-26f3-4074-98ad-620975a0f920"
"4ae300c3-9184-4b9f-a03b-4c6c8f14eefe","021d8222-b169-4f9b-8cfa-0163d08a6b62"
"4af15cd5-0867-448f-959d-63e121e08cd8",c25dd6a1-0ee3-4334-833c-7952bcfb78fe
"4af7668b-66d3-4daf-8ff1-4eb2d477f0b3","918d5de8-bfa6-4050-a34b-36ed89a847e1"
"4b08c0c9-6f91-4abb-9bdc-e7b811794fe0",cace339d-5195-4fe6-8f55-a61b4f5fe67a
"4b119a75-55c7-4f72-a28d-0c86bae1c4f8","67d674bd-4862-4513-93de-b2223240ed2d"
"4c06af25-e21b-4784-a7f7-ce4acca7a800","297da054-5c5a-450d-a077-433c6cd0c118"
"4c2d067c-e9dc-4895-a7c9-2d7923caa52d",fdab7eef-e486-4c11-bcff-a7f37874bab7
"4e186448-1756-42a2-9fec-3eeeda953c6f","4e54656c-9a28-4d31-9021-ad28ebca8824"
"4e503744-b2e5-45e0-8615-7fac697ded49",dce54f7e-bddd-41b8-90eb-4c68d47f5f80
"4e5761a8-2007-4c69-8b25-117a7aa92d3c","3588e7c1-42ed-4cee-b83e-9cf014309b10"
"4eddc9b5-4d19-4f47-9582-b9ee2079f281","0ec35dc6-3ec6-4285-a4e3-914afe3b656d"
"4fb23f74-dcdf-4fe3-acc8-ce7750b23e9c",c75efe9f-05ce-400b-a59b-9002a167204a
"50e54d0e-c654-4a77-a574-46ed6eae786e","3eb452f6-037d-4cb9-b0d3-15a96d391adc"
"519bbd21-d07b-413a-b833-5aa0e2b3ead2","9b8bcd27-dd4d-4461-baff-cc3cd6941b4c"
"5385b980-b940-4138-bdf9-f3061eebe34f",e5be71cf-d991-41ac-996a-f88db567c5f2
"541f19f2-8dd3-4f54-bfb2-0f85ad891fa5","6c28036b-2896-438f-8f82-5e97a7c827c7"
"5449f148-5def-4493-9b09-bd1639b28fb1",e62241ad-e76b-47ee-855c-041a5e753a11
"546f0c96-bd41-442a-8729-0b946d6ec634","73c2ebbd-4005-4aa5-bbb0-d5c71a62f530"
"54ff4499-be5f-4705-b152-5919321807b8","1c07172a-d0fc-46b7-a599-8d1289d02128"
"556e149b-82b9-45de-8df3-cf645b520657","33ce92e4-4a86-4c67-b75d-79f6f1380867"
"55728a22-d3aa-4ed8-8dcc-eaa1ef2d9a04","06083dda-00ab-4215-a597-ff70227c0bd2"
"55cc1770-cdd4-456c-81cc-3c4ed57a47d0","33697c54-2e50-4c21-80e0-d679cc83bb5b"
"55d6c021-e485-41cf-9082-82fd8d8291dd",b32b2777-584f-4b90-9af6-e3a327631c52
"563842d1-4136-4be6-9300-565d64737aea",fe8d1f9c-c915-498a-8ce8-089383df55a5
"56f623f9-81cc-4ee4-bbdb-7993f250bfe3",ec526468-89f5-4b7c-bd21-ecce07853220
"57f9c1fc-7342-47a6-aa09-a132d7fbf0cf",c06430fd-2ba2-4a28-91b9-7896650899a6
"581a259a-e3f6-451e-bcbf-ea4ccb4a78c7","63388810-2643-41d2-9a69-1c93651bf3e4"
"581cb8c0-3c6d-4a35-a561-d36046873ea7",c7b2f9fe-e314-461a-a7d6-f47a7dc1cc91
"5857dd5a-589a-4ff0-bf82-594e3d73bf30","43dc286a-6f65-4714-9259-ef910ad269a6"
"59ac4ee7-3126-43d7-8830-ce65a27436c2",d6a42926-2d01-4af1-a136-d2250789c800
"5a08ea8a-1077-48a9-8520-ef872ad40839","2d2d935b-6173-430e-9fbd-2a4e8645b823"
"5aaa53fe-aacc-4f3a-b273-6dc81b9c9151",b345decb-a7e5-4d0b-ba7d-5f2c521f93a0
"5b55feb6-d6ad-43f1-9b20-4c18f171f750","4a7db6e5-4876-4d77-8ceb-145405bfdfe6"
"608e91b8-85db-448e-9817-75b8538c3ce8","0754606f-4e74-4655-b3e8-ff567481e294"
"632d1367-e60f-4b52-bd7e-3fd632499031",b05fb914-d305-4307-90fd-5d7fe6b471ce
"635502df-349f-4adb-ab2b-b10eda157969","83bb9106-d6d0-446d-b344-8c597c0b5b09"
"63786f6f-611b-460b-aea0-4ab32b7c56d2",fe806757-3b4e-49d0-98ac-12970faffa7c
"637cbca0-1ad3-4e57-8530-56ba654d92f2","28bc7cc2-5e42-43ab-b1c6-288e686f7cd1"
"63cf29ce-669d-4832-b644-5fa3251279b9",d6b22e85-139b-40ee-a152-d0ae2f3ce226
"63db9f25-cd1d-4c71-9c55-b831d8ddc66e","138c61c1-b50e-4541-b232-0f3690b9f864"
"648ff1c0-aea9-42e2-920a-0d3eae10f1df","916cd2f3-b603-4d2b-94b8-5fc5f66ce9fe"
"64b7bd73-0710-4101-a0de-7ed2017ed751",ef933e38-5df1-4197-8075-1f64b1a46871
"669f5b93-cb9b-4071-a8fe-355fe8e68c92","922208d2-4f92-45a9-abac-113b2171e5c3"
"672e23a4-4c1a-432e-a0a2-530445c32441","50ea7a7b-798e-4ab3-8b45-2593e6a740b9"
"68adb68d-37d0-4f59-95a8-e6032f168930",fd794b27-df5c-4ea8-93e2-72e27d4e0756
"692b086b-0397-4a83-8170-5f63abca1ee4","40536309-f349-44cc-ac31-88b11b218225"
"69535b85-162f-47a3-bb4f-483c512a5c93","3e787702-e24f-4a0d-b2b4-4ee9b284f102"
"69dbee3a-5b1f-4021-8bc1-5963e7bb03ee","3c09fb5c-8108-4b4c-9b08-77a836814ac6"
"6ad43a1d-79e4-43ea-b743-c6ffa6ea9340",a91a6e7e-d2bc-44f8-bbc3-f4dc57127910
"6ae98420-74b3-491c-bbd0-870103c8f659","55a81771-c33e-427b-bbaa-a2f7c190926d"
"6c1f4472-0249-40f3-847c-531442b24690",b7d6ff6f-2dd3-4363-adef-5bf2e8fe6256
"6dab4fba-2785-4a44-a612-ccf4f0a3673a","98f7d2c8-4acb-44d5-97cc-16ae7046b746"
"6ed55e82-e7c5-4ffb-bda1-494f7d80a925",d8f91d3d-d590-4bec-9db0-9acbc6718888
"72098695-9c53-4e78-9569-82ec75836ff5",faf5fb50-3452-4aa6-8517-7629ec5846ed
"74efef4a-032e-418e-9a24-45b8910e371e","8cfedb6b-38b2-4d7a-ba6f-13ce1e8be7d7"
"757be5f9-8ff3-4d50-9ac4-3e559278f8d5",f3185436-63da-46e3-84e6-aad5c0cc300c
"758ee225-16de-4e37-8a8e-6104e465cec8",cf30c944-0e91-448b-92f0-628293dce8a0
"765ab377-aac9-49f4-a3d0-6bdcd1f06137","503706f4-7184-4dce-89ef-05c2ba9eaf6b"
"784099e2-61e4-4149-8a20-e4892af765f1","1ddb44ea-7598-4d19-a6ca-0605192cd76f"
"789c7e7d-ccf2-42be-9113-df35a16e6a52","162887bc-9c5d-4e2b-9aca-8ed2e58ab670"
"79c8a896-3398-493d-b0ef-1dd0f797056f",db9d722a-619e-4257-b594-e6e79941eae9
"7a01bd8e-011d-4afa-ace7-4a7251914675","8c757241-8b40-4e21-8335-e66507ab3849"
"7a20eea3-d5b2-4531-9b73-07dc0328306a",d957a8c4-c2d0-4cbb-898b-5ca199fdef1f
"7ac9bf89-081e-4853-a979-97496b44c46d",ce63d118-38af-442f-b245-be645b796226
"7b3be88e-1850-4c64-8eeb-d95ccfb3422a",b2a8ab4c-494f-42cc-8531-8c2583ac4a67
"7b6e751b-2602-45c8-b619-da6977cf165f","4a20dafc-cb75-4858-b938-b16b406af897"
"7c1a1c0a-c617-44f2-a8f7-0039d2c5db35","0474d3c0-268d-47fc-9a29-44314c3e6480"
"7c1d390a-64ca-4958-aa51-fd10703feca6",c5d06d78-f98b-4352-829c-7ac5510a1d3a
"7c5dbe78-6b4e-4334-b2a1-9beb876de947","8615b1eb-5e08-4018-be57-49dea1724315"
"7ce19369-172d-4749-82b9-9b64344ef260",bfa97ed2-edb1-4f7d-bec8-d2575a689ac1
"7d27ccef-e764-40f4-bca5-cff910408d7d",defa306e-1bd4-440a-9ff5-1d9af35cbe9d
"7da2a7d8-f507-4c46-ae19-54458f484e0c","47aa102a-71e4-49c7-8d98-db0c0904dde3"
"7db7c3bf-d73d-48ba-9caf-812a0c4f0eb4","302b2148-cc0f-4e7e-8f3b-b2ef762dab74"
"7e017bee-e01c-4057-89b6-c68086047390","0b064375-dddb-425b-85e5-4d4db36cb3ff"
"7e1b36db-291c-4883-95fc-493e4b12dc3b",efb7cf0f-e8ff-49c1-80ee-8392a7bb83ea
"7e890883-1942-4751-b9c3-29c574b83185",a53e93ad-d781-44ee-95b5-4c4768387ff3
"7ea02fbb-4fec-4a44-94be-202d34e8133a","830e5494-852d-4027-bf31-ade4d9a155b9"
"7f0a98a9-767d-4373-bbfc-0fd1301532e6",ff363d88-a497-4362-804b-a2c9511d666f
"7fa6d2ac-57f4-43e2-a3a9-5ddbd0dd7882","9bf34cbc-51b7-4153-8c38-ce7910c230a2"
"80633395-7a30-4deb-b5c5-85eae5a800fb",e1647c90-8118-4c32-8ace-3af5f395be35
"8178436d-c00b-4461-a774-55bd2eb6e8ec","2a7c0d23-0c89-4f5b-9c41-f77ab1702250"
"81b625ed-bad8-4219-b048-4b519f0ccd97","30340497-be6a-4b4c-8026-6274e4e1c8ff"
"841a456b-0244-4b7b-8116-f39c898378c8","8e616bc9-1d1c-49e4-9c68-d033faaa28d6"
"858a7ec0-071f-4a64-a14f-a0df7d74c09b",a01bc796-e43b-41a2-a762-e516814c1841
"85bc43fd-6391-4f12-aca4-b2e57711bfa9",aa038bb4-4b29-4e36-9138-5560b19b6d7b
"864eeb21-e743-46e8-9664-d904a8d163bf","71cf5c14-7ffc-440d-b643-c2ecd92969b5"
"870efb7f-c008-4545-9ffc-b5cd4ff9bdf4","81afadb4-7416-40ec-9e01-adc4bd6eebfb"
"87a69e3a-fae1-4281-8d0b-d2f9af2f5088",cf5a3ba4-44aa-4f76-86d9-737725f30284
"883a5301-08a5-440d-8784-cb3e1751cb23",cfefffc4-377f-4034-972e-c36acdfe4e7d
"895651fe-b770-4988-b4b5-63f556dbefe0","5fe78b83-894a-4001-8384-c8ae57fd8c5d"
"897dd4b7-c6f7-4fd9-ac1f-0314592a9d5f",af726a83-173b-4c09-9d45-e8253f9de0e9
"89a3b299-3885-41a7-a830-413184a13ea2",ea8171f0-bd2e-44c8-beb5-d632e611ed5f
"89a809ad-4ad6-41f0-94d5-3841ae38dd3d","400d5869-fc99-4f88-9dd6-fbbe4b3a67e5"
"8b9a6ca6-8fb9-4d45-8038-32fac3c72808","3eacfbe9-0089-48bd-90cb-a8ce1bb72f16"
"8c489046-a821-45e0-b955-a7c1238e4543",af5fd1ec-65d3-42fc-9f02-e82dd069a8c9
"8c63411e-a74e-495a-9420-b3385fef1424","7dac10ab-502e-4c25-8962-dd3bf22b3f41"
"8cc184a2-655e-454c-b9e8-232cd1982a17",cb21e476-29ec-4b96-aced-9901772256e0
"8d07d018-0789-42fd-bb1d-5ab3ed2dc42b",f8d983c0-4d4f-4fa3-aa7b-42ab877bf01c
"8dbd27d6-cee7-4a0c-b305-44ec38ebe34d","4a518229-113a-4f2f-a687-1678c1b8bab2"
"8e3bac1f-44c6-4813-8a27-8894a8b3247f","627ce97d-3895-42f5-ad4c-8d0a750f81aa"
"90a933e7-7cac-4976-8867-5d4a256660bf","6ce3836c-02a9-4a99-8b28-5cda096790b0"
"91157c14-3661-4774-92d9-438685e11fc8","09df42df-0b32-4201-9725-526aee897927"
"91cc7e85-f4e0-4dcf-ba93-23eb7924806a","1c87ea9e-6023-4c78-8ca8-e1348dc51818"
"92d3b49f-6d13-4f7b-a846-cd218c851a33",fff98f66-b2ec-495b-a49b-9d5a671e8c24
"93ab91a9-89f4-4422-b922-be043326e8ce","77216d25-4a74-4b3a-82c8-516999fe711b"
"940395ac-8b80-4796-aa74-f3d0f7027892","29139dcb-b4be-4319-b626-e03584d3537d"
"94760a64-0aa1-44bb-9389-8d2be0d4ba83",b1626d79-83a0-4ba6-8fad-e390820d072d
"9512b7c9-016f-4289-94ba-effab6ae6ca0",c30d08cb-6799-4c01-843f-357c6157be5b
"955ebeb8-1e66-4fdb-852b-43e1cd87e712","7216c2d5-e176-4382-b048-10ac7ad25e1f"
"961df5a6-2e92-423b-b1f2-b66287b42f8f","315c10c7-981b-430c-a4b1-f1b2b37233bf"
"9757eaee-fdbc-4c7b-9857-f92c21032a2e",a5aae4d9-2ec3-4fae-a77a-a863f2c718f8
"9ae7fae0-9ccf-4111-9f0e-bb9806b2061a",d7ab4637-8376-491f-8f1a-c8a3651405d1
"9b3c559d-9bb6-43f9-b883-7b11a2c8a500",d586fc24-6291-4521-a29b-fc6852e088a7
"9cb75bf2-fea6-4805-9e47-a8312c03b7c1",f14a2717-31fa-4246-9a94-286812c79122
"9d226d69-fa6a-4078-a76a-cf3807786ce1",f45ccefe-c158-4bd1-8803-31a229f78c10
"9d2f3a02-077f-4333-8610-a0e31bfdcc5b",a03f6f2d-f505-4051-ab29-a059bbe7564f
"9d657e07-b5a7-49c7-baf8-7b3607a6de24","6921db42-e5a1-4f6b-9fd3-eea25d0ca633"
"9db67beb-2c33-4361-8f58-2ac667c98403","2f0b45bf-e1f4-45cb-944e-fccee2d0dcdb"
"9dc83800-ec99-4d8c-acad-d4052bcdf53c",bd10427f-c065-4db0-92a9-9e4282b03630
"9e18364b-501d-4dce-ba20-fdc7ab8d321d",df598849-e608-45e2-a21f-5f64272a783c
"9ec9aa6d-8974-4c09-81a9-f01f37f6586c","6d250ee7-39ec-41b5-bc46-1c6575c61416"
a002c1c4-ea6a-415b-baf4-9cae228348a1,ea28379e-8b51-4d8c-ba30-d327cac1af05
a0d67323-3e89-414f-8cdd-a982100013d8,f4eff735-1f2c-46ed-aca5-d9c3b0d0de91
a1687af5-daf8-4e14-b7e4-9bb6ba39fba8,de0a36c2-4fae-404d-ad19-5d00f23e6989
a1835b47-5df4-4cfc-b6f3-eea2beba4974,"0baf1697-4f58-476e-8c6e-fed56dd63109"
a1fe8b24-a714-4d97-8b4e-249a8a0d6517,be9d72df-8d9f-4707-8ff2-8f899379c360
a28de28a-3f90-4e4e-88f0-435ffba33b85,a4bd3e53-80c8-4614-b5ff-06480eeed4fa
a299581b-ce33-4057-a651-30343a4904b8,"98c98d68-702e-41cd-8fa4-c8e212a68546"
a3759d7d-8917-4c3e-8eed-da6fad9dcc95,c48d94a8-10d6-4a98-8b0e-cfb9f0be67ff
a3f55519-c1bd-4854-bc8e-71cf705ffd16,af4b7064-b86a-4104-aced-e91ba03da82a
a4a3ce4d-48e4-493e-bb46-ba6bd21b3b28,"486148f6-b0a2-409b-960f-275277d2bf65"
a4cbf227-bdff-4c3d-9ac5-c7032244d0ff,"90368a14-f377-4dbf-82a9-d150c098a18e"
a96d387f-b2c1-456d-838f-453fa2f9fcc4,"5e2157bf-fdd5-4fe1-9cf1-0d92a3037178"
a980b77d-670d-400d-b53d-9dca84bc6134,"6b925ced-9f3d-4016-adce-d102351d9e2c"
aa0353cb-6b92-4395-b74f-c4dc2abd9875,bed16451-5501-4af8-9497-770383430bb5
aa718683-5027-4b53-807f-974865a3e7e5,a4546d89-01f7-4c4c-8e93-84c0b2582616
aba34416-216c-48f9-9063-7fc7f5d4957f,ac8f6ef4-3223-4226-b358-b6cd3a3b8e33
ac37a54f-8cdb-4523-be5e-aa626918c846,"253b856d-459e-44da-afeb-a1b03ee53a43"
ac675b5f-9fa0-4b9a-a593-9450064c3b8c,"8a631c4b-916b-4723-8bfa-c4ab2baa2617"
ad8b1218-afc3-4a7a-a4a2-e1ab60a4140e,"9e7dece2-c9d3-4756-9126-1a9beeba7d4b"
ae1b64d2-03ad-4ad1-b77d-9dec320fb8f7,d0113431-158d-4b47-8a85-c8d273dab112
b02de0c7-f836-4175-bd65-837caebd349e,d8e6f551-acf7-4fc5-897a-260b010a45a9
b168cae9-ab0f-486c-90c9-b22e2e9c188b,fc029407-d1a4-4962-bc96-9a28cd93c173
b1d86db5-6e4d-4d0b-bb73-f77432ffbd4e,"451f5dd2-6d01-4a34-a05d-9c569a9a03de"
b1e53c8d-6475-4d5b-aa4c-b8ca7d1ff21e,fe602d29-5351-41ff-9ee4-589051c13728
b3411d46-fc88-46a8-896d-4d058a09d68a,"74df5527-3e9e-4b83-bd6d-a0de06e7a476"
b3518528-e980-41d3-8466-fcbda396c2b1,"7feeeced-1ab9-421a-819b-69ec76deb3ba"
b397c261-82f4-45f6-a2f3-d1ca7b71e320,"26f0c3a2-e6ec-44ac-ac56-275f0ff94f8e"
b42d9cdc-452d-4acd-8e62-27c662ee5024,cc8a3dd8-f1e4-4bf0-890f-afb463cbed84
b42ec08b-ca73-4509-ae98-7107d30ddf7a,c6fa1762-d5f4-4cd1-87b6-ca78d5f4d6c3
b464cb9a-7ce3-428d-b928-411a3deae39c,"88a1fdc5-1551-4354-83de-cbb45eed125c"
b57e9323-38f9-4493-819c-c09a2daea213,f592eefe-cca9-47be-b89a-bd28c20ec5c0
b7e13872-75d5-4307-b09d-8dac31b91763,"31e8bae2-02fc-44a7-9832-92420205e3eb"
b81c47e1-892b-4e20-98e2-5c911cafeaec,"50f9b683-a1cc-4737-8a78-8dbadacb2db5"
b829315c-e5bd-4a6f-8b42-a620b53761ad,d47c10da-441a-447e-8702-6b658d29bf7a
b82da557-fefe-4d34-9627-2c1239c4229f,e4b1f984-84e5-41ca-bea9-16d93fb97fdc
b85946f3-7420-4ac7-a1cb-23969e1b16cf,"4010b329-c2b6-4217-8718-94dcd7d74764"
b8a65566-d801-4ad1-8794-52c98e94524e,e1a97f66-d36e-4190-a0bf-2ff3eb823389
b8dd69c3-ad9f-40df-a9c8-104442f2d4f8,"2cf6a05f-855b-4275-bf04-be17158325ee"
b99906b0-3306-400e-b105-192603c090b2,d28b3def-2d8a-4148-b663-6062bfdeeb23
bbfeef7a-33ed-4427-b3f6-853f56f949b5,"56d6fc65-4a4f-4a16-b746-b8ec56d6c837"
bd1c603b-56e9-4c47-af27-af026d2b7193,ea8a8ef5-6372-4faf-a73f-eb0512abef2e
be1d716c-1963-4707-9eb7-2c16655f8dde,"547b404c-ae95-432c-bf3e-589a2f888c91"
be9a63af-a881-433d-859a-48b21cc5b265,"85523722-f66d-4be0-97b5-38d144bdfb64"
bfe64a72-595b-40b5-9a9d-e718e88b4eba,"783cd350-251b-40d2-a82a-1e19530e3ac4"
c03b6f07-c3ef-4809-ba13-535cba7b6b1f,c93ef049-aeca-4112-baf1-8ffe36152d57
c0cda4b0-8d00-4ae8-95c7-0b1a1a9e8208,"78b3013f-6bce-404d-96c3-f23bc45d1ac9"
c0d537b7-8e70-4f1a-bb0f-ff40b9f56654,dada16ee-59cd-4d63-bc5d-47491aef571f
c23bb736-4e9a-43eb-87a1-b06a1dc94df2,"5c9b1a87-8a97-49d6-b24a-eec66c9e45fb"
c26ac27b-2635-469c-ae88-0a7aa74ef24e,e341c35f-08c8-40e5-81d8-3db30014cefe
c319f320-e8c0-43e2-b9cd-c5b199ef2200,ebefe012-413c-4685-b9d1-70256a142d17
c3763945-c491-4536-a0c3-21b055744833,"99b55149-adb7-4ebd-becf-23959e854640"
c3dc5452-c260-4790-8801-4d57a4097108,bd99691c-fa85-4a0f-985b-9656fda72e25
c44a1515-f95b-4116-9f56-1ffa76cddfb8,"07a15e33-ffca-4224-87e8-46073efec33a"
c56b34fa-8352-4fc8-aa02-1efb817da48f,ed884257-7f7d-432a-a905-6ad222242247
c61db22e-9f6d-4f92-9b18-a46366afb5f1,"93582b7e-da97-46a3-a1fb-773845af3a96"
c67bf8d9-34ef-4677-ac36-3f33af3c4d40,"948d154e-363f-4677-95cb-6fe0260049b7"
c80f8190-950a-4f02-b991-aa4b69a8e616,"3be7fbc9-64d8-476b-b4c3-58c632b08f67"
c876d7e7-c3aa-41ad-a9b0-9cabf653726a,aec7bb37-72ec-4a6e-9cb5-387978576fe7
c92ea65f-8aae-4091-a82a-5b827216f2d9,"9cb66ce6-348c-4be8-ab7d-ad3bf2ee101a"
c9d8428b-910f-47ce-a065-58696f846ca5,d51b1e43-4121-4de2-863c-cf3853187f20
ca1752cb-b455-4494-be6f-5e72fd1cc8cf,"46c5bad0-f057-4dfe-aa9c-9ee63a594ce2"
ca5c1a09-b7f4-422a-a7c5-be1b6c43c924,"63627fba-b871-4640-88df-4edde83984e6"
caf9b68f-e910-4312-a8d9-ffbc06fc5483,c0044d5c-39d0-4826-a9ff-ae6d4cd04ac1
cb4d80f9-bacb-4fca-ade2-19367e77d18d,"39eac0ae-a206-4fd4-beee-f9d6b257dfc0"
cbd641cf-197c-413d-bfcc-19e483507eda,"22052206-bc08-4dc7-aba7-a10bf5b5f7ce"
cc37f37b-fd54-4d2d-9f91-96976dc8886e,"53ca0528-d400-4006-b085-bb611e964d43"
cc7289a8-5b62-46ad-a037-31f56cb85b78,"6f00ca47-189f-4268-adf6-e87cb8d9bc57"
cd23b278-0b93-4898-b0d0-80c67e40d784,d2405792-9185-4316-b906-9c7b5cc883af
cd7585ca-2782-44f6-8799-cc70d5673cd3,b7f59742-f51f-4dd0-b08c-ac3091ad7802
cd80d9d6-b502-4667-93fa-d6bb046b9d3c,"10eeea71-24ef-4542-a47d-8bf190c3e939"
cdb73de5-f7ea-4b5c-995c-faeaf62351a0,"7f6461c3-e316-4d17-b10a-fe4ddf5a435e"
cddc2eea-04e8-4710-af67-baf6b8313010,e043ebdb-0bd7-4de7-92e6-03a93485d2de
ced974d1-53d0-44e4-a8b8-bab1781faf51,"96dc67f2-011a-4ae6-ae2c-59f15336d97c"
cf679b7e-48a9-4fe7-b0eb-e1f1300e0f6b,"5da29ec2-275a-486c-8fae-badab3ac8f47"
cfddee5d-b7b4-4297-b362-a3038e34f520,"951669da-7574-45e4-b137-5d3e5c223732"
d084fca9-d365-4ccc-80cb-7abb4279885e,"555bd336-219b-4d34-8987-591e9db89ecd"
d2325249-8ac2-4cf9-8ccb-335ab236a497,"49ec3cfd-da6e-4f56-bd05-0ac67cfc4f34"
d3c47fd5-6572-410e-9e92-2a6079cbbef9,d3d45e54-dec3-4cc4-ba3c-6bcc9e4bbe13
d40d9a13-7048-4fe7-b24b-047776db2318,"8f1ca106-4b3a-4f62-82df-a1a847053299"
d413180d-79aa-4b9f-bf08-b46e5e2b219b,"600b2796-0f03-4eca-84f0-a696a4da0729"
d4845172-3af3-42d3-a53c-a67c386a97c0,"598aa07f-5b44-4577-a39f-6491ab844a8a"
d49c5c4c-e241-40df-b0b1-ec790912fdaf,"8386ca20-6b09-4b77-811f-893fdbd19a66"
d5b1a1f5-1192-4d67-924a-3a567a5d1554,"77c28491-cb2f-4f02-8731-a2dbcd344918"
d6557a15-a3bb-449b-8d0b-8c992cafd529,"323f3d10-46aa-4b02-b415-b2c78ffedc35"
d76ca7d4-6ec5-4329-a216-4a55139f3ef5,"6eec7b4d-06e0-4916-a091-da264eb57133"
d856a4c4-7dc9-4572-8def-6bc35ff0137c,f1a9f3e1-1ecb-4bec-b389-b3b5e59b05a9
d9aecb83-a520-4c39-bcb9-e8a32d4ecb30,"6f6ebb18-1b60-4027-bc68-3d4403b05e2f"
d9c81940-dee4-47fe-adf2-184b15ba4259,e9466fe6-83c1-4e20-a875-a92d18092cf2
da65e5da-911b-43e4-83f5-66377b2773e7,"5738014a-5108-4f0b-8598-c50c37a324cd"
daf9ffbc-775f-4c71-ae54-d236f53ae4ca,"84f92d8c-a6b2-4e94-ab3d-6b7b0fcc0a9e"
db63ac6b-f814-4fe6-a932-6bb51b20f5e2,"7f4b5b4c-066f-4199-a0ba-ab23fc434c8a"
dc580e2e-50ac-4989-a356-c6c361a8de3e,"68e35ab4-4a07-4179-883f-6fe9ce3a0f1d"
dc9eb703-595d-4c37-aed7-7cf622c1bd3c,d072c1ff-c9fb-4de5-84be-ea96abc7e22b
dd6f08b4-a3c1-4791-9f79-869b5ff418bd,e6b48aec-647b-4557-b6a0-e9f76b8fbc98
de66b805-93ae-42ca-9d0c-76dd2916d149,acbb20fe-1d7f-4a81-a64c-109f961aa445
dea3fbcd-4e11-403f-8835-5abc7ec188db,"375e1dea-ec7c-40c4-b631-fe87b9382bb7"
dee48527-6e31-4c23-8a7e-f47b7ff6fb3b,d3cc9324-7fc4-4801-8b2c-4dc583bfecdb
e058fa40-06b3-4cad-85f5-7bce2c57ff7b,"87f97803-50f7-4785-89bd-0b93ea3d0333"
e0673da0-bc5c-455c-821c-604cfa5c3b67,"713d68ff-f402-4601-9c0b-c614ed4def0e"
e0f530e1-efcc-425d-90bf-cc04f5818a3c,f980e0d9-2ecc-4352-8198-6875f836fec5
e1420d8d-80a9-447f-901f-d101120d159b,c5261d95-0487-4bd6-82f6-a21f982eb92f
e1fc7cda-ba19-442c-9645-69840172e1f8,"0333905c-04f1-41ef-8bc2-8524b7fc40a2"
e21180c6-1735-49c8-b8f9-372cf8ace08f,b5aedaca-4697-4139-b3d5-077941abd9a2
e235355b-29ad-4f1e-b90b-adb10d9eebfb,"54fb4fc9-4d9b-422a-8241-9644e740e59c"
e2561c39-78fe-44ca-89a2-4a8c01549eca,ba19277d-c847-45be-bd75-b4cd2455116c
e2ed70cc-ed6f-48aa-a6cd-3aafb56ad2cc,d36f97b6-d6a0-4741-b06e-bccfbfdb621e
e42869f9-4893-4c86-aec0-b455619444df,f87ee4f2-ccf1-4969-9eac-7dc9be5dce62
e4880f8f-27ca-4ca8-a44e-82fd811de000,"6214e864-de17-4b4b-a357-a7b461fe8658"
e4a4dc6c-2e72-47b8-93e0-954519c9dc04,"6af38676-d011-4ba9-830d-427b4278dcbc"
e56e90ab-6f82-494e-87b5-457251d7e59d,a422f5f7-7b4f-41cf-b825-e91299695fa0
e5b9529b-1a9c-4c47-8a97-5915be99f3d5,"357ca841-6152-4baf-b38c-a98b1feed053"
e5d28a19-eafd-4a8d-b81d-a404a84fbbd4,a903b13e-9bd4-4e80-8fc7-f1727e81caac
e75ac7a7-05fe-44d3-92b4-fdca590bcd64,"0579ebca-89d5-4fd4-8158-34561a0adc27"
e7722944-b23a-4993-a351-b4fb6a0fdc0a,"49a051d0-1af5-4601-96c9-73a6309781ad"
e7ebc59b-e8e0-4b31-9814-4e6c83345c45,a232e557-62f2-4122-ab57-327978c936bb
e8d13787-ce40-45ea-ab07-c152694f5194,e529f6ed-1e70-4d50-b89e-61e1d9d5fff0
e97e499b-f31c-4def-849d-50e604a46716,"53fddd02-54ca-478a-930c-f069b30cf9c9"
e9b089af-d439-4c5d-9438-79b3f35bd93d,"3077ea32-3625-4710-a209-255dfed11a1c"
e9b39dff-5adf-4940-a99b-5469cb88eb3a,"38468ccc-3fe8-475d-99ef-75c587bd6969"
e9dd1262-22ac-4494-ba00-15b8331d9ec3,"38ab5f31-064f-4038-994a-40d5befd8572"
ea3f881f-22d6-4d20-a952-17ae6ae21a3d,"9dbc1993-41b6-48a4-aef9-4414d8cfc1d0"
ea43caff-49d3-4ea2-959d-1e31c87bfe4a,aaf198a2-dd51-4c9f-a0e5-32e8053ae22f
eb4152da-7b72-43e9-b461-6aa40f88f08b,"7579285a-3b28-4f08-8acd-f2e70d4d547e"
eb49caaa-c90a-4e2d-aecc-94f59039032c,"7d513d21-73f2-4db0-8c9d-44f44f02d90d"
eb8e2d87-78b8-43d1-ad88-470633f8fd71,"23dc7540-0b19-42f0-9471-479332a585a5"
ec44d8d0-d087-4ab3-b369-919ae62d6e50,dbed636d-8e7f-496c-907e-8b012649ad8e
eda3aa26-b31e-4e8a-a388-eeefc2dc3335,"4d8c1fc2-5d64-4009-942e-8f4881561ed2"
eda8ee9f-5819-464c-bd22-671f64617764,b75bc471-101c-4a39-a519-41f3efccaf10
efb2842f-95fa-4f8a-8da7-666e483bf402,"9f6851bb-6275-4835-ab81-ca0dcb28ffd4"
efee059e-ab71-40af-9bb0-bdcb483335bf,"617a280b-ec34-4329-a405-83ea9a748c53"
f1d09677-f34d-4d04-9aeb-dc7237e22900,"995994e0-3786-4dd5-9c7b-0a7300ce8589"
f2c3ccfd-8404-4968-b220-70a3f6d3e125,d055c8f0-c2d4-48b8-a4d1-f2e188186528
f2f05e0d-cb27-482a-9bcc-477943697ea1,"46271d68-2d03-4d7d-92b8-9bfd8d076e4c"
f30b7f67-e62b-4f8a-8792-589f02d4fd36,"425d40c8-892c-479e-b3aa-88cde6ba7357"
f340509a-0019-4adb-b9cf-de1049648d80,"97c3343e-3faa-4b10-807d-46e05892ccd5"
f3407027-957f-4693-a4fb-06f84e388fa1,"76966fee-5797-4ed9-8a60-73d79df4c269"
f37e690d-f0b7-4b4d-bd10-8d5f61f40599,"3e32b2e2-448a-4baf-864a-750cd7dbf505"
f3902a61-8f86-4ffc-a06a-cd2b55e1c173,"249b6e36-93ac-4544-a09c-09e467efa20a"
f44d3886-e2b6-49ca-8551-2d3eaab1f526,"6787d46f-10c5-4b97-9d60-4091b1653e23"
f47cc7bd-b015-44f0-95d7-2e17b6d7845b,"9f720d3d-2b15-43b3-ab81-a3aafa8d9603"
f5c249ba-5e65-4beb-98a3-be4b91ec4624,e6c00d50-f4ba-4b71-b5c1-3a75969dd094
f5e4c391-30cb-461f-923c-173d5c7ccf31,f2491ed0-eb3a-451b-8bae-83a2adea7e81
f6940ffb-3014-4791-9c90-dca1b3bb955f,"8220f8d0-5cde-40e3-b1a1-b1609e453d3a"
f76d7625-14d5-48e9-aced-776fb6517b25,"2d9e2836-39fb-47ed-9ab6-d40a08c4c1a8"
f780290e-baac-47e0-8306-21ad75c73c75,f3f8f799-d395-4e53-97f2-7514d0daf536
f7818e66-4a9f-4bee-8346-b1be7b765c6b,f2fc3063-21a8-4e8c-878a-a9177e25b593
f8dc0c0f-170f-4c66-93db-67ea534b9a29,c24f0ae3-7360-4f16-b1b1-3e61b27ea81d
f969d692-ffc4-4af2-a8f8-fabffbb7589b,"677c1b04-67be-4e08-b35a-8e92105e77fe"
f9c35098-5fef-4a79-b805-2c0937f84d96,"636c615a-3ae5-4045-930d-bea21f4b8dc7"
f9ddea7c-e7f2-4cd8-8059-900bab30d606,c7321f65-ffc3-431e-88cb-339b7a79b841
f9e2c983-c76c-41ee-a32a-157386c1b90f,"9f69bd23-a2d2-4d18-be11-72a61c35cdb9"
fab2717d-30e1-4899-a293-e396834f115c,caf63b0d-df86-4ce6-91cf-b71190ec6db0
fb62a7da-953f-4500-96f1-ff98cd4bde52,"81bf79f6-72b1-4264-bbc0-84b610abc69b"
fb779cca-8c96-44c0-bff0-206a8408ad08,e85554eb-016c-4011-b736-d8dde5be866e
fb936a2b-2c95-4aeb-be1f-c904cf5a82b5,"4a244445-1e66-4789-9a49-5aba6b56d596"
fba45494-c321-4d3b-91e7-f76168b1a97e,"8cbce425-f4d3-4386-a9b5-e6cb4b9f2605"
fc032427-08f7-41b0-85a2-97ac0e1e92ec,"595023b6-d236-467a-83d9-1f07cebb6b6e"
fc0841c5-7fe3-4f1e-a7c3-dc65f989cb1f,"2bba3076-b4e3-4249-b610-45e6b94d7de6"
fc8827af-d66e-4999-b29c-715e2a7dd43c,"8366838a-29b4-4fa7-9b33-5e82c655a65f"
fcf55ceb-3cd3-47e7-9fab-85d260a9b84e,d9bd3ac3-0b83-4fd9-9d52-f12549d418c2
fd2b82ea-f715-411e-b1d4-e8ae3f0effad,"03f83e2c-3925-41bd-90be-e8bb60dde23c"
