"id","public_id","person_id"
"07b4fe02-e7c5-4724-ad0e-35df434a5034",h_Kh2oeuLCE9mB8m9,"072f2c12-6139-4680-a603-228465a91853"
"0f814eed-5ab2-4e25-9226-70cd3c1acb0b",h_YcBUKBQ6icFpDzt,"9808872d-ca42-4901-ae7c-1e8da997903c"
"105dd2d7-edfe-4a4f-bfd1-d0d734072465",h_Kgast6sg34abWPR,a0d92d43-293f-449d-9242-cfe78a669091
"1d582244-982d-458d-af75-9bdbbfe7e5c9",h_EsrNtgYUrpwdYGz,"4227378c-cd5d-4d93-b4ce-42370e0c4bbd"
"20bbe4ed-8bab-4f18-a408-5de3b3eb3921",h_fAXPdQshS6uBtz0,e489121f-846e-4bdf-afce-c55c942d5d98
"284ab5a2-524f-4626-b384-bc1568c63fbc",h_XDgewHXfTIZ35HF,"969d261d-d50d-4760-be1d-e8e8c374d294"
"298cfc0f-87dd-4537-a9a7-b06f4e21dfc9",h_fw22tUK4UVGN8le,"1b66b7fd-0ca4-4463-98ab-a7b275ccbb5a"
"308216af-317b-4595-b242-2f94a1657610",h_D9bJhMOId6GQUdJ,"2dfab435-f2ed-4c9b-9287-6fcea11686f4"
"40d75886-1596-4f36-894c-28969e5fb37b",h_G7LP039lEb6PYqJ,"73a88a4e-0857-49b3-82f0-cbb84200051f"
"433cc466-db85-43cd-b7f7-8cbead08368a",h_TyOTZTs2Eqnf3N9,"41354b7b-fda1-49fa-bcf1-97efb64cf811"
"477b0b2c-e4a6-4fef-bf54-8013c16f1769",h_d5LEaAF55px7Ve8,"30e5adaf-aee5-4fec-8e7f-3df102ff92d6"
"4b5a5187-e675-47d0-8cf6-9a9c4d8ab771",h_v3C90MnH8mYYdHn,b1fc809f-7337-4bbc-89a8-5c8c125ed60b
"51966243-f783-4848-96ce-93f0ba5d1412",h_1oYvv6tP6B50Fxx,"8d315e10-c02c-454b-b41d-8d3b9c92d02f"
"5566f178-93b9-4e08-8fe4-6a721c073766",h_gZpLLEoQbilz2f6,"059151e3-3f0e-40b9-b40c-1a453e774e9d"
"5628cb9d-6f53-4f7d-af19-c199c6c117e9",h_2ERTcDWywQJKsaZ,"82cada72-d0f9-47b8-bf3d-655305ee672b"
"7905dd02-6193-442f-99af-b88305b3944d",h_vh4dxqdKwC3r06l,ea84fbfa-757b-488e-bed2-e1fe8a23bf31
"8f56a621-14d7-4fa6-95b1-acc7628d1181",h_RqtZzjbw7VpIasZ,"4227e713-71ed-4bda-8c3d-33ff50b10eb6"
"8fa88ca2-4a94-46f4-a5dd-abfe0af7c8e3",h_4xn6A7oLyK7xnPd,"3b277285-87c4-4544-8ea9-35c708f33fd8"
b1371cfd-d0a6-49f3-88d6-a679b303fe13,h_ae8HGefD5W3UDuD,"2f03e77d-d815-4747-993b-bf0439b90e37"
b1388762-98b3-4d68-833a-c0cdf0766d4a,h_nD9fzY6pWtyx1aC,b81528f8-4cf5-4de6-92f8-219950b68c48
b451a47f-2bf9-4ea6-b157-9d1df9a4fffe,h_5mHIYWa0TZSOa6q,"626f722d-ffca-4542-8a1a-48e371f24afd"
b5d1fbf3-38cb-4893-8135-b1299f6472c9,h_APstgxjh0f6rFx3,"8cf32308-237a-4f4c-a64d-fdc2f50f6f6a"
b7567ffc-6e6e-4912-b4a2-7b4bb6f56aba,h_ig84C7ZCWmnhGq7,"2e4f039a-f60c-420d-b254-542bc30f4c24"
bf4cd7f7-257f-4812-bae2-1529ae1d0bb5,h_8PFashSfQvFIqbh,"70358bbe-d88a-44ed-9fa9-2661fa49f76b"
c76acf5e-34ca-412a-ac57-ac01642a9b5a,h_Fa73GruYkugdOBw,d9b782eb-dbff-4822-a707-936e52031bb3
d1a57d0a-f32c-4f8d-8a2e-d0e2df438fbd,h_1d2eP70EaLNA5XU,d5fdc69a-d567-4548-95a8-33ae7846b898
d345fcd6-c3d1-4aa9-a681-9dca0eaaaed5,h_kkiQD3mmoiaJNCw,c1f55342-4afa-466a-8ae3-3fce6715c311
d6a360d7-da0c-40d8-a493-ddef07cbf55f,h_JgYMGvJOiRvz1Of,"0524e371-d4f8-4054-820e-6332ac56a3f7"
de749c02-78c5-46bc-bcf4-1f5027bd9719,h_nhNFqcA2bTBziF1,ce86e24c-d4a6-40af-b9ad-20414744e515
e045bd68-0559-4bdb-9d55-9c968e7b2198,h_HiH9tfK9uCOpevN,"9529cde5-62b1-496c-b6d7-d48be0919e9c"
e6590935-e942-41f6-a65d-cd0a554155ca,h_IPZjxVnEHlvevlC,"25bb4bb1-946b-40c4-a52f-9efdc414024f"
f0777378-5d0f-4b05-b880-504960805a21,h_xNv0FTwFuOdz2rz,afd89dbc-212e-4d39-aa91-4129e69375e7
f7268903-8a28-4f87-b8be-97005d565182,h_zfTDmQX7MJ266FM,"740f1008-a068-4d1c-b67c-b2f08fe8ae38"
fce3ee2e-f28d-49e8-859c-5279ae49d13b,h_FAhuRBdlC427agp,"06b76056-1baf-408e-abfc-4b4562c6b324"
fde6158d-4af2-4389-ae70-c745a4331d17,h_xjWBNPY7DYl1V1c,"34b207e8-78aa-4cae-9c72-63b0feed9666"
