PickId,DrafterId,DrafterTeamId
9082f32b-3f28-46b4-b5e9-2aedcae5ffa8,f422a2b7-dc36-49a8-bc52-7cd9899e7b0c,
749da3c7-6311-487f-8a78-730d67409098,600001ac-4446-4acd-bf6c-75f882af7671,
e8c81b9a-d2f3-4a7b-8be5-37d506035ffa,35ffb47e-718c-4981-93b9-14467d5919f0,
592066c3-fe71-43da-97a1-fc750da1d70c,e1b120d5-17ca-452a-abc9-e7a8c084c481,
75a78155-f129-4907-8144-6053d65cc7a6,2d04840a-92eb-473c-84b5-bf5616b3ce9f,
e38aaa98-b6ae-4785-8b97-c944bde1e454,54e7ad89-4479-4398-95ba-3320b4557eed,
583fab20-ba1a-438c-994e-15c8fd759e3d,7294d6d0-ca7f-4410-a9ca-345b37eeed5e,
a80371ce-431b-4b47-b878-729b4206a03f,67a0470b-f1f5-48bf-84c5-d9857cfa987e,
64232163-d50e-4c7e-b742-8b679d9c4deb,54e7ad89-4479-4398-95ba-3320b4557eed,
4f68e531-60fb-46a1-9a8b-0fe4430ae1aa,35ffb47e-718c-4981-93b9-14467d5919f0,
0b0de8d2-5dd1-4559-8e26-a9afd60315a8,55cc129c-6fa0-4bfa-90f0-a9ec6b4fbfac,
c4c021ac-72e8-4abf-b182-8e8403d6773f,2475d0b6-26b5-4a0d-bcb0-91ee9bd085b4,
b91e2b96-273e-4450-b065-27414064de85,0ad0d3b1-2560-4545-b76b-d2d3c01563ac,
d2788d41-1bfc-4c8e-bfa9-c13a1b838ee5,26ad950a-1c17-4190-87a5-6989476e0232,
e4e25321-dbe9-4468-b6d1-87127ef88bc7,54e7ad89-4479-4398-95ba-3320b4557eed,
0e6482db-42b1-4235-b437-acffea5d27f7,95eff28d-fbbf-4e83-b506-70756d8c744d,
e72ccb8f-0bda-472d-8497-67fc6c7577d4,f9efd5e6-038d-44be-95cf-bdc38bc1542d,
67bdf693-395e-4408-9bc9-a4d2096fda45,d9833d9a-f6f6-43bd-95d0-601815ba55a4,
c11f7372-4dca-42be-8ead-0420df09fbb8,f422a2b7-dc36-49a8-bc52-7cd9899e7b0c,
922f1599-42e4-420b-80d7-ef6c41dcbc52,e18d1d45-0923-4a67-b1af-f36257f24ab0,
710f73db-eee6-4c1e-b73c-81d319df8100,5f08c325-abbd-4046-a783-d167a60c3714,
9b86a79a-7d33-4d98-8517-da31a4657196,26ad950a-1c17-4190-87a5-6989476e0232,
dd604e0b-042d-40c2-a8b0-f72bf93eb53d,1dfbd95e-cece-4088-8ee7-5a57e65f37e1,
c79f4eac-f4e4-4165-bfb1-8d3ddde5f495,70c2c2d5-11c7-4d35-a22b-0023b400a910,
b3988efe-a6cc-4665-a8a5-727b01d85610,34002ac9-98cd-49f8-a3be-354fa024d8e4,
024c5889-a140-4706-aee8-1cbd520f7eaf,ca477ff3-f6cf-489e-b2f8-c04c890c4cbe,
77f73b5c-94ee-4ea6-9219-7a7612caf014,54e7ad89-4479-4398-95ba-3320b4557eed,
959744b6-66ec-4b87-8b64-d4c87cd94498,2a3232c9-d6bb-4e11-ac12-7d63ddbd3c22,
3892c748-d2ad-4189-a88c-f4001586798c,f422a2b7-dc36-49a8-bc52-7cd9899e7b0c,
000bf11d-fc15-4f8f-b18a-39e38e7026be,cba35a0b-78ae-48f6-a58d-18b4cd9c9e89,
cfd15312-62d6-436a-b406-9ade3ea60d31,35ffb47e-718c-4981-93b9-14467d5919f0,
41a29626-ed4a-4ba5-9460-18f4b194f109,35ffb47e-718c-4981-93b9-14467d5919f0,
c33e63f0-b539-4b0f-9864-1cc41fc776de,e18d1d45-0923-4a67-b1af-f36257f24ab0,
e9db7229-248f-42b2-8046-7d99b6aa83c7,722ddd5a-0514-45cc-9112-bd0e456b37ca,
f83b2440-566d-439d-9678-f152c087c019,f422a2b7-dc36-49a8-bc52-7cd9899e7b0c,
fa1097c2-460f-4f16-8f79-95381c7abd14,35ffb47e-718c-4981-93b9-14467d5919f0,
41e9951d-aea9-4f77-b53d-c9996c1e8315,e18d1d45-0923-4a67-b1af-f36257f24ab0,
3d0b307a-831f-4a03-80bf-c4650346866c,f422a2b7-dc36-49a8-bc52-7cd9899e7b0c,
9a3e472d-e149-4b65-a0f1-cf290efa722f,722ddd5a-0514-45cc-9112-bd0e456b37ca,
19550182-8e98-4f05-886d-fea2b6cbd34d,35ffb47e-718c-4981-93b9-14467d5919f0,
f3ce3326-e997-4c92-b26b-830c2e458a70,e0c10cef-bbef-455d-8f2d-344d5133c140,
e37197e0-7a3a-4e02-ae66-f4e514dbbc28,da7b46dd-26d3-41dc-85cb-656422c35041,
1281cfec-23d5-4678-a240-1f59314dd1e6,1914295d-0c97-4cd3-a1ad-5c885c7f1237,
e2bddab7-0c90-4305-82f9-70d1b7127025,2cd21cc3-d0ae-4969-b53a-8b143d93a319,
c2657931-1f07-4f2e-b194-7390233e7ffe,976a510f-2037-4c32-84e7-e206e7b474ce,
cd5fd321-d1de-4a2f-9e3d-070483e5aa16,8ad770ed-b9f9-421f-ada5-3d0498423c4a,
6b47ef58-7b11-46b8-8d8a-7dee61f8f2de,1c80d0f2-e391-4f94-9f15-0844913bd9db,
12cd2d49-26e9-42c2-a2c8-b3fe036aa924,f422a2b7-dc36-49a8-bc52-7cd9899e7b0c,
b42110b1-49c6-4e03-b28a-c6ea6d23ae69,5a1c2497-a8c5-415c-815e-af9ee0e54156,
191548ee-403c-4113-979a-820f60f3a273,26ad950a-1c17-4190-87a5-6989476e0232,
c96b89fc-c14a-472c-9912-24217122a046,58c5d187-8f4a-4d2a-9cbf-9766a79604db,
5979292c-75c4-4d68-922c-7359adae561f,60f98576-7b86-4749-96c8-c4c066673452,
9d36ae2e-0029-440a-8a74-c297d08c1f08,b3fe3d5f-eaf3-4345-99cf-61c6eccbb54e,
33fb5221-ae71-46e2-9c79-2fca98e776e1,54e7ad89-4479-4398-95ba-3320b4557eed,
71d18231-f5e4-49df-bd3a-2ad946427acb,e18d1d45-0923-4a67-b1af-f36257f24ab0,
dceeae93-e753-4ccb-b35a-b9002110e65a,210a84ea-92f4-4419-a3cd-a34986dfda5f,
572b47d4-70de-445a-9228-1b809f61b76a,26ad950a-1c17-4190-87a5-6989476e0232,
f5ca8a1b-85a9-4d4c-a2e0-1898cee706d9,54e7ad89-4479-4398-95ba-3320b4557eed,
88c900da-a571-4c01-a31a-23601398c5c8,210a84ea-92f4-4419-a3cd-a34986dfda5f,
08d1c84f-cd1c-4f2a-96a5-654a8ce9ffdf,54e7ad89-4479-4398-95ba-3320b4557eed,
95d49abd-700c-4598-9974-fd2ac1f159d4,210a84ea-92f4-4419-a3cd-a34986dfda5f,
46d63c38-9c04-4fbd-86e1-477a6a4e49ff,de42b0da-f255-4e09-ae4f-6981c7eacc4c,
32bd6cb2-c119-4065-98f7-392087c3c9f6,e18d1d45-0923-4a67-b1af-f36257f24ab0,
715bd8fe-4f20-4984-9d28-60a880aaf34a,e255f8fd-5307-4145-9cf9-81e12de7b936,
1e27ff0e-5ac2-433d-a191-cc225d1947f6,c63cb878-7ebb-4179-a0ba-1d6903a98940,
1863f270-bf94-4f5a-aeae-0bf395a3ed33,d6758d32-1f77-487f-a553-63fc63645f96,
5c858f25-65f0-4b2f-8fd0-b060685169d7,7298ccd2-1dc1-427e-89d7-ae645e0987a5,
1f066ebb-ab50-43fc-b51e-3e85226e9a0c,d6758d32-1f77-487f-a553-63fc63645f96,
62b81314-bfb3-43e1-80c0-150dccd0be3d,240519de-0fe3-41be-b96e-6c5c8fd15537,
22e78536-65e7-4896-8df6-305d929337c2,35ffb47e-718c-4981-93b9-14467d5919f0,
e5bcac62-39b5-4ff8-8956-0fba9da7d9e7,4cc0739b-3859-469f-b399-c520cb55e99e,
9069e9bc-e483-4317-9a6e-4028040cd4d0,1c9e8a5f-92b2-4601-a89a-4635a6ae08f3,
3b8c4c02-e4c6-4b25-b996-bcdd3d305a70,af235806-1a76-4f2a-afdb-4d17ebea435f,
47107855-110f-4be2-a219-681319ec09bb,b897986e-d859-4967-b6a4-07038000106a,
3c5b6e80-e911-47cb-91cc-6fdacfd91095,b900b4bf-e618-4bd4-a216-2ea3a0e79cab,
6b78f2ef-249b-4613-aa11-3d00c1f6b732,2475d0b6-26b5-4a0d-bcb0-91ee9bd085b4,
304d6234-08b4-4d14-85db-a5fc2fb35c9b,f4716c6b-8c87-4fe5-b169-2f40cd725136,
73badb2e-e825-40e8-9561-de3e652b895c,b900b4bf-e618-4bd4-a216-2ea3a0e79cab,
4d1737c2-65e5-4797-8a87-527bc76f6660,e18d1d45-0923-4a67-b1af-f36257f24ab0,
ee19b2b4-0208-4f9f-9823-e4ce71603d41,d017522b-40f7-4ac3-968f-0390abc9dc13,
7c9ee175-0a92-40bd-af43-575db57cec22,516e34b0-dc00-4bb8-8ab6-c80fa055ee9a,
540ca369-af6f-4878-9d9a-a8a03eb6d712,54e7ad89-4479-4398-95ba-3320b4557eed,
abedc156-2990-4bab-90b2-7ea8bedaa5ad,54e7ad89-4479-4398-95ba-3320b4557eed,
01c13905-13ba-4c41-ac35-307bed884560,26ad950a-1c17-4190-87a5-6989476e0232,
048e2b50-1443-40e1-9d66-7f4da515c1b3,e18d1d45-0923-4a67-b1af-f36257f24ab0,
9916fac5-7029-4963-891d-a89e7ac3d161,bec4d296-c562-40e6-9b46-f691aeba161d,
bd4de588-c82f-42d3-b72a-a6ba23459b4a,8ad770ed-b9f9-421f-ada5-3d0498423c4a,
3a797f39-0d38-4e47-8080-3fa8ffd6694b,e7f08e6e-9d7a-4b42-82bb-7b7ced69d3d2,
612e6eae-5a59-4d0b-97e5-1004968b2f5f,60f98576-7b86-4749-96c8-c4c066673452,
a0cfc92e-0ee6-4631-8dba-5a3fe30fb2d9,f1661c33-1493-4ef8-94ba-3bc39fa50ec0,
5aa977be-1ef8-4153-836a-34fa8a3b41e7,1fade4bd-b8d3-46dd-954e-78bedbf6d4a7,
ab100c09-849d-4024-91df-c5b33f1bfb6d,26ad950a-1c17-4190-87a5-6989476e0232,
4eddbb4b-3c0c-4534-bbd1-11a6ff3a3c67,3da0e77e-cce5-44d9-bc8a-2092586d3ad0,
c1ff4398-1717-4f2d-9db2-c65440b78d9e,26ad950a-1c17-4190-87a5-6989476e0232,
c598c007-3b51-454d-ab7f-9e73338b1908,7294d6d0-ca7f-4410-a9ca-345b37eeed5e,
01e89428-ad65-4987-b78b-7f630c589d51,e18d1d45-0923-4a67-b1af-f36257f24ab0,
f81459f6-3f17-4a60-bc31-1fe9a383e110,7294d6d0-ca7f-4410-a9ca-345b37eeed5e,
87eabee1-7747-417e-b61e-89c34bcb8de7,f13f46de-527b-48e5-96c7-dcbf0b26c3b7,
f3e23be8-078d-4f42-bc29-71ddcee532a3,61105517-369a-46b0-b5c2-b8caeb5b3529,
4ccee337-bd9f-4952-817a-862a6a058901,de42b0da-f255-4e09-ae4f-6981c7eacc4c,
b3f58e2d-6f8c-44df-ac93-0d858a96f11a,210a84ea-92f4-4419-a3cd-a34986dfda5f,
1dc83dde-40ec-4bde-bc8b-8a787012a435,35ffb47e-718c-4981-93b9-14467d5919f0,
eeb7ce3f-6506-45cc-a6d3-2e783440f436,f422a2b7-dc36-49a8-bc52-7cd9899e7b0c,
9d98dfdd-db23-4d88-8214-a8e39db9b160,0c19f8d1-6d21-476e-9698-e75a55fec771,
9a8a039e-a05d-499b-989b-18ce30cf6199,35ffb47e-718c-4981-93b9-14467d5919f0,
28ff0886-e719-4f56-bcfc-293dbad7f80c,e18d1d45-0923-4a67-b1af-f36257f24ab0,
9e87bb76-ed9f-4e4a-a8ce-f35c24185bdc,e18d1d45-0923-4a67-b1af-f36257f24ab0,
e1b4530b-23c3-4f3e-acb8-56ab4cfc8688,f422a2b7-dc36-49a8-bc52-7cd9899e7b0c,
af0e5874-c326-4f65-84e7-327a838bab6a,35ffb47e-718c-4981-93b9-14467d5919f0,
1423b0aa-ff6b-4779-9c16-25e5a97dbcd6,35ffb47e-718c-4981-93b9-14467d5919f0,
7952747c-ce15-46d2-8381-2b9e7a85021a,e18d1d45-0923-4a67-b1af-f36257f24ab0,
51961ff7-8ceb-419f-ae95-ec556d15922f,c63cb878-7ebb-4179-a0ba-1d6903a98940,
de01de92-75ff-439a-9a02-84cea332d3f2,c63cb878-7ebb-4179-a0ba-1d6903a98940,
126d5ef5-8384-45b9-bc41-eaa402fb3f74,00140904-0878-4586-8566-5508ef9cbb96,
30ab4dbd-52ba-498d-92ba-c9b0a9fd73d7,48187e91-da88-4c71-883b-3fb3cb698e98,
b0d19080-2592-4458-b37e-9f7e6bfc1f91,d6758d32-1f77-487f-a553-63fc63645f96,
e02b39e1-5cce-49c4-b1d7-4fb8d0549cbd,26ad950a-1c17-4190-87a5-6989476e0232,
be292ad1-6255-4e6b-9bc9-2f1122e4ab76,35ffb47e-718c-4981-93b9-14467d5919f0,
296deeb3-1c19-47e5-8494-e2d7699df3a5,54e7ad89-4479-4398-95ba-3320b4557eed,
78305354-5fd6-4946-9d87-a0a51ccd9df8,35ffb47e-718c-4981-93b9-14467d5919f0,
138cae3e-3db0-4c50-acf6-ebf05517016c,2475d0b6-26b5-4a0d-bcb0-91ee9bd085b4,
39f73710-02b4-470c-9e50-91fcb2e3a5d3,d88bb6a4-0059-489f-8f27-59475f48031f,
bbec6bd1-fe51-4c61-bd21-31ec3883e004,58c5d187-8f4a-4d2a-9cbf-9766a79604db,
c7c02f41-b8a7-435d-a26b-9017752a2dc6,58c5d187-8f4a-4d2a-9cbf-9766a79604db,
6c8ee6f4-6bb7-43e2-b706-efeeb9e1a011,26ad950a-1c17-4190-87a5-6989476e0232,
9af35e12-7df1-4e84-9abf-94899e89825e,f422a2b7-dc36-49a8-bc52-7cd9899e7b0c,
750d84b4-885e-4a6f-8cbc-1a1e11075bc0,0f85256c-bc01-4b37-90f8-5559f786371e,
c2778cc7-3068-482c-8b3d-02af776a6432,32637fbc-d30b-4c83-aef5-32597107b6df,
e78efec1-f345-4daa-9b8c-fd860a72e196,58c5d187-8f4a-4d2a-9cbf-9766a79604db,
a905ccea-57e4-4850-8174-0159955c122a,813d11c8-6a0e-43c6-9add-e3e9a92e8b73,
bbc2729a-edc8-4780-854b-06e4fd880201,bfe6a7a7-4cf8-4949-875a-160a0a64b1b1,
57cf4008-3902-4d79-a3bc-f1372f174f22,54e7ad89-4479-4398-95ba-3320b4557eed,
a55d4b35-b5fa-40a3-a8d7-e92246d7db5e,6b2d55f6-12ad-4d26-b7e5-23acd4d5e554,
b1e9532d-6387-4e65-a0cd-25732252135e,54e7ad89-4479-4398-95ba-3320b4557eed,
b96edda3-7330-4ca6-9312-6977ada8a2e5,35ffb47e-718c-4981-93b9-14467d5919f0,
ab1f6ce8-3e52-4274-9f28-0e8f274534ac,35ffb47e-718c-4981-93b9-14467d5919f0,
274b198a-37f6-45a4-9a22-c82b44d25b65,e18d1d45-0923-4a67-b1af-f36257f24ab0,
748903fe-12fb-4ded-b0cb-45c284b01a23,e18d1d45-0923-4a67-b1af-f36257f24ab0,
c1110736-4e4f-4315-88a2-f5708dff3791,e18d1d45-0923-4a67-b1af-f36257f24ab0,
fb94d589-7dfe-4d3a-9d0e-d9b65c721b03,54b18820-1e59-49f0-8947-d545dd5cfad5,
ad128f68-4212-420e-a30e-f67c8b9efa49,61105517-369a-46b0-b5c2-b8caeb5b3529,
f1af7300-e85f-4a42-99a3-7b19569b09fa,de42b0da-f255-4e09-ae4f-6981c7eacc4c,
e58f00f9-5e69-41ab-b63f-65776403f187,1e3505d4-31ca-4dbb-9ef2-ce78d85203d2,
de82985b-197a-4901-9185-a272c7548523,26ad950a-1c17-4190-87a5-6989476e0232,
c12c3cd3-374b-44dd-8e4f-cb42b85afb7d,26ad950a-1c17-4190-87a5-6989476e0232,
4d5dd459-1beb-4b41-b5c2-3209ec5e5d25,3d5c2c5d-9a40-4aeb-9c0f-7144134cdd53,
904b53fd-87aa-43c7-83a0-3cf8bfc0dfc1,16b8d186-d2c3-4a73-aa03-efe356f34659,
4d711ea8-3363-4e5d-8b59-a7863e296315,f422a2b7-dc36-49a8-bc52-7cd9899e7b0c,
6dc815b2-fd78-4ebd-b6bd-765285b366cd,35ffb47e-718c-4981-93b9-14467d5919f0,
56b97213-bf60-4fdb-aa33-6032a68f9965,f422a2b7-dc36-49a8-bc52-7cd9899e7b0c,
20982a8d-fb98-46d7-ba9f-5603a2661042,54e7ad89-4479-4398-95ba-3320b4557eed,
99a7c6a7-562d-4eea-9504-055f90098630,54e7ad89-4479-4398-95ba-3320b4557eed,
55f04db8-037a-42e0-b95b-75f826d3e20f,26ad950a-1c17-4190-87a5-6989476e0232,
50f4cce0-4ef0-4b38-8e85-025944c173ef,54e7ad89-4479-4398-95ba-3320b4557eed,
69a8e16e-c3b2-4781-8478-c4e86aff6435,6b39ce62-fd37-4d24-afad-f2ad3cdcbf87,
cefd8c49-a987-4f50-ad5b-1fc7f1ddff35,4b23cf19-ee0f-4469-bde1-0c3e6908ae8d,
100d6364-d187-4f8e-94e4-b7ee9d1e6eaf,2475d0b6-26b5-4a0d-bcb0-91ee9bd085b4,
c5cb52e5-1d7b-48f1-aa06-2b5a71f4be60,58c5d187-8f4a-4d2a-9cbf-9766a79604db,
b1fb2c17-00e8-4201-bfc2-e79ef951c123,26ad950a-1c17-4190-87a5-6989476e0232,
851ed0aa-f09e-46d1-897e-6a92fc88a4ef,58c5d187-8f4a-4d2a-9cbf-9766a79604db,
158ad560-edcb-4d21-aea1-f4e004af878a,60f98576-7b86-4749-96c8-c4c066673452,
f78a9128-29e9-406c-946d-c5aa86c2acb6,26ad950a-1c17-4190-87a5-6989476e0232,
8ecb7e6d-6ff9-4323-a22e-34f7147d6d88,210a84ea-92f4-4419-a3cd-a34986dfda5f,
d9f48f10-59ff-4010-816f-29bef89e3ce6,2d04840a-92eb-473c-84b5-bf5616b3ce9f,
fd9ad335-e9b6-481d-810e-65a5d2c07d62,54e7ad89-4479-4398-95ba-3320b4557eed,
f4e40cb0-d924-4938-a77a-800e885be9cb,d6d1a61c-0a31-41aa-9bc5-ba8c6f5308c0,
d2de800b-2a0f-4df5-b965-151d30baf7a0,a1dfc044-da3c-474a-ad5d-5fc957bfa4fc,
cc632a8f-4331-4b68-aa1d-da556b1c81c0,d6d1a61c-0a31-41aa-9bc5-ba8c6f5308c0,
6d882da2-f525-4825-bfe1-46fa6fa02e61,8d826c37-6faf-4432-817a-9316fc5e6ab8,
e12b1d3a-2bac-4a09-b171-f3b555adccf1,976a510f-2037-4c32-84e7-e206e7b474ce,
09fd41e8-f4ee-4e03-b857-db95aa5bcefa,7c12dfa6-6769-450f-bead-6c44e62572f1,
941521e4-4762-464b-a6ef-d94cd76e39e0,a64e0c93-c184-4949-a0d0-0850be073cc4,
57d547b5-9d92-405e-b5d9-1f5716ffdc49,dbb0e73e-3073-47fc-b05a-2eca666803b5,
9f32aa0f-9f00-4755-8cd7-a8c86526be04,bfe6a7a7-4cf8-4949-875a-160a0a64b1b1,
2d77eba5-ed7f-4e22-8ebc-246338b48161,b56cef8a-ea05-4a06-9e23-6ceaa3000a0a,
bbf2874b-410f-469a-bf88-6f435b164198,61105517-369a-46b0-b5c2-b8caeb5b3529,
73d67df5-96fe-4468-b09d-305ae74579dc,da7b46dd-26d3-41dc-85cb-656422c35041,
2e6cd714-f602-42b2-9385-d9a14f09a046,da7b46dd-26d3-41dc-85cb-656422c35041,
8fd9d56f-c8e5-4084-ae7c-5348002ac09c,f422a2b7-dc36-49a8-bc52-7cd9899e7b0c,
b0a8176a-e276-44a5-a0c7-0aa973f0b890,d6758d32-1f77-487f-a553-63fc63645f96,
afe4e40d-8f5c-41ef-b9ab-054b7b6a29b6,f422a2b7-dc36-49a8-bc52-7cd9899e7b0c,
c8f3f2df-77f4-4673-a73b-06be91ab5493,d6758d32-1f77-487f-a553-63fc63645f96,
8e0e713f-79d4-4184-bd31-0b8cdb35047d,54e7ad89-4479-4398-95ba-3320b4557eed,
ca8c6f05-f5e7-48a8-98e3-4fc637106b42,f14f0bf2-1f3f-4d67-9bfb-f16f575e289d,
d57d37a2-820f-4a28-b6e7-a0af9493382b,e18d1d45-0923-4a67-b1af-f36257f24ab0,
5fe9fb3c-2af7-453f-855a-3b44513000f9,35ffb47e-718c-4981-93b9-14467d5919f0,
c73483c9-3f1f-4b41-9175-c0dd124d4962,e18d1d45-0923-4a67-b1af-f36257f24ab0,
c24c2007-52ae-40eb-9728-6688d7702427,35ffb47e-718c-4981-93b9-14467d5919f0,
8eececf5-a0cc-4dfe-8520-04723faffb82,35ffb47e-718c-4981-93b9-14467d5919f0,
3686dfa6-5afa-4b82-90c0-86a1facf4502,8ad770ed-b9f9-421f-ada5-3d0498423c4a,
424a36a8-3ebc-4858-b082-ef9321df4910,32637fbc-d30b-4c83-aef5-32597107b6df,
8c6e0572-f76c-4a7a-bcb8-0206678034f4,32637fbc-d30b-4c83-aef5-32597107b6df,
9b2ead84-5485-4da4-ac44-79ed63ff5cd7,60f98576-7b86-4749-96c8-c4c066673452,
a3a482ca-2891-4787-a505-ad9e8985dd2e,26ad950a-1c17-4190-87a5-6989476e0232,
4beaafac-51b6-46b2-8bfa-c0e1cf9e9d89,240519de-0fe3-41be-b96e-6c5c8fd15537,
7fdf6700-52a4-47ff-90cd-673a0f9dff2e,f1661c33-1493-4ef8-94ba-3bc39fa50ec0,
e0ff5a4c-2df7-4ea9-a6c4-7bef56aea966,5c4d9726-3bc6-404b-ab28-40bdd87003c1,
a679663e-9b2f-4510-8453-a69dfd318e80,e18c71f5-c06d-4aa8-96c1-67d421fc0b36,
f9d91a01-6167-4856-aa87-940ffb2876ec,49ffecfd-ed4e-43b5-8d00-1228b2012535,
580b3194-8975-4185-b649-ca50c41b1c65,2a321aac-e773-483b-a05d-82e510603c58,
0b674d7b-095d-4f05-a2f6-3093ee575936,2a321aac-e773-483b-a05d-82e510603c58,
50540cf9-9b66-4a7a-93d5-350c68f05783,210a84ea-92f4-4419-a3cd-a34986dfda5f,
442b4b50-b4bd-43f2-afb5-315f77d6b946,210a84ea-92f4-4419-a3cd-a34986dfda5f,
cded9cb6-d737-4e95-a01a-1b7854f0f610,,7f7e4c18-ad0a-46d3-9f34-eddc0098884f
f3b1a016-973e-4b5d-97db-934db10ff553,b900b4bf-e618-4bd4-a216-2ea3a0e79cab,
04e9f355-9b49-4f5c-8a5c-f2d5c16fb124,60f98576-7b86-4749-96c8-c4c066673452,
7ff77517-46b6-4cf4-ac00-164f08a5e49a,516e34b0-dc00-4bb8-8ab6-c80fa055ee9a,
069feeb7-ca68-474c-9246-43dfb1afcf08,cd2c3acb-ad9b-4f3f-9c19-84e08b2327f5,
069feeb7-ca68-474c-9246-43dfb1afcf08,7d7372e2-2fc9-4bea-916a-1fe1a7eb7f7c,
a67aa4d6-0541-4794-905c-50e0f23437da,3d5c2c5d-9a40-4aeb-9c0f-7144134cdd53,
a153129f-c75a-45c0-9f7b-d1997a3f3d84,e18d1d45-0923-4a67-b1af-f36257f24ab0,
ed95381f-ac13-454d-8f9f-d8bf3195310e,d6758d32-1f77-487f-a553-63fc63645f96,
8f6a6a2a-ebc6-4e94-abc0-e8feb720125c,f422a2b7-dc36-49a8-bc52-7cd9899e7b0c,
8bec4ce9-4b02-4981-a55f-fb60c71f3d56,f422a2b7-dc36-49a8-bc52-7cd9899e7b0c,
026f68cd-09a3-489f-a0c8-de71745930fe,e7f08e6e-9d7a-4b42-82bb-7b7ced69d3d2,
a22c1a14-363d-47b6-9ca5-128e63f35a4c,60f98576-7b86-4749-96c8-c4c066673452,
ea2b53da-3aca-4152-a6b9-19ad32d99645,35ffb47e-718c-4981-93b9-14467d5919f0,
b1e7adeb-fa86-47a3-9b89-9b09f2f499ac,a0de8849-ebf8-4614-9e18-459d336b258d,
647265ba-f059-41db-84ff-42388eb60da4,3045add0-ff29-42ee-a0ba-8cf067bb800c,
6503a81f-927d-42bf-8c86-ba352d4d5b67,c6b5330d-6809-4fa9-8bbd-cbc4eebffaa5,
4e9b23bb-62c9-47ff-b1df-739ff0898e7c,d6758d32-1f77-487f-a553-63fc63645f96,
f8df476a-0bd3-42cf-ba80-dcdbdf9bf56e,35ffb47e-718c-4981-93b9-14467d5919f0,
49e1eb85-ea1c-4774-8069-3231200b2028,b56cef8a-ea05-4a06-9e23-6ceaa3000a0a,
41691e58-23f7-4f93-a15d-7a8684b41671,d6758d32-1f77-487f-a553-63fc63645f96,
c73b2d4e-c6da-4f63-96d0-f16b539dd0ce,32637fbc-d30b-4c83-aef5-32597107b6df,
d9d351c5-191b-4a29-9c5a-b4024c2cde46,60f98576-7b86-4749-96c8-c4c066673452,
cf92bd3f-1265-4c97-92e7-dcf95c04dd2d,26ad950a-1c17-4190-87a5-6989476e0232,
1d9164d5-e496-4f63-823a-58935351024b,58c5d187-8f4a-4d2a-9cbf-9766a79604db,
9f69493b-f26e-4c8d-b28f-5ec3be83d63b,2b64914a-95d3-415e-a753-9a2217b8c11e,
ea8f134a-5fd9-47cb-b72e-5383006cf649,df1a2ff5-e71d-4c20-81bd-eca04606511f,
2464df3c-2c3a-4d51-ad0b-99ef47b5c4a1,35ffb47e-718c-4981-93b9-14467d5919f0,
b0444ce4-1ac6-4f6b-83b6-b4ac02be999e,e18d1d45-0923-4a67-b1af-f36257f24ab0,
9a6ab7fb-243c-47a5-8ee2-b4acdcdb2ecf,f422a2b7-dc36-49a8-bc52-7cd9899e7b0c,
a1b254d5-a6be-43c3-9a81-85afaa0ea775,35ffb47e-718c-4981-93b9-14467d5919f0,
6e3e0d8d-b2aa-493f-b259-c1a22c2daf8d,0142bbca-bd77-4b0d-9101-259116f1c703,
75c8611b-2524-4f52-92d9-ab496c492146,d6d1a61c-0a31-41aa-9bc5-ba8c6f5308c0,
637c72c8-5b40-44e7-8eaf-ca1afede89c9,b29771d6-8bee-40ff-a539-17d3520bd832,
ef5f912c-3193-4bdc-89f6-cb0ff53cd3e9,516e34b0-dc00-4bb8-8ab6-c80fa055ee9a,
f1c9a031-f9cb-4196-879f-f75ba931c2da,26ad950a-1c17-4190-87a5-6989476e0232,
690731bb-3dbe-4cb4-a335-2f5c3642101f,c63cb878-7ebb-4179-a0ba-1d6903a98940,
6c52824e-c577-403e-bec4-72156f1245f8,c63cb878-7ebb-4179-a0ba-1d6903a98940,
a61aa9e5-6cde-4902-9212-a2c588817d51,58c5d187-8f4a-4d2a-9cbf-9766a79604db,
ca68679c-5250-4b0a-8f25-3d8a803dbef7,ec36fff2-914e-40ed-8849-4bc1535eb661,
ce378c1a-80b1-4c59-a8a5-824850175e07,8ad770ed-b9f9-421f-ada5-3d0498423c4a,
cd8eded3-e2ae-447d-af54-742eb467f611,bec4d296-c562-40e6-9b46-f691aeba161d,
f2e6f2d7-409e-45ca-8a57-fb2a1bfabd58,d6758d32-1f77-487f-a553-63fc63645f96,
d98007e1-7288-47b9-ae4b-38cd2930cf60,6b39ce62-fd37-4d24-afad-f2ad3cdcbf87,
1c7ab61b-05f6-43ff-acf0-d22b7c2a05ea,78e54150-fd5d-4d53-8c5b-030dc80ca991,
0807360e-5899-4b4c-9ec0-6054fbf5c87c,35ffb47e-718c-4981-93b9-14467d5919f0,
3fedd890-e7d9-4dd1-a190-25bb3b7f8bf6,54e7ad89-4479-4398-95ba-3320b4557eed,
6d006c84-5722-4859-8683-759b16e4636e,54e7ad89-4479-4398-95ba-3320b4557eed,
e3c470e4-458a-44fd-9de7-2e37399a185b,55f5cfa9-8549-4d68-a9ef-6817c907cc05,
752544f4-36cf-4bf4-9205-e3a8e0c53e14,516e34b0-dc00-4bb8-8ab6-c80fa055ee9a,
d0c5532d-80c3-4dd1-ae00-f0659ac25ffd,88560fbf-c8f5-4245-b8d8-b2ed6ce82b3f,
d2113e5b-1fa1-4d3c-a13f-566b86dcb0b8,0c19f8d1-6d21-476e-9698-e75a55fec771,
c489045a-b002-452f-9997-faf71e5161c8,1a0376c2-69ad-464d-a493-3af401ee0059,
2b85a16a-0150-4045-b4f2-6192c372dd3b,0c19f8d1-6d21-476e-9698-e75a55fec771,
9032d0dd-99bd-44e4-96c7-8419d38afee3,1a0376c2-69ad-464d-a493-3af401ee0059,
0af8be99-e292-43d9-992c-2828c3fa1338,516e34b0-dc00-4bb8-8ab6-c80fa055ee9a,
f64a3661-83f7-451f-b0c1-bde447568e4e,32637fbc-d30b-4c83-aef5-32597107b6df,
d7e10756-eaac-403b-881d-b7580a4550d4,58c5d187-8f4a-4d2a-9cbf-9766a79604db,
79a890e1-4b51-42e4-91f8-c4563d1445ab,2624062e-64dc-46b6-9e8f-aec9017fc535,
1f20d98f-07e6-4c87-8e61-d601ef00fa21,de42b0da-f255-4e09-ae4f-6981c7eacc4c,
4239bdae-b59b-4fce-958a-9446ec0da9e9,de42b0da-f255-4e09-ae4f-6981c7eacc4c,
6ab5d83f-17fe-499f-a32a-e6a39904f946,54e7ad89-4479-4398-95ba-3320b4557eed,
b2456321-befa-409c-9009-5fbd61c078b4,c7f13f56-0226-4ce6-9fd5-dbcda64ba4cf,
19e90963-226e-4c4c-8aec-a2514e1cb4e6,7fa18437-4755-468b-b404-44014e12f45f,
efc19b0a-caf4-4fbc-a860-b9e2453d4648,7fa18437-4755-468b-b404-44014e12f45f,
bc2b3367-c0a2-4359-94dc-ee11c5197656,2d04840a-92eb-473c-84b5-bf5616b3ce9f,
f726ef97-afde-4745-8402-834f9bdc4a24,91df0a86-50b4-4329-92c3-623fcc3fac05,
ef62c445-9e25-45ac-b6a2-7fda508d3aec,6b39ce62-fd37-4d24-afad-f2ad3cdcbf87,
85bf1f7d-6f93-4402-b4da-bf7ce70e76d3,cb90462d-8ab4-4d98-9e1e-6f12e7811cda,
e2a60f61-bbe6-4e7e-9b0c-4bdac263d0f8,60f98576-7b86-4749-96c8-c4c066673452,
7b4a9a39-533d-4518-9777-3c8254407611,7294d6d0-ca7f-4410-a9ca-345b37eeed5e,
1d467bf9-1d90-4efb-9687-4c0fcc8744d2,2475d0b6-26b5-4a0d-bcb0-91ee9bd085b4,
3471177c-4474-454a-a474-052f166a8bec,60f98576-7b86-4749-96c8-c4c066673452,
6387d2ee-d92e-4c39-8e44-815a72b59935,60f98576-7b86-4749-96c8-c4c066673452,
dbca2836-7ea9-47ee-9b31-13d239d5de78,516e34b0-dc00-4bb8-8ab6-c80fa055ee9a,
1b5475c6-f6a3-4719-8d99-9b6fb398bf26,a59cf2dc-66e6-4074-9a9c-3c2df90883a5,
c9b67aab-3dde-44d6-8ed3-3769d127e400,3cd234c4-114f-40eb-9d33-f6a6d664a60b,
c7ab4ab7-101f-49b4-99a2-ccae455b859c,a64e0c93-c184-4949-a0d0-0850be073cc4,
bf7420ba-9044-49b8-bf59-c4fec5dfd28a,7c12dfa6-6769-450f-bead-6c44e62572f1,
3c6968bf-9bb8-4b3d-9802-f8f0c63e78ca,0b1c2b0c-21c6-405d-b044-2126ce1363f0,
bd106418-b474-48c6-9d62-2e31b528cf4e,7fa18437-4755-468b-b404-44014e12f45f,
1030447c-8aec-40b7-9717-de2dc68b10ac,3d5c2c5d-9a40-4aeb-9c0f-7144134cdd53,
08767988-2381-4a33-a066-b44ce37a1846,96807aef-9bdc-4abf-85cd-03aa8aad3ee0,
47ff1668-458c-43f1-8000-7c51e29d261f,8324ca57-47b5-41ee-9bb0-087ad6f9bd0a,
37e324ba-ac7b-423a-89fa-3973d80d7c1f,acdfb268-e872-4e5e-a2b3-4ac613b9788e,
03913d05-cf34-4070-b5bb-15a8e2ba240d,e18d1d45-0923-4a67-b1af-f36257f24ab0,
83241ad1-d9da-4eb4-a149-caccc071eaea,c63cb878-7ebb-4179-a0ba-1d6903a98940,
237a37a2-6f56-414d-b694-79d9638204d6,35ffb47e-718c-4981-93b9-14467d5919f0,
4d2fa777-3bd5-4c26-aee4-c88fbd94f21e,26ad950a-1c17-4190-87a5-6989476e0232,
71dd3929-8e54-464c-8d15-a36280a2e52d,6b39ce62-fd37-4d24-afad-f2ad3cdcbf87,
328678fd-c95f-403f-9700-82f44e78138d,26ad950a-1c17-4190-87a5-6989476e0232,
995c3b01-cf98-4fe7-8769-1b363953bfa7,54e7ad89-4479-4398-95ba-3320b4557eed,
7c60c5a4-2361-4139-811b-b0c0cc680b7a,146399b8-74de-4665-8beb-07f0b1a316fc,
3a3eaa6f-c5ae-412f-b760-510b28282043,09434951-2d67-4dc0-8118-29c7922272ea,
50241c0d-8033-4d46-9ec1-ada85f2623b9,b29771d6-8bee-40ff-a539-17d3520bd832,
5338f7b9-1564-4ae9-9513-53d9484db8a8,8324ca57-47b5-41ee-9bb0-087ad6f9bd0a,
6028fee7-1101-405c-a828-487dcfb8ef7c,b56cef8a-ea05-4a06-9e23-6ceaa3000a0a,
7721c720-ff26-4ae5-a6d2-43e83b6fb4ab,53492bc0-2d64-4d03-8f0d-af9e040236af,
f0c12c4a-2d51-4a7a-aaad-50285d820941,57c8f15d-58ca-421d-a57e-f1b072e6f561,
85568c14-d9c6-4a63-b84e-4943675cd4c8,722ddd5a-0514-45cc-9112-bd0e456b37ca,
f5e087cd-49df-450d-b7b2-9e164370fd45,7298ccd2-1dc1-427e-89d7-ae645e0987a5,
30e1409c-cb22-4cb1-a0c1-486b4601df64,35ffb47e-718c-4981-93b9-14467d5919f0,
c3134778-1a64-4314-b9be-b60a6739bd8b,0c19f8d1-6d21-476e-9698-e75a55fec771,
450e6329-a7ea-4a75-88cb-c1d1e738c07d,5db067cc-ebb1-48af-aae6-38e66ee7c3c9,
a1a676d6-c085-4a5f-ac85-5ab39cec2534,35ffb47e-718c-4981-93b9-14467d5919f0,
e6cc5977-0b7d-4623-b0cd-654f1b1cfcfb,5db067cc-ebb1-48af-aae6-38e66ee7c3c9,
2110f7d4-953d-4444-b4b0-e82c16d774bd,6b39ce62-fd37-4d24-afad-f2ad3cdcbf87,
8da77e9e-7787-42aa-bf5c-185371648f76,de42b0da-f255-4e09-ae4f-6981c7eacc4c,
6bc2ec8b-36ca-4a4d-843c-abd69b1c5d64,12829747-5d3b-4ce6-b7a6-81606a649f8a,
fce8fe39-39e8-4f29-a180-c5f04ed21021,e18d1d45-0923-4a67-b1af-f36257f24ab0,
074b3b3e-d10b-4b3d-aaff-ce4782176e8b,54e7ad89-4479-4398-95ba-3320b4557eed,
cc65126f-d578-45cd-b84f-db2975c52f2f,54e7ad89-4479-4398-95ba-3320b4557eed,
95258934-b7ee-485a-b8df-7ef9ca78765c,d6758d32-1f77-487f-a553-63fc63645f96,
c8e737e6-80bd-42cb-9a8d-57ff1cbc4850,d6758d32-1f77-487f-a553-63fc63645f96,
7fabc20a-809c-45a7-ac0c-544ff562bbbe,f6d89221-a1e7-47e2-bcb0-5d959f5c0d9b,
2ecadde9-1c83-4bd7-9e38-4d3b2a0ad1a9,dbb0e73e-3073-47fc-b05a-2eca666803b5,
660b0e07-5415-4a31-b098-1e0827cf74c2,7a740a02-b808-4823-8a0f-bc0a6aded4a7,
05700fa8-9fc7-4a77-bf9a-7704288dbaad,3c94504e-c608-4b34-ba98-4ba750c62804,
1a415f33-a98a-4f8b-aa83-065656915757,d4bb9f9b-e8ba-4588-ab1d-68eb1d4d8aa8,
58b18751-5bc2-45c1-93e8-da54360a4586,ee30331f-8a7d-425b-88c1-4e2ec5fdee7a,
6f43674c-3d60-4e4f-b8f4-024dba27083c,ee30331f-8a7d-425b-88c1-4e2ec5fdee7a,
2ffb1711-4756-4b88-9b48-6a8471f477cf,60f98576-7b86-4749-96c8-c4c066673452,
26d1663d-d839-4aa8-9220-ce6fd7e07524,26ad950a-1c17-4190-87a5-6989476e0232,
4d73f5a3-c497-4a9d-92c6-c5b0d21e72a1,26ad950a-1c17-4190-87a5-6989476e0232,
6cc74310-8b59-4a58-90a7-939fb0b8c5b1,5df72eab-20ab-4785-9fdd-e7599b001518,
6d60fc04-00a2-42db-9509-e44b5cfc5c17,1e3505d4-31ca-4dbb-9ef2-ce78d85203d2,
9e4c295f-37f0-4857-8fd3-802eef7d185e,0142bbca-bd77-4b0d-9101-259116f1c703,
dc581c9f-943e-4634-823b-c0bae2af652f,0142bbca-bd77-4b0d-9101-259116f1c703,
8d5ecb4c-7669-4f15-9fb3-46fc50d33a20,20aa3d7f-ae0f-4aa7-ad19-e11ccb582b7b,
baf44b74-0852-4f6b-af1a-363ef28bce87,e18d1d45-0923-4a67-b1af-f36257f24ab0,
6c38e8a0-e681-4aaa-955f-0e537374663d,d25ec66d-31f6-464e-aad1-c6f5f9df5ff7,
6f1d060e-46e5-4e6e-83c0-9d33b6e93b7b,54e7ad89-4479-4398-95ba-3320b4557eed,
0a4b1819-4002-4944-9993-fe2dd35ac566,ecd9bf03-ddae-4d6c-8568-a539e09dbce3,
70f69b8f-7530-4cec-a2f5-8bd5a55f50ac,61105517-369a-46b0-b5c2-b8caeb5b3529,
c0b8945d-9d43-49c1-a2c2-19d8593934f6,a64e0c93-c184-4949-a0d0-0850be073cc4,
b6965845-aeda-4a84-816d-1bda2e6da5eb,7c12dfa6-6769-450f-bead-6c44e62572f1,
ed45ac22-7396-4bb4-991b-4df48d9a0814,7c12dfa6-6769-450f-bead-6c44e62572f1,
08c63885-022b-4ac9-b853-295e12654454,4bdc5e7d-8826-4f1d-81f6-ef29c4f6a121,
b99073ec-e7af-47c3-8037-aa96033ccb97,7c12dfa6-6769-450f-bead-6c44e62572f1,
442d0020-d6e0-4be9-9b97-61a5baf62b59,a64e0c93-c184-4949-a0d0-0850be073cc4,
91070ba1-b87e-45a8-85e0-93b35f4c4838,86d986b1-5c5d-40ed-9a67-2a8c50161174,
09044f4d-027f-410e-921f-2a38168eab13,8ad770ed-b9f9-421f-ada5-3d0498423c4a,
b0df3b62-5fef-4882-97f1-b81a6e772b8a,6aa36ca8-1192-4c80-86dd-dc414c551efa,
b16c77fd-d1e2-4029-b728-4a0ce568f657,6aa36ca8-1192-4c80-86dd-dc414c551efa,
2d61e97c-f388-490e-8516-5c289103c31e,3f2fb5d5-2686-44aa-a66e-6968c7ab1428,
9424839d-14df-46e6-935e-5ac3a70c8156,60f98576-7b86-4749-96c8-c4c066673452,
0ac3a900-ec67-4857-979b-4e4c4e6388a3,1c9e8a5f-92b2-4601-a89a-4635a6ae08f3,
058c35e1-2b6a-44e1-ab17-cb638e43e0cf,2f865e55-d3af-49ea-b111-035f01dd01cc,
040b3500-3c73-430b-b5e8-b034dc419097,c88fed94-8a4c-48e2-be49-05434b7dc6f5,
1e183269-99a8-4b3b-8c16-ab9f6fa6202a,1c9e8a5f-92b2-4601-a89a-4635a6ae08f3,
5fa51677-886d-4dc8-89aa-fc270e1e2861,2f865e55-d3af-49ea-b111-035f01dd01cc,
bf8a6da9-8e97-4300-a470-a8820e74d661,0c19f8d1-6d21-476e-9698-e75a55fec771,
66393fb1-ce3a-44c7-8e4a-a45c931d0d44,420a09dc-7231-4082-967d-a234bea312ce,
499c37db-7e86-4ec8-9c1b-2363bde211de,3cd234c4-114f-40eb-9d33-f6a6d664a60b,
ea786c8b-6534-4794-88b2-8021e5b28871,35ffb47e-718c-4981-93b9-14467d5919f0,
6b284177-d1be-4af3-a879-32a423c4096d,26ad950a-1c17-4190-87a5-6989476e0232,
937b16ac-79b0-4f84-a553-e637c8221d0d,87ba43a0-1992-4f7e-b411-2d97374dbe3e,
937b16ac-79b0-4f84-a553-e637c8221d0d,87ba43a0-1992-4f7e-b411-2d97374dbe3e,
bd9fe760-c4a8-4f38-8d17-57b96b7510cc,16b8d186-d2c3-4a73-aa03-efe356f34659,
0eb10601-5967-43b4-ac31-7a0080f9b497,3d5c2c5d-9a40-4aeb-9c0f-7144134cdd53,
0a4bb555-78a1-41ab-9cba-e7ddc09d35c7,2d04840a-92eb-473c-84b5-bf5616b3ce9f,
aefb8abd-31aa-415c-a09b-93ebfbf2a738,54e7ad89-4479-4398-95ba-3320b4557eed,
c327d958-f413-418f-91a6-0eac48af8628,de42b0da-f255-4e09-ae4f-6981c7eacc4c,
2d0225f4-a0e8-473f-bd33-5bca8ec73b2e,49ffecfd-ed4e-43b5-8d00-1228b2012535,
2e7aa81d-caf9-479d-983b-c8e913e66dae,49ffecfd-ed4e-43b5-8d00-1228b2012535,
5fb5118b-5d71-4533-831e-297c0543096e,210a84ea-92f4-4419-a3cd-a34986dfda5f,
46b8304a-3ac2-4221-8923-86fe4af024ef,210a84ea-92f4-4419-a3cd-a34986dfda5f,
c8a95e2b-6b4b-40f4-943d-4e818dda621e,0a2ad8c6-bc5d-4e4f-8085-1ef8ec12769e,
a8c58d4e-5ae8-459f-b32a-c49bb8843880,8faac903-9bb8-4781-ba2d-6909601ea68d,
798713c8-d0f7-45aa-b6ad-ad2b8b094e5e,0a2ad8c6-bc5d-4e4f-8085-1ef8ec12769e,
301e7bb4-bc54-468d-b478-0050176d64a4,f422a2b7-dc36-49a8-bc52-7cd9899e7b0c,
399cc6b6-6895-491d-a28d-6c2a09d4a9ff,1dfbd95e-cece-4088-8ee7-5a57e65f37e1,
425d6892-7ab6-4289-94ca-ee610d7c0af8,1dfbd95e-cece-4088-8ee7-5a57e65f37e1,
5fd927d8-efa8-449b-b335-7704d2442fe6,f422a2b7-dc36-49a8-bc52-7cd9899e7b0c,
db75933c-73ac-4bfa-85f1-a18042268676,35ffb47e-718c-4981-93b9-14467d5919f0,
29ec72f9-02f7-4efb-842f-ce535d6abac8,58c5d187-8f4a-4d2a-9cbf-9766a79604db,
c390bbd1-7538-479a-874c-4258af8e2cbe,58c5d187-8f4a-4d2a-9cbf-9766a79604db,
b634e306-7aa7-4cfe-bdc2-3e5f4bb3dda2,c63cb878-7ebb-4179-a0ba-1d6903a98940,
781e9811-f363-46f8-8123-6cf70914a385,58c5d187-8f4a-4d2a-9cbf-9766a79604db,
b46c8b14-285a-4d81-b041-0b1e14f84217,4cc0739b-3859-469f-b399-c520cb55e99e,
21b991a1-24ae-4bf4-b2c5-2d0df211c756,c63cb878-7ebb-4179-a0ba-1d6903a98940,
a851b8fc-c5c5-449b-8b72-3aeacfa06a7f,46e5ea7d-f724-43e7-9646-7653b8802cc6,
339d3fcc-2e71-40e3-b116-a1a66a7a81bb,722ddd5a-0514-45cc-9112-bd0e456b37ca,
4a244e0b-8689-4d9c-a43d-ef2eca70b696,61105517-369a-46b0-b5c2-b8caeb5b3529,
789505f4-69e0-4a80-ae5e-32a421114d7c,722ddd5a-0514-45cc-9112-bd0e456b37ca,
3c69603c-9e86-436f-99a9-7ff7b86ed8dc,5db067cc-ebb1-48af-aae6-38e66ee7c3c9,
5cfe2068-6c6f-4b1e-aff0-780c752ab0ae,61105517-369a-46b0-b5c2-b8caeb5b3529,
cea03f59-4f30-4ff5-98ab-774bb0e835f6,a64e0c93-c184-4949-a0d0-0850be073cc4,
ac454898-7abf-471a-b601-f607c7932d50,20aa3d7f-ae0f-4aa7-ad19-e11ccb582b7b,
db7efce8-9d94-4b36-8d74-2f3c2db2e0a7,a64e0c93-c184-4949-a0d0-0850be073cc4,
961e9f8e-8cf9-49ae-b352-9960c5c60d3f,c21aa7e6-1ab9-4e35-981b-2b23eb3aad70,
897cbdd7-97cf-4016-af8d-3c9e38e7793e,60f98576-7b86-4749-96c8-c4c066673452,
c415f44e-fc80-4988-9412-a923b93ccbc6,60f98576-7b86-4749-96c8-c4c066673452,
77f79228-30ee-44a3-b383-f053d832e385,85c74f93-6207-4f82-8fd7-eed6061f7e43,
e057a50d-8331-415f-a167-349452c78b01,e18d1d45-0923-4a67-b1af-f36257f24ab0,
15909c53-8757-4333-b941-22f3968c2293,35ffb47e-718c-4981-93b9-14467d5919f0,
800c626e-feb9-4bb4-86d9-423595e86c88,e18d1d45-0923-4a67-b1af-f36257f24ab0,
cb00fa12-f6d2-4191-a4c5-3de3736a5e95,f422a2b7-dc36-49a8-bc52-7cd9899e7b0c,
1f3c1774-c7df-4db1-8494-185f9a60f115,516e34b0-dc00-4bb8-8ab6-c80fa055ee9a,
5e0400ef-6bdc-4330-9c15-9d625b508a72,b56cef8a-ea05-4a06-9e23-6ceaa3000a0a,
7d50140d-2738-40de-891c-ec9d58cdda23,86d986b1-5c5d-40ed-9a67-2a8c50161174,
9a11c6d6-dfde-4daa-9138-df8ad05e1686,54e7ad89-4479-4398-95ba-3320b4557eed,
46c67d07-edad-4187-825c-e874ccce9b0b,b56cef8a-ea05-4a06-9e23-6ceaa3000a0a,
7ce6be47-7b3d-4fb1-aa7a-0cd5be6f3dd1,a0de8849-ebf8-4614-9e18-459d336b258d,
343f1746-7f68-4c03-9f22-448e9a9bf609,a0de8849-ebf8-4614-9e18-459d336b258d,
ef14c2ae-04c7-4955-a2ba-fda4aad2f442,1a0376c2-69ad-464d-a493-3af401ee0059,
e12f9b94-635d-4b6f-99b2-9ee21a51e607,a0de8849-ebf8-4614-9e18-459d336b258d,
736a5859-7b77-461d-99cd-8626db901f45,61105517-369a-46b0-b5c2-b8caeb5b3529,
ed4d9652-7258-49eb-aac7-0734715c9d12,1b60e4bd-f427-4e35-aa56-75cfb7df422f,
572d431f-7de5-4dd6-b8de-a79c67905e0c,,8723a5e1-145e-4e11-a7f0-6401296fcae2
3e640230-51dd-4793-82b0-6d610a20ab51,,4335a07e-7483-4250-bd7b-8c047f29b69d
fad32479-a23d-48fe-a8d7-937973936101,,8723a5e1-145e-4e11-a7f0-6401296fcae2
f79c722c-4e8a-4198-9d58-c8d8b497c43c,,8723a5e1-145e-4e11-a7f0-6401296fcae2
c8fd2ec6-285a-4655-b497-e06c24f2a62c,8b87e9ec-72c5-4fca-b92c-6322011c6b9d,
c6667138-9f1a-48f0-854e-18e9da21edd4,7628ad55-9dd0-4d83-9c7f-261cd70e5127,
ff7cf4cc-d1c9-4138-aa06-8f4782dab820,7628ad55-9dd0-4d83-9c7f-261cd70e5127,
6f8b68c5-b36d-47bb-8051-803a498729e5,4ef37eb8-f1c7-4bdd-939c-ed56308976e7,
64fdb2c2-e370-4db9-b59d-c10e155a9eed,25eade60-92b4-4e68-a69b-4892493be104,
1eec347f-81c7-4219-9494-68efa01be5c8,35ffb47e-718c-4981-93b9-14467d5919f0,
b38ee3f1-d3b0-4738-8217-0d519a6a8c33,420a09dc-7231-4082-967d-a234bea312ce,
318bb96e-cce3-47f2-8d20-fec41526c59d,d6758d32-1f77-487f-a553-63fc63645f96,
91c7b138-e438-4bc9-9421-2764b9e1c4f7,1b16a769-d4c3-42e4-89a4-e8235357ef0f,
792265de-5942-453a-8d2b-cddb536f1425,1c8259c7-cd33-4818-ba37-67dfd3b6968a,
3dcda0b9-707b-4f71-b220-819c0aa4de36,60f98576-7b86-4749-96c8-c4c066673452,
8a118965-19e0-4c95-885a-46444e56c2f8,6b39ce62-fd37-4d24-afad-f2ad3cdcbf87,
1ef451dc-721a-424d-b193-6b1d914c1c5e,54e7ad89-4479-4398-95ba-3320b4557eed,
05e42033-861c-4a9c-a1f1-2685ac875ce2,54e7ad89-4479-4398-95ba-3320b4557eed,
aa26e70f-e21b-46df-a75a-50c0f0afc246,3da0e77e-cce5-44d9-bc8a-2092586d3ad0,
143944ff-73f4-452c-9002-43124fb010f0,3d5c2c5d-9a40-4aeb-9c0f-7144134cdd53,
56483810-447c-4f97-959c-4ee8bf2c72a9,54e7ad89-4479-4398-95ba-3320b4557eed,
5c6b6058-27ea-414f-8805-fd4e160a6662,7fa18437-4755-468b-b404-44014e12f45f,
dc18a778-e8fe-4a12-bd4c-44d10d0a9b51,d6758d32-1f77-487f-a553-63fc63645f96,
05ef6484-c027-474f-9869-d6fb259f5857,5b9519df-0f75-4d7f-b9bb-952ac259774f,
4c6f03c0-8e4d-4604-b7f7-6277d744cc15,f422a2b7-dc36-49a8-bc52-7cd9899e7b0c,
a085a315-2808-4184-9b8e-3f51d4e540ce,bef39e60-c693-432e-a800-30f651169acf,
d30945e9-5b81-49f8-a036-c8e824c7da7b,f422a2b7-dc36-49a8-bc52-7cd9899e7b0c,
7ddb5842-f8c8-4e2c-b4b7-381a78344dbd,7294d6d0-ca7f-4410-a9ca-345b37eeed5e,
28f5497d-7e09-4b44-bfc4-d843ac6929d2,7294d6d0-ca7f-4410-a9ca-345b37eeed5e,
572c18af-0f69-407a-b47a-9be2e9f258a7,c63cb878-7ebb-4179-a0ba-1d6903a98940,
7ef897b2-5705-4fa5-b0ab-a46e1c50fd37,46e5ea7d-f724-43e7-9646-7653b8802cc6,
4ac2e469-eba0-452c-bede-855b641750d6,8324ca57-47b5-41ee-9bb0-087ad6f9bd0a,
be9b49e2-a687-4ce3-900a-5b16f6675ce6,88560fbf-c8f5-4245-b8d8-b2ed6ce82b3f,
37656e45-21ef-4ec0-90e1-ec9ee44304f3,32637fbc-d30b-4c83-aef5-32597107b6df,
7f6550b6-a39f-45f2-bc22-f5bff0253125,e686d108-58c2-44d2-abda-d8f39d9023e5,
a34c7b35-dc2a-4490-b346-436bf794e94f,60f98576-7b86-4749-96c8-c4c066673452,
22020730-77a0-487a-951b-b3cdd3e23b6f,32637fbc-d30b-4c83-aef5-32597107b6df,
c416a5f7-7077-4535-bd09-24062c7a9d8c,0c19f8d1-6d21-476e-9698-e75a55fec771,
aaf82212-f12f-4ce5-98db-d88fe58fb74d,35ffb47e-718c-4981-93b9-14467d5919f0,
dd0c3b57-b62b-43a3-849d-4325a1a46cb3,58c5d187-8f4a-4d2a-9cbf-9766a79604db,
97f46a1b-6b36-4edb-9cbd-38e08868f601,60f98576-7b86-4749-96c8-c4c066673452,
9f5f1be1-20cd-49af-b136-8a61d93d311d,60f98576-7b86-4749-96c8-c4c066673452,
f3d8dedc-f6b1-4e86-a3e7-41f8f2e9f7ae,58c5d187-8f4a-4d2a-9cbf-9766a79604db,
8d89f0f4-e82e-4ef7-b4b3-e43d156bd179,7fa18437-4755-468b-b404-44014e12f45f,
df7ccba2-4975-4315-940b-b2a0d65818f7,f422a2b7-dc36-49a8-bc52-7cd9899e7b0c,
1f3a119a-3f44-4e8a-94ad-812bc3bd691c,a9e9d644-a808-46e4-aa37-36bf8a7acf04,
9c27fdc4-0e56-464c-9eb8-e98d072c9b94,96807aef-9bdc-4abf-85cd-03aa8aad3ee0,
13b28c4e-f24b-4ae7-933d-66494293b064,2d9abc15-096c-4aa0-8af9-4495806c5b1e,
ef542778-fd90-49e6-9321-36c6c06dab51,516e34b0-dc00-4bb8-8ab6-c80fa055ee9a,
86715d18-2c87-4586-91a7-b60b18f82211,54e7ad89-4479-4398-95ba-3320b4557eed,
000851fc-d7e4-4029-b7b9-819cc1c8883c,d6758d32-1f77-487f-a553-63fc63645f96,
b4f7abf0-7580-4573-b5c5-381561dee10d,516e34b0-dc00-4bb8-8ab6-c80fa055ee9a,
6bc999a8-d273-4009-9b6a-a8ff2af4a617,516e34b0-dc00-4bb8-8ab6-c80fa055ee9a,
482d65aa-c5c6-4f87-a3bf-f950e33a0ace,d6758d32-1f77-487f-a553-63fc63645f96,
801b3905-141c-4a86-9823-843d98b01fda,e18d1d45-0923-4a67-b1af-f36257f24ab0,
7e1d9109-0155-4eb4-9694-d0e9cabe798e,e18d1d45-0923-4a67-b1af-f36257f24ab0,
d0623f8f-0142-42e9-8ee0-ae3c6bf828f1,b2aed146-5b75-4cff-8d3e-e4cf36cccbfc,
2433939b-9f0c-4c82-9ccb-67313638aa65,8ad770ed-b9f9-421f-ada5-3d0498423c4a,
68abd920-01be-4f7a-9ceb-99fbd2e3759e,c21aa7e6-1ab9-4e35-981b-2b23eb3aad70,
d1583773-8f67-4e17-9827-45afbe6818c3,2d04840a-92eb-473c-84b5-bf5616b3ce9f,
a5336d82-fa13-4eb9-aed1-bbfd77f4e134,54e7ad89-4479-4398-95ba-3320b4557eed,
c4b9a0e1-e313-4bf8-9296-db788360b53e,f1661c33-1493-4ef8-94ba-3bc39fa50ec0,
7438a406-fdb0-4cd1-8551-8265fe8645dc,f1661c33-1493-4ef8-94ba-3bc39fa50ec0,
40ac45d9-1d81-4990-b358-b35be78dca92,1a0376c2-69ad-464d-a493-3af401ee0059,
74b292f5-6a8f-4be8-8d66-ce66acc31f5f,2eccd99c-2be3-4d10-9da8-521025074626,
e84012a5-8973-4cff-a2ea-fb03d44ee3d5,82767757-306d-45b9-b45a-41b1b23b542a,
9346845a-29de-4b5a-a94e-8c45ed642c02,82767757-306d-45b9-b45a-41b1b23b542a,
c5f09b9e-f6af-43b1-8d2c-b40e8c17c377,4cc0739b-3859-469f-b399-c520cb55e99e,
7e64da2d-4ab2-4fda-b3bb-a28d98ed6867,1c8259c7-cd33-4818-ba37-67dfd3b6968a,
2cd7bde2-93ed-401e-80fd-c206f2604c1a,1c8259c7-cd33-4818-ba37-67dfd3b6968a,
99972ceb-026a-4043-a092-f5a41578cd07,de42b0da-f255-4e09-ae4f-6981c7eacc4c,
8613c3d8-db1e-4312-8fd8-85b19762f667,26ad950a-1c17-4190-87a5-6989476e0232,
596b6216-b5fc-408b-a2b0-5f4227a469c2,26ad950a-1c17-4190-87a5-6989476e0232,
3a429330-6dc9-4a00-81c8-33bffb87cd7b,54e7ad89-4479-4398-95ba-3320b4557eed,
7c88f046-1206-419b-a03c-6fafd2c9cc4d,210a84ea-92f4-4419-a3cd-a34986dfda5f,
207c6cc5-300c-407c-aa64-d3a808faf5d7,54e7ad89-4479-4398-95ba-3320b4557eed,
8a3f47c3-cb72-4069-8c40-e7f9249d63b4,54e7ad89-4479-4398-95ba-3320b4557eed,
ebb7d936-5ff5-40c7-a2e6-9d5a33a3a764,de42b0da-f255-4e09-ae4f-6981c7eacc4c,
1fe1e8e9-33fe-4c30-84ca-557e54350a87,7c12dfa6-6769-450f-bead-6c44e62572f1,
315d6b59-5475-4b39-9fe5-008099577d5d,7c12dfa6-6769-450f-bead-6c44e62572f1,
c612222c-6282-4cb0-aa82-9be030ee4ac6,61105517-369a-46b0-b5c2-b8caeb5b3529,
84e94e5f-b9c1-4c8d-99e7-5e09a3100097,46e5ea7d-f724-43e7-9646-7653b8802cc6,
4704e4de-05c0-4c9f-901e-177cbeaa66d2,4ef37eb8-f1c7-4bdd-939c-ed56308976e7,
9017dea2-1f3e-4445-8132-0beca7ebd0cf,da7b46dd-26d3-41dc-85cb-656422c35041,
db271d17-b5e3-4c9e-bab8-57a4f51dfa33,da7b46dd-26d3-41dc-85cb-656422c35041,
c85f4bf8-404d-4a79-bfee-ac5517b61f81,4ef37eb8-f1c7-4bdd-939c-ed56308976e7,
8d07994c-97ab-4a3e-876c-b4df400fea9b,46e5ea7d-f724-43e7-9646-7653b8802cc6,
c1483cb4-52c4-4187-be7f-2f8aea6aa2c2,5df72eab-20ab-4785-9fdd-e7599b001518,
a0bf7a25-e492-4e25-a369-cbca132dff42,a771ac9f-9a95-4086-b5a1-76d2419719fa,
1e1218db-fdb6-4643-b6c6-09ae461946ee,55aa096e-82a9-48d0-8479-10ffcdefe63c,
225ae842-7d5f-44f0-b452-1c83c6240718,35ffb47e-718c-4981-93b9-14467d5919f0,
a120c2cd-7ad1-4505-bca8-f28662d6d3bf,35ffb47e-718c-4981-93b9-14467d5919f0,
39a8bd3c-1aa3-4d2b-8e32-b180aba14984,8ad770ed-b9f9-421f-ada5-3d0498423c4a,
72408df1-c1a5-48e3-89d8-8dbc89cec38d,e18d1d45-0923-4a67-b1af-f36257f24ab0,
d20daccf-87c5-43cc-b298-d85992c90975,1b60e4bd-f427-4e35-aa56-75cfb7df422f,
1beda34a-df8c-4022-9195-355028a39f42,25eade60-92b4-4e68-a69b-4892493be104,
1399347d-bb5b-4225-bab5-1bbc66ae2d90,25eade60-92b4-4e68-a69b-4892493be104,
ca20c0ff-95fd-463c-af81-6c3e1ece6d61,3d5c2c5d-9a40-4aeb-9c0f-7144134cdd53,
60bf1297-6918-42de-a4c0-61e2199cc65e,3d5c2c5d-9a40-4aeb-9c0f-7144134cdd53,
54169cfd-048e-4aff-b7ed-0ca0888005d7,7fa18437-4755-468b-b404-44014e12f45f,
fbe9eee7-a2ec-48ef-8d68-eba45b09de8b,7fa18437-4755-468b-b404-44014e12f45f,
ea1b9d4a-be00-4fcf-8464-1cfc83d2b0f8,3d5c2c5d-9a40-4aeb-9c0f-7144134cdd53,
cc697074-189e-445b-85da-942fcfd797e5,20aa3d7f-ae0f-4aa7-ad19-e11ccb582b7b,
ba1b62c9-5202-4c6d-b31a-3c5a2a6d80ac,7c12dfa6-6769-450f-bead-6c44e62572f1,
bf243913-36f3-4897-9b34-27dd990f7d13,20aa3d7f-ae0f-4aa7-ad19-e11ccb582b7b,
c9e4dd97-5607-46ca-bd54-ee7411b0275e,a64e0c93-c184-4949-a0d0-0850be073cc4,
5f771ce4-9b49-42b8-85f2-c86392ded539,86d986b1-5c5d-40ed-9a67-2a8c50161174,
0906ee10-77a0-436b-919b-29f7be54ed46,c63cb878-7ebb-4179-a0ba-1d6903a98940,
2be03dfa-20f6-4a4b-ba26-6a0d33806fc7,c63cb878-7ebb-4179-a0ba-1d6903a98940,
aa1ec96b-8351-4aab-ac8f-69f026267c41,1b60e4bd-f427-4e35-aa56-75cfb7df422f,
3e9eb28a-f52a-4d2c-900b-adc02e61ae62,e097e62e-8ae9-4b17-96db-5c58d483b25c,
3ea14645-cab8-414f-872a-17893e3f904c,d6758d32-1f77-487f-a553-63fc63645f96,
7892d1cb-e9cb-4210-9bd5-58329a4dd81a,241ae581-645a-4c85-abc8-f24eb4e76616,
c109d633-bcbf-45e4-83f2-86994f433c05,e097e62e-8ae9-4b17-96db-5c58d483b25c,
41bf3564-d3dd-4438-a5b3-d37561ce0062,2d9abc15-096c-4aa0-8af9-4495806c5b1e,
8345bebb-0236-48db-b1db-ff8c91e8f115,077f4458-4124-4d12-9606-8139b6e59202,
46c14290-8b03-400a-8aaa-e86b4ae44eda,53cc559e-4169-4972-a033-aac9d75fa8bd,
d1d6029b-8c61-486b-bb82-bbfd0e932553,a1dfc044-da3c-474a-ad5d-5fc957bfa4fc,
c1720b73-212e-4094-a8e0-0167dca0099f,46e5ea7d-f724-43e7-9646-7653b8802cc6,
fdcbbb33-0b5e-49af-9f95-f2bad9b99d80,1a0376c2-69ad-464d-a493-3af401ee0059,
0b8d9a77-7c35-4583-80f8-d632411d3348,53cc559e-4169-4972-a033-aac9d75fa8bd,
12d9b8de-91cd-4371-94d0-bbfdd1e3657b,e18d1d45-0923-4a67-b1af-f36257f24ab0,
edee7253-b51a-4c7a-972c-d355ea56b7b0,5289223c-1b7d-4b28-aeb0-b406d8b26184,
5d91c8ed-715b-443e-bda3-24c7e0e27f63,d6758d32-1f77-487f-a553-63fc63645f96,
03c0b144-260c-485b-bb50-02ba3dea60a1,d6758d32-1f77-487f-a553-63fc63645f96,
0ed88407-2754-4075-8e72-885d974e2832,de42b0da-f255-4e09-ae4f-6981c7eacc4c,
81b01568-a65c-4986-ad07-6546b4850644,a2f67cf5-d2e6-4ef0-820b-9af0d5ad7154,
e58307d9-8ddf-49a0-814b-d417f343a9c9,35ffb47e-718c-4981-93b9-14467d5919f0,
a1a56f8e-8d50-4034-ad71-d7d457ee634f,a0de8849-ebf8-4614-9e18-459d336b258d,
d0be15fd-9abb-45e5-8a85-7612226bd2bb,35ffb47e-718c-4981-93b9-14467d5919f0,
4f96715d-d97c-4752-b62f-a8fc83d6fc29,f5a38b77-27f9-489c-b249-0e516e78c09e,
2e95c84b-7b31-47bc-ba00-5d6c3916cb8b,cebc771c-6823-46bb-a613-b5a50258e56c,
910e3d55-a1a3-4ba1-a86b-8fe174e717df,6aa36ca8-1192-4c80-86dd-dc414c551efa,
a11d7751-6bf7-47af-a7f9-95ff6cd84e32,e94b4b68-ee9e-4e25-80ea-8794fb57f78c,
b17dfe63-273d-4dcb-9368-b8fa4805c80f,e1695e56-6eee-4546-9df0-6911c7346632,
fb728a6d-f63d-41bb-a13f-698c669bf3d2,59061e83-c59c-4d95-86dc-4fab4138eff6,
b56154f6-c781-4973-a111-43a28a4b08c5,1e3505d4-31ca-4dbb-9ef2-ce78d85203d2,
291ee06a-2e41-45a2-9afa-159904a94b19,1f441c42-503e-48b0-a832-a0752a66aad9,
cd6aac97-29bf-4a56-a722-c5505a7b4d09,88560fbf-c8f5-4245-b8d8-b2ed6ce82b3f,
8ba62cb3-f436-4f54-b17f-1d128286aa80,3d5c2c5d-9a40-4aeb-9c0f-7144134cdd53,
1b085899-af8b-4578-8657-17a5752eb87d,0c19f8d1-6d21-476e-9698-e75a55fec771,
b9af8413-3041-43f4-984f-ff8c60ac11cb,2475d0b6-26b5-4a0d-bcb0-91ee9bd085b4,
1939990f-eb7a-45ac-8a64-b82aea442137,0c19f8d1-6d21-476e-9698-e75a55fec771,
6268784d-204b-47db-848e-e22c52e05c6c,f422a2b7-dc36-49a8-bc52-7cd9899e7b0c,
fceb1d06-4b93-4e73-a9ec-5d1a81b56238,f422a2b7-dc36-49a8-bc52-7cd9899e7b0c,
e04a659e-fe55-4df9-bccc-f14772ffda16,8752369d-b1c6-4469-8f22-062e0ce14295,
d34f4dca-3775-4f85-92e1-b3eb08ecf94b,d6758d32-1f77-487f-a553-63fc63645f96,
9048fb6e-f050-4d5e-88f1-23ea81ae9ee4,61105517-369a-46b0-b5c2-b8caeb5b3529,
c186379c-5877-4c23-8fd8-c35abc75f877,58c5d187-8f4a-4d2a-9cbf-9766a79604db,
d927ee46-d43f-4af9-822c-95b92cd59a2f,58c5d187-8f4a-4d2a-9cbf-9766a79604db,
53cda330-abf2-494b-9a25-e50330ded9c1,d6758d32-1f77-487f-a553-63fc63645f96,
7b1130f9-c89f-472f-964c-a47b7b635ee5,af73097d-94a7-4685-9591-d803a885ee84,
b133f6de-169c-4402-9959-2f9d2f861141,99ff70dd-4335-4548-ab53-f75eaca2eccc,
7f2644b0-6717-48c8-831d-1dcac84bc097,e18d1d45-0923-4a67-b1af-f36257f24ab0,
ed8d4a76-1247-4b93-83dd-c70026a75774,1dfbd95e-cece-4088-8ee7-5a57e65f37e1,
4e4a9120-e4cb-4db7-bc42-491fd170ce61,1dfbd95e-cece-4088-8ee7-5a57e65f37e1,
ada33d58-d1d3-4c30-871e-de92e0c69c83,54e7ad89-4479-4398-95ba-3320b4557eed,
79e8436f-ec19-42f8-bba2-ea1d124ae889,1dfbd95e-cece-4088-8ee7-5a57e65f37e1,
5c63d1f1-4c2e-453e-8952-b5abbae6ec4a,54e7ad89-4479-4398-95ba-3320b4557eed,
6a36fa89-80e4-4b45-9b21-96a627f45858,60f98576-7b86-4749-96c8-c4c066673452,
4bc12f25-7f9e-4e58-9e85-7e75a306f6f5,e7f08e6e-9d7a-4b42-82bb-7b7ced69d3d2,
acadcc08-fa50-40f7-ae57-a9781376feaf,b29771d6-8bee-40ff-a539-17d3520bd832,
2775f5dd-e15d-40c5-9f82-17ddc29ef40a,bef39e60-c693-432e-a800-30f651169acf,
e6863af1-0322-4459-9504-d2b723a05936,46e5ea7d-f724-43e7-9646-7653b8802cc6,
9f766ac9-9209-47cd-92f8-e31c7ea7e204,5289223c-1b7d-4b28-aeb0-b406d8b26184,
1d58d333-b8c1-44f0-b331-1dfc8582e3cf,54e7ad89-4479-4398-95ba-3320b4557eed,
ce374417-4b47-472b-9756-30f96c626849,942ef421-46a2-4510-b3c3-ca09c6759ffb,
5699dea2-55b9-4601-b37a-f93d1615c8a5,22bc6145-7ede-47c2-8301-0816eb962c90,
dc75bc65-822c-4527-aa31-3bd1e380de8b,60f98576-7b86-4749-96c8-c4c066673452,
dfd0f00c-dd4f-4504-bde5-2186379502bd,4ef37eb8-f1c7-4bdd-939c-ed56308976e7,
d23312ff-0abb-41eb-8659-73bb72a02de8,e1695e56-6eee-4546-9df0-6911c7346632,
c7bc0a91-d7ce-416a-9533-481e5c761344,60f98576-7b86-4749-96c8-c4c066673452,
9507b837-3d82-4336-aba6-7a16f2f26a54,1e3505d4-31ca-4dbb-9ef2-ce78d85203d2,
9151780b-978a-431b-8b8f-dd83c329cb60,d6758d32-1f77-487f-a553-63fc63645f96,
880f4674-4471-4230-9260-7e05ae62cef3,59061e83-c59c-4d95-86dc-4fab4138eff6,
c82811f8-1d75-4724-82fb-0e7191b6b69d,1e3505d4-31ca-4dbb-9ef2-ce78d85203d2,
2a5414f5-5f99-4d8f-8f73-21eda07b4c7b,d6758d32-1f77-487f-a553-63fc63645f96,
5f437566-a66d-41b7-8a8a-d043a6ea749d,61105517-369a-46b0-b5c2-b8caeb5b3529,
ab446be6-0b0a-434b-8475-bb19069d8112,f422a2b7-dc36-49a8-bc52-7cd9899e7b0c,
b416de13-914a-4801-9bbd-10047fa70805,ecd9bf03-ddae-4d6c-8568-a539e09dbce3,
bd16248d-eb71-4ffd-b082-628b65e29a03,ecd9bf03-ddae-4d6c-8568-a539e09dbce3,
1147f710-e991-4ae3-9f93-f5d55cf65825,f422a2b7-dc36-49a8-bc52-7cd9899e7b0c,
c67d039a-b292-40bc-92c8-9bedeb8f005d,61105517-369a-46b0-b5c2-b8caeb5b3529,
19321b23-79d9-44e1-ac6d-3fd2517f56f0,f7319a7d-2e62-475f-8a99-f268c9371e3b,
e9848cf9-7c4e-48e5-b100-16744564defc,58c5d187-8f4a-4d2a-9cbf-9766a79604db,
3af6f721-9f8e-4799-93fe-0674d9487216,c63cb878-7ebb-4179-a0ba-1d6903a98940,
c9815f7e-7a9e-4cd1-b413-bff5d615e9ca,1b60e4bd-f427-4e35-aa56-75cfb7df422f,
b9d36aea-6a75-4ca0-a56e-89a9ba7dda2b,78e54150-fd5d-4d53-8c5b-030dc80ca991,
e2c82ed7-a7dc-4587-86ac-ff46bcc79bb8,e18d1d45-0923-4a67-b1af-f36257f24ab0,
9516890c-92f8-474c-bb9f-cb86da619367,78e54150-fd5d-4d53-8c5b-030dc80ca991,
d5e61721-7847-441b-bba2-f36f84d88931,35ffb47e-718c-4981-93b9-14467d5919f0,
20934405-02a9-4033-b67a-a7c2dcb07403,35ffb47e-718c-4981-93b9-14467d5919f0,
8915118f-e0ef-4ec4-bfec-50fc84c4f948,78e54150-fd5d-4d53-8c5b-030dc80ca991,
3c73871f-b19f-4271-8208-2ccb4d56d5f3,78e54150-fd5d-4d53-8c5b-030dc80ca991,
1e6ef18a-cea7-4870-966b-0103dc788861,d6d1a61c-0a31-41aa-9bc5-ba8c6f5308c0,
e207df8b-cef7-4d85-92ca-144d56962518,2a93140e-13ed-4888-9422-feffd1939c8d,
53ec4198-eb0c-44d2-9f0b-1feff4b166f5,35ffb47e-718c-4981-93b9-14467d5919f0,
3c15a504-6268-4834-a1f3-92e0244995ed,7fa18437-4755-468b-b404-44014e12f45f,
77890211-e6f8-4288-8c7c-de988b98d8d8,3d5c2c5d-9a40-4aeb-9c0f-7144134cdd53,
ec7c067b-418b-44aa-9007-a3496eb9c264,1b60e4bd-f427-4e35-aa56-75cfb7df422f,
e8cebace-091a-4e57-ab7c-a773ca467897,35ffb47e-718c-4981-93b9-14467d5919f0,
826dafd4-f99a-40bd-96e5-f09e966d6277,35ffb47e-718c-4981-93b9-14467d5919f0,
58af2186-08c4-42c0-a836-d74cb7f0c8d7,35ffb47e-718c-4981-93b9-14467d5919f0,
e373d3be-6f8f-49fb-bcbe-11bb05e9e6b7,86d986b1-5c5d-40ed-9a67-2a8c50161174,
31a26824-81ad-4b2c-8ad6-0db3955eb3c2,86d986b1-5c5d-40ed-9a67-2a8c50161174,
92de8d6f-9858-404e-9dd5-2ce7ff5829b4,516e34b0-dc00-4bb8-8ab6-c80fa055ee9a,
9735318f-8a13-4de1-9e90-2023fe435ebe,32637fbc-d30b-4c83-aef5-32597107b6df,
66f55263-85c6-4af6-8add-ba0d562a4d79,516e34b0-dc00-4bb8-8ab6-c80fa055ee9a,
84f505bb-e371-4b8f-86bd-aadfd3c84fcd,60f98576-7b86-4749-96c8-c4c066673452,
5693de10-eac6-4cee-9173-76ae6fc6d734,1b60e4bd-f427-4e35-aa56-75cfb7df422f,
39916701-75f4-4791-8d85-b5f591d69d10,35ffb47e-718c-4981-93b9-14467d5919f0,
a765abec-05e2-4d8b-aeaa-f573e6b765d1,210a84ea-92f4-4419-a3cd-a34986dfda5f,
