drafter_id,draft_id
dde00453-0852-41eb-b978-80a39ef83ad0,878eb446-72a0-4b08-aa9d-a165ae0ec6c1
58da69ee-15ed-46f1-a8e2-d89feccd768f,878eb446-72a0-4b08-aa9d-a165ae0ec6c1
c1d4eec2-0cdf-4336-870c-12a4f0948fca,ea8a8ef5-6372-4faf-a73f-eb0512abef2e
899cab19-86d2-4022-b615-8c4c9dec9db9,ea8a8ef5-6372-4faf-a73f-eb0512abef2e
9659bda8-236b-44ce-a244-e9f32748b7a0,302b2148-cc0f-4e7e-8f3b-b2ef762dab74
4e4b17bc-150a-4e99-a2a3-4b6475d42d44,302b2148-cc0f-4e7e-8f3b-b2ef762dab74
58207226-03a8-4883-bf00-338eb5124042,5c9b1a87-8a97-49d6-b24a-eec66c9e45fb
5931091f-4c76-42d8-84dc-96bec9e3d597,5c9b1a87-8a97-49d6-b24a-eec66c9e45fb
81937b1d-0621-4f38-b962-a4c1e476911c,53ca0528-d400-4006-b085-bb611e964d43
dde00453-0852-41eb-b978-80a39ef83ad0,53ca0528-d400-4006-b085-bb611e964d43
5931091f-4c76-42d8-84dc-96bec9e3d597,9e7dece2-c9d3-4756-9126-1a9beeba7d4b
5fe205b1-86d8-438c-9ea5-84447e521562,9e7dece2-c9d3-4756-9126-1a9beeba7d4b
f84ec475-cba0-4525-a786-ccea39b90167,3ae28710-af89-4d61-8e1b-d5d252e166b1
c1d4eec2-0cdf-4336-870c-12a4f0948fca,3ae28710-af89-4d61-8e1b-d5d252e166b1
669cebfa-73d4-494d-b3fb-8e8634548991,1bde2149-1f79-4e9d-b90c-150789c1a2c8
6079d86e-cb44-4c58-adf0-c6e72f663069,1bde2149-1f79-4e9d-b90c-150789c1a2c8
d161375a-334b-4d13-b311-f66604f0fdf4,18b37052-4535-4649-8fcd-4eacf8603385
281ad12d-b37b-43f7-9152-43a9d3fceb48,18b37052-4535-4649-8fcd-4eacf8603385
5931091f-4c76-42d8-84dc-96bec9e3d597,0e7390a6-cfe1-4564-b522-6494497000cc
76476f3e-5719-48ef-9b7c-6411b7b1a44c,0e7390a6-cfe1-4564-b522-6494497000cc
9659bda8-236b-44ce-a244-e9f32748b7a0,e5be71cf-d991-41ac-996a-f88db567c5f2
14b5a11d-292c-4751-bd24-1b3292c097b5,e5be71cf-d991-41ac-996a-f88db567c5f2
f8136f2e-00f7-4049-8b87-3d7801ab6fd9,3588e7c1-42ed-4cee-b83e-9cf014309b10
fbd32f95-6cc9-4b15-80b1-ff7441aa226a,3588e7c1-42ed-4cee-b83e-9cf014309b10
dde00453-0852-41eb-b978-80a39ef83ad0,1c87ea9e-6023-4c78-8ca8-e1348dc51818
f84ec475-cba0-4525-a786-ccea39b90167,1c87ea9e-6023-4c78-8ca8-e1348dc51818
c1d4eec2-0cdf-4336-870c-12a4f0948fca,1c87ea9e-6023-4c78-8ca8-e1348dc51818
76476f3e-5719-48ef-9b7c-6411b7b1a44c,fac8db87-2002-430e-8540-9e9d25df31aa
ca18dc40-b3bd-4914-ae6d-428820352998,fac8db87-2002-430e-8540-9e9d25df31aa
44cb3279-40b8-4da8-90b7-e43c0b47d9b8,49ec3cfd-da6e-4f56-bd05-0ac67cfc4f34
079a31ff-980f-4958-ae11-8ecf5e6e5813,49ec3cfd-da6e-4f56-bd05-0ac67cfc4f34
4ddaf216-311b-436c-8678-31855455f1d1,3e787702-e24f-4a0d-b2b4-4ee9b284f102
63551973-8b0a-44b0-b9c0-d5ba269f4571,3e787702-e24f-4a0d-b2b4-4ee9b284f102
5931091f-4c76-42d8-84dc-96bec9e3d597,f4eff735-1f2c-46ed-aca5-d9c3b0d0de91
443af912-1e5d-44a5-8f26-fd66a42f3651,f4eff735-1f2c-46ed-aca5-d9c3b0d0de91
f84ec475-cba0-4525-a786-ccea39b90167,16f220f1-c7ff-4628-997e-2e31e31d79a7
c1d4eec2-0cdf-4336-870c-12a4f0948fca,16f220f1-c7ff-4628-997e-2e31e31d79a7
dde00453-0852-41eb-b978-80a39ef83ad0,7579285a-3b28-4f08-8acd-f2e70d4d547e
5f9128ba-0d15-486a-80b1-e6ad64f6f32d,7579285a-3b28-4f08-8acd-f2e70d4d547e
6dbaaa42-3673-42a5-a368-94a5cb9e30f3,a469a0bb-b5e5-44cd-b6e1-5a6f5c48feb9
65147498-f878-45af-a3be-b3e19123e360,a469a0bb-b5e5-44cd-b6e1-5a6f5c48feb9
f84ec475-cba0-4525-a786-ccea39b90167,0f480291-42cd-4de7-8477-7d8dd6e713cd
c1d4eec2-0cdf-4336-870c-12a4f0948fca,0f480291-42cd-4de7-8477-7d8dd6e713cd
dde00453-0852-41eb-b978-80a39ef83ad0,4a20dafc-cb75-4858-b938-b16b406af897
f84ec475-cba0-4525-a786-ccea39b90167,4a20dafc-cb75-4858-b938-b16b406af897
58da69ee-15ed-46f1-a8e2-d89feccd768f,4a20dafc-cb75-4858-b938-b16b406af897
c1d4eec2-0cdf-4336-870c-12a4f0948fca,4a20dafc-cb75-4858-b938-b16b406af897
16659352-5ee7-415b-9840-56801fee6c8e,07a15e33-ffca-4224-87e8-46073efec33a
c1d4eec2-0cdf-4336-870c-12a4f0948fca,07a15e33-ffca-4224-87e8-46073efec33a
c60bd19c-2c6c-4913-93eb-7627acaa98a4,5c1326ed-7fa1-4cd0-b336-a8a968c69b70
28620fb5-e293-4479-9210-c32fe45bd450,5c1326ed-7fa1-4cd0-b336-a8a968c69b70
dd874c30-2cb7-4724-a30d-27ad3f162ce2,910e76dd-4f7c-449d-8769-a815ae6041a9
85cf9842-6abe-4e64-8ed4-e6a4f40ecb03,910e76dd-4f7c-449d-8769-a815ae6041a9
17a61cb8-6c29-4ffd-9875-9f391c915884,43dc286a-6f65-4714-9259-ef910ad269a6
398a6d10-0efb-4fe3-9a1b-2b47435ed44f,43dc286a-6f65-4714-9259-ef910ad269a6
e1c8d40b-ac45-4a1d-b118-ed64d03cb899,2d9e2836-39fb-47ed-9ab6-d40a08c4c1a8
5877d3ff-ae30-4a1b-ae39-7330d7dd3af1,2d9e2836-39fb-47ed-9ab6-d40a08c4c1a8
86759d9f-5613-4578-b74d-14f80217c675,9f2425ed-17fc-4746-b4a4-9073251b2f57
e6fa10cf-5d2c-4690-9f98-6a55d518547a,9f2425ed-17fc-4746-b4a4-9073251b2f57
f84ec475-cba0-4525-a786-ccea39b90167,d7ab4637-8376-491f-8f1a-c8a3651405d1
91435349-16f2-4740-a107-f370aa0abdf4,d7ab4637-8376-491f-8f1a-c8a3651405d1
5931091f-4c76-42d8-84dc-96bec9e3d597,f88a3cde-d149-4e94-92ef-953dc03edbe3
dde00453-0852-41eb-b978-80a39ef83ad0,f88a3cde-d149-4e94-92ef-953dc03edbe3
76476f3e-5719-48ef-9b7c-6411b7b1a44c,84f92d8c-a6b2-4e94-ab3d-6b7b0fcc0a9e
6cb8b73a-f7b5-411d-b343-e12da3bc89ae,84f92d8c-a6b2-4e94-ab3d-6b7b0fcc0a9e
c8f2614b-396b-4403-baf3-988ef537ba7f,fe8d1f9c-c915-498a-8ce8-089383df55a5
669cebfa-73d4-494d-b3fb-8e8634548991,fe8d1f9c-c915-498a-8ce8-089383df55a5
0d0adff2-005c-4eac-91f0-33e127d743b0,c06430fd-2ba2-4a28-91b9-7896650899a6
56c88a9e-8aeb-4a6f-9576-2d9e9a433325,c06430fd-2ba2-4a28-91b9-7896650899a6
5b008340-f0f6-4385-a8ce-1f24e07cb5e8,30340497-be6a-4b4c-8026-6274e4e1c8ff
8ef83fbd-4569-4df2-a3a7-8f947dc5ab24,30340497-be6a-4b4c-8026-6274e4e1c8ff
5931091f-4c76-42d8-84dc-96bec9e3d597,fd794b27-df5c-4ea8-93e2-72e27d4e0756
6cb8b73a-f7b5-411d-b343-e12da3bc89ae,fd794b27-df5c-4ea8-93e2-72e27d4e0756
f84ec475-cba0-4525-a786-ccea39b90167,83bb9106-d6d0-446d-b344-8c597c0b5b09
c1d4eec2-0cdf-4336-870c-12a4f0948fca,83bb9106-d6d0-446d-b344-8c597c0b5b09
32fcb99d-ca2a-4c2b-9b53-400d07492ef7,503706f4-7184-4dce-89ef-05c2ba9eaf6b
5931091f-4c76-42d8-84dc-96bec9e3d597,503706f4-7184-4dce-89ef-05c2ba9eaf6b
76476f3e-5719-48ef-9b7c-6411b7b1a44c,503706f4-7184-4dce-89ef-05c2ba9eaf6b
17a61cb8-6c29-4ffd-9875-9f391c915884,503706f4-7184-4dce-89ef-05c2ba9eaf6b
f84ec475-cba0-4525-a786-ccea39b90167,73c2ebbd-4005-4aa5-bbb0-d5c71a62f530
c1d4eec2-0cdf-4336-870c-12a4f0948fca,73c2ebbd-4005-4aa5-bbb0-d5c71a62f530
c8f2614b-396b-4403-baf3-988ef537ba7f,74df5527-3e9e-4b83-bd6d-a0de06e7a476
4648aeb7-3458-4aac-9cfe-fd6caea0df22,74df5527-3e9e-4b83-bd6d-a0de06e7a476
85cf9842-6abe-4e64-8ed4-e6a4f40ecb03,c0044d5c-39d0-4826-a9ff-ae6d4cd04ac1
81143403-bb8e-44c9-8f17-c833f9acb520,c0044d5c-39d0-4826-a9ff-ae6d4cd04ac1
dc721383-480e-434c-843e-da4e1d96d72c,c0044d5c-39d0-4826-a9ff-ae6d4cd04ac1
5e13a296-d8c0-4943-a788-1090377d27f5,c0044d5c-39d0-4826-a9ff-ae6d4cd04ac1
3c07306e-ef9a-4d13-8eba-6e97ae3743a0,6b3cb308-838d-4e13-952f-7d422278c069
c1d4eec2-0cdf-4336-870c-12a4f0948fca,6b3cb308-838d-4e13-952f-7d422278c069
a9f85bd0-6a35-4eca-929c-26f187ca2dd8,249b6e36-93ac-4544-a09c-09e467efa20a
f32df372-3ab4-4a1e-9f07-47932515ceb8,249b6e36-93ac-4544-a09c-09e467efa20a
7b1c5d9c-a0d1-494b-94da-abdda4d4fe3a,1ae73670-c26c-48e3-bcee-ed881a66cd9c
17e93d6c-ff10-497a-8c87-6cb704909c94,1ae73670-c26c-48e3-bcee-ed881a66cd9c
a5cc1074-83b3-43fc-a0f7-e405f18c745e,3c09fb5c-8108-4b4c-9b08-77a836814ac6
079a31ff-980f-4958-ae11-8ecf5e6e5813,3c09fb5c-8108-4b4c-9b08-77a836814ac6
81b46db8-9afe-4415-b245-c0a58468b0f3,09df42df-0b32-4201-9725-526aee897927
d161375a-334b-4d13-b311-f66604f0fdf4,09df42df-0b32-4201-9725-526aee897927
f84ec475-cba0-4525-a786-ccea39b90167,09df42df-0b32-4201-9725-526aee897927
2f961c40-15b7-43e9-895f-045fbee2b2e3,09df42df-0b32-4201-9725-526aee897927
d1edc078-3761-4149-9100-fff08e4011c0,85523722-f66d-4be0-97b5-38d144bdfb64
997d2284-f252-4fbd-89d4-78a08c3466bc,85523722-f66d-4be0-97b5-38d144bdfb64
5931091f-4c76-42d8-84dc-96bec9e3d597,d6a42926-2d01-4af1-a136-d2250789c800
58207226-03a8-4883-bf00-338eb5124042,d6a42926-2d01-4af1-a136-d2250789c800
17a61cb8-6c29-4ffd-9875-9f391c915884,29139dcb-b4be-4319-b626-e03584d3537d
76476f3e-5719-48ef-9b7c-6411b7b1a44c,29139dcb-b4be-4319-b626-e03584d3537d
5931091f-4c76-42d8-84dc-96bec9e3d597,60842e15-04d9-4808-b655-09175f439903
f84ec475-cba0-4525-a786-ccea39b90167,60842e15-04d9-4808-b655-09175f439903
86759d9f-5613-4578-b74d-14f80217c675,a9074f10-3a23-4a59-a634-a0f64f1dd988
f7a79ea8-1763-4abd-b549-cf0977d9fe63,a9074f10-3a23-4a59-a634-a0f64f1dd988
0d0adff2-005c-4eac-91f0-33e127d743b0,d28b3def-2d8a-4148-b663-6062bfdeeb23
731f7d23-eeae-4fd0-bb62-ac36e311e411,d28b3def-2d8a-4148-b663-6062bfdeeb23
c7c0e0df-170f-4435-a66e-9d43ce04214e,10eeea71-24ef-4542-a47d-8bf190c3e939
d6a2688b-0ea9-4026-8027-4da5af761dd9,10eeea71-24ef-4542-a47d-8bf190c3e939
76476f3e-5719-48ef-9b7c-6411b7b1a44c,7012cec0-8ca3-4f3d-8900-4bc3c8a24aa1
11697f91-8d5b-4ee5-a8fc-cae677bdc111,7012cec0-8ca3-4f3d-8900-4bc3c8a24aa1
d17ed8eb-2b53-4ecd-9275-ef20bdaf8076,8e616bc9-1d1c-49e4-9c68-d033faaa28d6
dde00453-0852-41eb-b978-80a39ef83ad0,8e616bc9-1d1c-49e4-9c68-d033faaa28d6
f84ec475-cba0-4525-a786-ccea39b90167,8e616bc9-1d1c-49e4-9c68-d033faaa28d6
81937b1d-0621-4f38-b962-a4c1e476911c,8e616bc9-1d1c-49e4-9c68-d033faaa28d6
7b1c5d9c-a0d1-494b-94da-abdda4d4fe3a,0b064375-dddb-425b-85e5-4d4db36cb3ff
fea53c38-84e9-41d3-bbce-2414a4c76391,0b064375-dddb-425b-85e5-4d4db36cb3ff
f84ec475-cba0-4525-a786-ccea39b90167,f14a2717-31fa-4246-9a94-286812c79122
c1d4eec2-0cdf-4336-870c-12a4f0948fca,f14a2717-31fa-4246-9a94-286812c79122
f84ec475-cba0-4525-a786-ccea39b90167,53fddd02-54ca-478a-930c-f069b30cf9c9
3c07306e-ef9a-4d13-8eba-6e97ae3743a0,53fddd02-54ca-478a-930c-f069b30cf9c9
07b722b6-a508-4fbe-b524-c12fff9b39e1,19965126-7d2f-424c-90d1-c315f5080c99
8da51512-df62-4aa1-8b07-7f6ab848c7bf,19965126-7d2f-424c-90d1-c315f5080c99
58da69ee-15ed-46f1-a8e2-d89feccd768f,19965126-7d2f-424c-90d1-c315f5080c99
c22d67dc-3b0e-408c-86b1-782c39642c71,5a3ab606-4e9a-4990-9a24-237e731b4c20
c1d4eec2-0cdf-4336-870c-12a4f0948fca,5a3ab606-4e9a-4990-9a24-237e731b4c20
17a61cb8-6c29-4ffd-9875-9f391c915884,6214e864-de17-4b4b-a357-a7b461fe8658
32fcb99d-ca2a-4c2b-9b53-400d07492ef7,6214e864-de17-4b4b-a357-a7b461fe8658
f84ec475-cba0-4525-a786-ccea39b90167,f45ccefe-c158-4bd1-8803-31a229f78c10
1a90a927-6e9b-41c7-b6bf-e411d057a3ee,f45ccefe-c158-4bd1-8803-31a229f78c10
c1d4eec2-0cdf-4336-870c-12a4f0948fca,f45ccefe-c158-4bd1-8803-31a229f78c10
dde00453-0852-41eb-b978-80a39ef83ad0,f45ccefe-c158-4bd1-8803-31a229f78c10
c8f2614b-396b-4403-baf3-988ef537ba7f,6eec7b4d-06e0-4916-a091-da264eb57133
5931091f-4c76-42d8-84dc-96bec9e3d597,6eec7b4d-06e0-4916-a091-da264eb57133
f84ec475-cba0-4525-a786-ccea39b90167,6eec7b4d-06e0-4916-a091-da264eb57133
c1d4eec2-0cdf-4336-870c-12a4f0948fca,6eec7b4d-06e0-4916-a091-da264eb57133
c8f2614b-396b-4403-baf3-988ef537ba7f,10aa256c-6a5f-4270-b825-660d2807d30a
4648aeb7-3458-4aac-9cfe-fd6caea0df22,10aa256c-6a5f-4270-b825-660d2807d30a
98b65b50-772e-487c-bd86-b926f7e92b51,e4b1f984-84e5-41ca-bea9-16d93fb97fdc
2a4c7755-b2ad-4c4b-857d-93a4dc238d42,e4b1f984-84e5-41ca-bea9-16d93fb97fdc
baf5d12b-6ff5-482a-a4d3-0b09f964595a,e4b1f984-84e5-41ca-bea9-16d93fb97fdc
85cf9842-6abe-4e64-8ed4-e6a4f40ecb03,d9bd3ac3-0b83-4fd9-9d52-f12549d418c2
d95786b2-a811-48dc-bd18-b00b4d8738e8,d9bd3ac3-0b83-4fd9-9d52-f12549d418c2
76476f3e-5719-48ef-9b7c-6411b7b1a44c,98c98d68-702e-41cd-8fa4-c8e212a68546
e8d502a0-ec8b-4ee8-9202-a81b5f3dfbb4,98c98d68-702e-41cd-8fa4-c8e212a68546
c1d4eec2-0cdf-4336-870c-12a4f0948fca,6921db42-e5a1-4f6b-9fd3-eea25d0ca633
899cab19-86d2-4022-b615-8c4c9dec9db9,6921db42-e5a1-4f6b-9fd3-eea25d0ca633
0d0adff2-005c-4eac-91f0-33e127d743b0,1ccd634c-66e7-41ee-a07c-920a48b17423
5931091f-4c76-42d8-84dc-96bec9e3d597,1ccd634c-66e7-41ee-a07c-920a48b17423
f84ec475-cba0-4525-a786-ccea39b90167,f8d983c0-4d4f-4fa3-aa7b-42ab877bf01c
c1d4eec2-0cdf-4336-870c-12a4f0948fca,f8d983c0-4d4f-4fa3-aa7b-42ab877bf01c
d161375a-334b-4d13-b311-f66604f0fdf4,850d1e28-39fb-46e2-b286-ccdcedb2399a
01053011-baf5-4f62-96d6-de75a18ec5b1,850d1e28-39fb-46e2-b286-ccdcedb2399a
76476f3e-5719-48ef-9b7c-6411b7b1a44c,916cd2f3-b603-4d2b-94b8-5fc5f66ce9fe
b6cc7428-499a-4367-954c-ea9d44912225,916cd2f3-b603-4d2b-94b8-5fc5f66ce9fe
0d0adff2-005c-4eac-91f0-33e127d743b0,9d5d0738-21f6-40f1-a51d-a8d913d8646f
669cebfa-73d4-494d-b3fb-8e8634548991,9d5d0738-21f6-40f1-a51d-a8d913d8646f
5931091f-4c76-42d8-84dc-96bec9e3d597,7d513d21-73f2-4db0-8c9d-44f44f02d90d
76476f3e-5719-48ef-9b7c-6411b7b1a44c,7d513d21-73f2-4db0-8c9d-44f44f02d90d
dde00453-0852-41eb-b978-80a39ef83ad0,b7f59742-f51f-4dd0-b08c-ac3091ad7802
c1d4eec2-0cdf-4336-870c-12a4f0948fca,b7f59742-f51f-4dd0-b08c-ac3091ad7802
77d02192-8af5-4ae5-9e22-d94aff9a22c9,56d6fc65-4a4f-4a16-b746-b8ec56d6c837
0cc91d5f-c299-473f-9b55-79277ae31d4c,56d6fc65-4a4f-4a16-b746-b8ec56d6c837
48936fdb-8ffb-4838-912d-1056e380c836,c7b2f9fe-e314-461a-a7d6-f47a7dc1cc91
b7ac3621-c2ce-4745-96cf-8ba2a64f4798,c7b2f9fe-e314-461a-a7d6-f47a7dc1cc91
669cebfa-73d4-494d-b3fb-8e8634548991,b2a8ab4c-494f-42cc-8531-8c2583ac4a67
c8f2614b-396b-4403-baf3-988ef537ba7f,b2a8ab4c-494f-42cc-8531-8c2583ac4a67
d5487070-4021-4e85-beaf-d585a5a71163,54fb4fc9-4d9b-422a-8241-9644e740e59c
89ab7c7f-22b3-4af5-9d82-cf4e3ad8f3ed,54fb4fc9-4d9b-422a-8241-9644e740e59c
b761306e-772c-47e9-a9a1-9e5c3bb3cf0f,323e4bd2-a468-49b5-b4a5-0fbe17d50244
997d2284-f252-4fbd-89d4-78a08c3466bc,323e4bd2-a468-49b5-b4a5-0fbe17d50244
eb47d536-1a1f-49fd-8a8e-4804e0305270,dc8964c5-6650-438b-bdb3-24012b9c6ca1
dde00453-0852-41eb-b978-80a39ef83ad0,dc8964c5-6650-438b-bdb3-24012b9c6ca1
5931091f-4c76-42d8-84dc-96bec9e3d597,dc8964c5-6650-438b-bdb3-24012b9c6ca1
0d0adff2-005c-4eac-91f0-33e127d743b0,a422f5f7-7b4f-41cf-b825-e91299695fa0
c1d4eec2-0cdf-4336-870c-12a4f0948fca,a422f5f7-7b4f-41cf-b825-e91299695fa0
85cf9842-6abe-4e64-8ed4-e6a4f40ecb03,11be3620-da93-41ac-bf36-1ac52855a154
28c02cfb-2949-4f42-b6a3-0a22674837f0,11be3620-da93-41ac-bf36-1ac52855a154
f84ec475-cba0-4525-a786-ccea39b90167,50ea7a7b-798e-4ab3-8b45-2593e6a740b9
c1d4eec2-0cdf-4336-870c-12a4f0948fca,50ea7a7b-798e-4ab3-8b45-2593e6a740b9
f5729dc9-f67d-4f5d-9e16-6036d305a919,1a069714-7e86-49bc-8eee-2460a510fd1b
07b722b6-a508-4fbe-b524-c12fff9b39e1,1a069714-7e86-49bc-8eee-2460a510fd1b
fcc375ab-a6d6-466f-b3f3-09c20b1ab18f,f6c55a58-801e-4e32-81e2-b98c4e4ba58b
32fcb99d-ca2a-4c2b-9b53-400d07492ef7,f6c55a58-801e-4e32-81e2-b98c4e4ba58b
126436e6-ff5a-4260-a4a9-1a78d12ef95e,144ae507-96d4-424b-a098-8bf38741e7ba
27ec6cdc-d643-4274-8df7-7421fb0733b4,144ae507-96d4-424b-a098-8bf38741e7ba
d8c98899-7185-4649-b2a8-a9895af8c5f1,96dc67f2-011a-4ae6-ae2c-59f15336d97c
76476f3e-5719-48ef-9b7c-6411b7b1a44c,96dc67f2-011a-4ae6-ae2c-59f15336d97c
7d789c61-d763-4e15-a4ba-40bc079012b8,fdab7eef-e486-4c11-bcff-a7f37874bab7
f439ae27-0652-4b63-99f2-25e1bcc3c9c7,fdab7eef-e486-4c11-bcff-a7f37874bab7
bfaf0d93-4fa0-4f3d-ac43-ce44fcac7cc5,c30d08cb-6799-4c01-843f-357c6157be5b
8da51512-df62-4aa1-8b07-7f6ab848c7bf,c30d08cb-6799-4c01-843f-357c6157be5b
6dbaaa42-3673-42a5-a368-94a5cb9e30f3,80393bb3-d348-4476-b5db-decad580de5f
56f27ee2-7254-40fc-b00a-93717ca3d3fa,80393bb3-d348-4476-b5db-decad580de5f
dde00453-0852-41eb-b978-80a39ef83ad0,a0414bd9-b808-4b72-8f73-de2a6e0bf9dd
c1d4eec2-0cdf-4336-870c-12a4f0948fca,a0414bd9-b808-4b72-8f73-de2a6e0bf9dd
5931091f-4c76-42d8-84dc-96bec9e3d597,a0414bd9-b808-4b72-8f73-de2a6e0bf9dd
1ea64225-2ea5-4dc3-8ba5-1e85e09835f6,42cc56ac-a9ae-41bd-9745-68a2bf9362fb
5931091f-4c76-42d8-84dc-96bec9e3d597,42cc56ac-a9ae-41bd-9745-68a2bf9362fb
76476f3e-5719-48ef-9b7c-6411b7b1a44c,42cc56ac-a9ae-41bd-9745-68a2bf9362fb
112f7fbb-4e1f-4e30-8ffd-4c2e5f9ff468,42cc56ac-a9ae-41bd-9745-68a2bf9362fb
6cb8b73a-f7b5-411d-b343-e12da3bc89ae,cc8a3dd8-f1e4-4bf0-890f-afb463cbed84
ebd99835-5712-4112-a821-35dd7f68ffb5,cc8a3dd8-f1e4-4bf0-890f-afb463cbed84
28c02cfb-2949-4f42-b6a3-0a22674837f0,5befc72f-0d6e-4aea-addc-be50b6c1a02e
d161375a-334b-4d13-b311-f66604f0fdf4,5befc72f-0d6e-4aea-addc-be50b6c1a02e
669cebfa-73d4-494d-b3fb-8e8634548991,ff363d88-a497-4362-804b-a2c9511d666f
0d0adff2-005c-4eac-91f0-33e127d743b0,ff363d88-a497-4362-804b-a2c9511d666f
76476f3e-5719-48ef-9b7c-6411b7b1a44c,ff363d88-a497-4362-804b-a2c9511d666f
f84ec475-cba0-4525-a786-ccea39b90167,b7d6ff6f-2dd3-4363-adef-5bf2e8fe6256
dde00453-0852-41eb-b978-80a39ef83ad0,b7d6ff6f-2dd3-4363-adef-5bf2e8fe6256
32fcb99d-ca2a-4c2b-9b53-400d07492ef7,ac8f6ef4-3223-4226-b358-b6cd3a3b8e33
17a61cb8-6c29-4ffd-9875-9f391c915884,ac8f6ef4-3223-4226-b358-b6cd3a3b8e33
58207226-03a8-4883-bf00-338eb5124042,0579ebca-89d5-4fd4-8158-34561a0adc27
5931091f-4c76-42d8-84dc-96bec9e3d597,0579ebca-89d5-4fd4-8158-34561a0adc27
661bdf83-f1df-4d98-a2ed-f5aa9123fe76,c5d06d78-f98b-4352-829c-7ac5510a1d3a
994f2851-7d5e-4fc4-b484-33bc0ed8c97d,c5d06d78-f98b-4352-829c-7ac5510a1d3a
3d5bf71d-738e-4536-9a45-cdaea806dd7a,c5d06d78-f98b-4352-829c-7ac5510a1d3a
e1c8d40b-ac45-4a1d-b118-ed64d03cb899,a4bd3e53-80c8-4614-b5ff-06480eeed4fa
5d15f635-f3ef-40e6-b292-fae73163d1ea,a4bd3e53-80c8-4614-b5ff-06480eeed4fa
4bf3b1d6-57be-431f-915b-0d4c3654671e,627ce97d-3895-42f5-ad4c-8d0a750f81aa
c1d4eec2-0cdf-4336-870c-12a4f0948fca,627ce97d-3895-42f5-ad4c-8d0a750f81aa
6b983673-ae3d-4b82-afbf-c46ec9b20ef8,8f1ca106-4b3a-4f62-82df-a1a847053299
1472e9cc-4f46-44c8-b3b9-964944522c78,8f1ca106-4b3a-4f62-82df-a1a847053299
2a4c7755-b2ad-4c4b-857d-93a4dc238d42,caf63b0d-df86-4ce6-91cf-b71190ec6db0
3fcf368d-f9b3-4f63-a2c8-b76013693d3d,caf63b0d-df86-4ce6-91cf-b71190ec6db0
dc80cd3c-c597-4684-91b3-94c915ac329d,33ce92e4-4a86-4c67-b75d-79f6f1380867
07b722b6-a508-4fbe-b524-c12fff9b39e1,33ce92e4-4a86-4c67-b75d-79f6f1380867
d5487070-4021-4e85-beaf-d585a5a71163,33ce92e4-4a86-4c67-b75d-79f6f1380867
28620fb5-e293-4479-9210-c32fe45bd450,33ce92e4-4a86-4c67-b75d-79f6f1380867
01053011-baf5-4f62-96d6-de75a18ec5b1,c9ef9714-4e55-45a7-add3-b03b7b59179f
31fc5804-d5b0-42bf-8f9d-d06a59b7d82e,c9ef9714-4e55-45a7-add3-b03b7b59179f
997d2284-f252-4fbd-89d4-78a08c3466bc,49a051d0-1af5-4601-96c9-73a6309781ad
7c580ed3-30b0-49a5-b13c-00f9bcba7498,49a051d0-1af5-4601-96c9-73a6309781ad
5931091f-4c76-42d8-84dc-96bec9e3d597,9d907787-44de-4239-9a5a-b978486bc4b8
85cf9842-6abe-4e64-8ed4-e6a4f40ecb03,9d907787-44de-4239-9a5a-b978486bc4b8
dde00453-0852-41eb-b978-80a39ef83ad0,9d907787-44de-4239-9a5a-b978486bc4b8
0d0adff2-005c-4eac-91f0-33e127d743b0,617a280b-ec34-4329-a405-83ea9a748c53
70d0fa8d-46be-4ee5-97e5-f8e6f38b3536,617a280b-ec34-4329-a405-83ea9a748c53
86759d9f-5613-4578-b74d-14f80217c675,a7634dfd-371f-4b23-a358-a92e5bfa858f
f84ec475-cba0-4525-a786-ccea39b90167,a7634dfd-371f-4b23-a358-a92e5bfa858f
c1d4eec2-0cdf-4336-870c-12a4f0948fca,a7634dfd-371f-4b23-a358-a92e5bfa858f
0d0adff2-005c-4eac-91f0-33e127d743b0,b1fddc5e-57fb-468c-a972-1bf05664b36b
76476f3e-5719-48ef-9b7c-6411b7b1a44c,b1fddc5e-57fb-468c-a972-1bf05664b36b
48936fdb-8ffb-4838-912d-1056e380c836,b1fddc5e-57fb-468c-a972-1bf05664b36b
c7c0e0df-170f-4435-a66e-9d43ce04214e,e9466fe6-83c1-4e20-a875-a92d18092cf2
81143403-bb8e-44c9-8f17-c833f9acb520,e9466fe6-83c1-4e20-a875-a92d18092cf2
2518536d-c219-4a64-9319-cdab83d548ec,dada16ee-59cd-4d63-bc5d-47491aef571f
242cc00e-d003-494e-a1c8-d314738a8029,dada16ee-59cd-4d63-bc5d-47491aef571f
32fcb99d-ca2a-4c2b-9b53-400d07492ef7,5e2157bf-fdd5-4fe1-9cf1-0d92a3037178
4cd26c5a-73c9-4a20-a7dd-37c836761f5b,5e2157bf-fdd5-4fe1-9cf1-0d92a3037178
a4f5adca-d9ad-44ae-bc9e-60a9f0c3db63,6af38676-d011-4ba9-830d-427b4278dcbc
ebd99835-5712-4112-a821-35dd7f68ffb5,6af38676-d011-4ba9-830d-427b4278dcbc
6cb8b73a-f7b5-411d-b343-e12da3bc89ae,6af38676-d011-4ba9-830d-427b4278dcbc
bb2ac86d-ad51-497a-b010-9e5a5a5f0f0d,8a437997-f5e0-4f89-a691-fd8457422337
17a61cb8-6c29-4ffd-9875-9f391c915884,8a437997-f5e0-4f89-a691-fd8457422337
1ea64225-2ea5-4dc3-8ba5-1e85e09835f6,68e35ab4-4a07-4179-883f-6fe9ce3a0f1d
ca18dc40-b3bd-4914-ae6d-428820352998,68e35ab4-4a07-4179-883f-6fe9ce3a0f1d
86635f22-34e5-4db8-98f1-01adcae05f60,68e35ab4-4a07-4179-883f-6fe9ce3a0f1d
ebc9cb8b-e5eb-46b1-b8a5-667fc8c17726,68e35ab4-4a07-4179-883f-6fe9ce3a0f1d
cab1d045-e789-4be8-a974-981204dee5c3,88a1fdc5-1551-4354-83de-cbb45eed125c
4bf3b1d6-57be-431f-915b-0d4c3654671e,88a1fdc5-1551-4354-83de-cbb45eed125c
2f961c40-15b7-43e9-895f-045fbee2b2e3,a91a6e7e-d2bc-44f8-bbc3-f4dc57127910
d161375a-334b-4d13-b311-f66604f0fdf4,a91a6e7e-d2bc-44f8-bbc3-f4dc57127910
997d2284-f252-4fbd-89d4-78a08c3466bc,dce54f7e-bddd-41b8-90eb-4c68d47f5f80
0d0adff2-005c-4eac-91f0-33e127d743b0,dce54f7e-bddd-41b8-90eb-4c68d47f5f80
76476f3e-5719-48ef-9b7c-6411b7b1a44c,47aa102a-71e4-49c7-8d98-db0c0904dde3
e57f9c4b-a319-49cb-92f3-fe83806a94e5,47aa102a-71e4-49c7-8d98-db0c0904dde3
6aae0c1f-3a91-4654-80ea-42213327be71,451f5dd2-6d01-4a34-a05d-9c569a9a03de
424f40ce-e68f-4f71-8ab9-327c973ff65a,451f5dd2-6d01-4a34-a05d-9c569a9a03de
56f27ee2-7254-40fc-b00a-93717ca3d3fa,600b2796-0f03-4eca-84f0-a696a4da0729
25ce3648-2aa4-4992-a379-003d561b81d4,600b2796-0f03-4eca-84f0-a696a4da0729
f84ec475-cba0-4525-a786-ccea39b90167,8615b1eb-5e08-4018-be57-49dea1724315
dde00453-0852-41eb-b978-80a39ef83ad0,8615b1eb-5e08-4018-be57-49dea1724315
85cf9842-6abe-4e64-8ed4-e6a4f40ecb03,8615b1eb-5e08-4018-be57-49dea1724315
0d0adff2-005c-4eac-91f0-33e127d743b0,b345decb-a7e5-4d0b-ba7d-5f2c521f93a0
731f7d23-eeae-4fd0-bb62-ac36e311e411,b345decb-a7e5-4d0b-ba7d-5f2c521f93a0
c1d4eec2-0cdf-4336-870c-12a4f0948fca,0754606f-4e74-4655-b3e8-ff567481e294
d95786b2-a811-48dc-bd18-b00b4d8738e8,0754606f-4e74-4655-b3e8-ff567481e294
86644ba4-bc9a-4d8d-8d85-354421ceadc6,6a26d062-d3c5-4436-bee6-b64603a6940a
33e94969-4945-4723-8966-1266889da3f0,6a26d062-d3c5-4436-bee6-b64603a6940a
c1d4eec2-0cdf-4336-870c-12a4f0948fca,a11b7caf-c1ed-4353-9534-f546410b8bfc
dc80cd3c-c597-4684-91b3-94c915ac329d,a11b7caf-c1ed-4353-9534-f546410b8bfc
5931091f-4c76-42d8-84dc-96bec9e3d597,a11b7caf-c1ed-4353-9534-f546410b8bfc
85cf9842-6abe-4e64-8ed4-e6a4f40ecb03,a11b7caf-c1ed-4353-9534-f546410b8bfc
28c02cfb-2949-4f42-b6a3-0a22674837f0,e85554eb-016c-4011-b736-d8dde5be866e
fbf2fa87-26b4-486a-9f65-654de3476e13,e85554eb-016c-4011-b736-d8dde5be866e
6b983673-ae3d-4b82-afbf-c46ec9b20ef8,de0a36c2-4fae-404d-ad19-5d00f23e6989
1472e9cc-4f46-44c8-b3b9-964944522c78,de0a36c2-4fae-404d-ad19-5d00f23e6989
4078e42b-928e-4423-947e-1d181db517e6,af726a83-173b-4c09-9d45-e8253f9de0e9
07b722b6-a508-4fbe-b524-c12fff9b39e1,af726a83-173b-4c09-9d45-e8253f9de0e9
0d0adff2-005c-4eac-91f0-33e127d743b0,39eac0ae-a206-4fd4-beee-f9d6b257dfc0
48936fdb-8ffb-4838-912d-1056e380c836,39eac0ae-a206-4fd4-beee-f9d6b257dfc0
76476f3e-5719-48ef-9b7c-6411b7b1a44c,39eac0ae-a206-4fd4-beee-f9d6b257dfc0
669cebfa-73d4-494d-b3fb-8e8634548991,39eac0ae-a206-4fd4-beee-f9d6b257dfc0
62e46887-06d0-461f-98e3-bc243d7acb2d,eadc2778-07d3-45db-9e19-65b52a2e3234
59a05947-0a4c-4f15-904a-165106d0790a,eadc2778-07d3-45db-9e19-65b52a2e3234
91435349-16f2-4740-a107-f370aa0abdf4,b1626d79-83a0-4ba6-8fad-e390820d072d
4e2ff47a-135a-42c9-8f9b-05977ff60d6f,b1626d79-83a0-4ba6-8fad-e390820d072d
dde00453-0852-41eb-b978-80a39ef83ad0,d0113431-158d-4b47-8a85-c8d273dab112
c1d4eec2-0cdf-4336-870c-12a4f0948fca,d0113431-158d-4b47-8a85-c8d273dab112
f84ec475-cba0-4525-a786-ccea39b90167,d0113431-158d-4b47-8a85-c8d273dab112
e0253429-3966-47e5-becd-edbf408a5b5d,b32b2777-584f-4b90-9af6-e3a327631c52
3d5bf71d-738e-4536-9a45-cdaea806dd7a,b32b2777-584f-4b90-9af6-e3a327631c52
997d2284-f252-4fbd-89d4-78a08c3466bc,253b856d-459e-44da-afeb-a1b03ee53a43
7c580ed3-30b0-49a5-b13c-00f9bcba7498,253b856d-459e-44da-afeb-a1b03ee53a43
76476f3e-5719-48ef-9b7c-6411b7b1a44c,aec7bb37-72ec-4a6e-9cb5-387978576fe7
32fcb99d-ca2a-4c2b-9b53-400d07492ef7,aec7bb37-72ec-4a6e-9cb5-387978576fe7
669cebfa-73d4-494d-b3fb-8e8634548991,b05fb914-d305-4307-90fd-5d7fe6b471ce
c8f2614b-396b-4403-baf3-988ef537ba7f,b05fb914-d305-4307-90fd-5d7fe6b471ce
0e83aaac-96fc-4487-820f-71d90c7816a4,2f0b45bf-e1f4-45cb-944e-fccee2d0dcdb
beeaa25d-c851-477a-8c2e-b427e2537aaf,2f0b45bf-e1f4-45cb-944e-fccee2d0dcdb
f7a79ea8-1763-4abd-b549-cf0977d9fe63,50f9b683-a1cc-4737-8a78-8dbadacb2db5
86759d9f-5613-4578-b74d-14f80217c675,50f9b683-a1cc-4737-8a78-8dbadacb2db5
85cf9842-6abe-4e64-8ed4-e6a4f40ecb03,56416e2b-bae6-469a-b6eb-4fe5909ae1c8
0d0adff2-005c-4eac-91f0-33e127d743b0,56416e2b-bae6-469a-b6eb-4fe5909ae1c8
382d9808-f55e-46ee-92d0-c61c9e4aaa4f,c669c00a-0ad1-4ea7-8011-ec7ce1cc3ef5
112f7fbb-4e1f-4e30-8ffd-4c2e5f9ff468,c669c00a-0ad1-4ea7-8011-ec7ce1cc3ef5
c1d4eec2-0cdf-4336-870c-12a4f0948fca,efb7cf0f-e8ff-49c1-80ee-8392a7bb83ea
5b0c2434-932f-497b-8e37-861b4cd5e81a,efb7cf0f-e8ff-49c1-80ee-8392a7bb83ea
5931091f-4c76-42d8-84dc-96bec9e3d597,bf9d9ebf-a513-480b-85b7-94c448b1b689
bf4a95ad-0cc5-4f36-a53a-1495b26ee2f5,bf9d9ebf-a513-480b-85b7-94c448b1b689
cab1d045-e789-4be8-a974-981204dee5c3,783cd350-251b-40d2-a82a-1e19530e3ac4
997d2284-f252-4fbd-89d4-78a08c3466bc,783cd350-251b-40d2-a82a-1e19530e3ac4
28c02cfb-2949-4f42-b6a3-0a22674837f0,783cd350-251b-40d2-a82a-1e19530e3ac4
1a90a927-6e9b-41c7-b6bf-e411d057a3ee,783cd350-251b-40d2-a82a-1e19530e3ac4
669cebfa-73d4-494d-b3fb-8e8634548991,faab1d5b-7e9a-41ac-a0fc-aa7f3a5f7fc2
48936fdb-8ffb-4838-912d-1056e380c836,faab1d5b-7e9a-41ac-a0fc-aa7f3a5f7fc2
a23c4a80-81ff-471e-8ee4-d522e7ba35c2,697fbe03-80e3-4abb-a833-6ae90ec62ec2
f0d9e370-4a3f-4382-9376-fa326b36fe43,697fbe03-80e3-4abb-a833-6ae90ec62ec2
9177cf93-d350-4ffc-80fb-60bbbdd49da7,2d2d935b-6173-430e-9fbd-2a4e8645b823
5d8b0d85-89ce-4933-8847-c4f6a8b64cc9,2d2d935b-6173-430e-9fbd-2a4e8645b823
e1c8d40b-ac45-4a1d-b118-ed64d03cb899,77c28491-cb2f-4f02-8731-a2dbcd344918
d8ae550d-2a00-46b5-882c-12f74e91619b,77c28491-cb2f-4f02-8731-a2dbcd344918
32fcb99d-ca2a-4c2b-9b53-400d07492ef7,bed16451-5501-4af8-9497-770383430bb5
17a61cb8-6c29-4ffd-9875-9f391c915884,bed16451-5501-4af8-9497-770383430bb5
76db1740-d667-4f0d-ba8c-f2d72a41bbee,e1647c90-8118-4c32-8ace-3af5f395be35
5931091f-4c76-42d8-84dc-96bec9e3d597,e1647c90-8118-4c32-8ace-3af5f395be35
25ce3648-2aa4-4992-a379-003d561b81d4,e1647c90-8118-4c32-8ace-3af5f395be35
5931091f-4c76-42d8-84dc-96bec9e3d597,91a4ffcf-2c95-4563-90f1-2769f72c575c
58207226-03a8-4883-bf00-338eb5124042,91a4ffcf-2c95-4563-90f1-2769f72c575c
76476f3e-5719-48ef-9b7c-6411b7b1a44c,d6b22e85-139b-40ee-a152-d0ae2f3ce226
01053011-baf5-4f62-96d6-de75a18ec5b1,d6b22e85-139b-40ee-a152-d0ae2f3ce226
112f7fbb-4e1f-4e30-8ffd-4c2e5f9ff468,9cb66ce6-348c-4be8-ab7d-ad3bf2ee101a
dde00453-0852-41eb-b978-80a39ef83ad0,9cb66ce6-348c-4be8-ab7d-ad3bf2ee101a
ea588efb-240a-4c6d-a634-d3d8dab4d75c,9cb66ce6-348c-4be8-ab7d-ad3bf2ee101a
d161375a-334b-4d13-b311-f66604f0fdf4,d8f91d3d-d590-4bec-9db0-9acbc6718888
6fac4a5d-c270-4c1f-8da7-48a6f5d8f407,d8f91d3d-d590-4bec-9db0-9acbc6718888
81937b1d-0621-4f38-b962-a4c1e476911c,d8f91d3d-d590-4bec-9db0-9acbc6718888
0d0adff2-005c-4eac-91f0-33e127d743b0,d8f91d3d-d590-4bec-9db0-9acbc6718888
997d2284-f252-4fbd-89d4-78a08c3466bc,d8f91d3d-d590-4bec-9db0-9acbc6718888
67f82619-a5c5-4d70-8641-622d5e649a41,f3f8f799-d395-4e53-97f2-7514d0daf536
cbcdf40c-3876-4102-b91f-0b18a9dc567e,f3f8f799-d395-4e53-97f2-7514d0daf536
6b983673-ae3d-4b82-afbf-c46ec9b20ef8,26b1018c-10cc-444a-996c-d7a50fceb2f8
1472e9cc-4f46-44c8-b3b9-964944522c78,26b1018c-10cc-444a-996c-d7a50fceb2f8
07b722b6-a508-4fbe-b524-c12fff9b39e1,4a518229-113a-4f2f-a687-1678c1b8bab2
79e58600-eac5-445e-916f-43d8b37547f2,4a518229-113a-4f2f-a687-1678c1b8bab2
e7064842-a671-4129-b208-3ca9e5bec539,c48d94a8-10d6-4a98-8b0e-cfb9f0be67ff
2dd0fe35-c4c6-4c15-a9f8-272ba3ad34c2,c48d94a8-10d6-4a98-8b0e-cfb9f0be67ff
25ce3648-2aa4-4992-a379-003d561b81d4,22052206-bc08-4dc7-aba7-a10bf5b5f7ce
56f27ee2-7254-40fc-b00a-93717ca3d3fa,22052206-bc08-4dc7-aba7-a10bf5b5f7ce
e033d8ec-2723-4973-bbfb-4eadabfe9192,e21637af-828a-4793-9ae0-1ebb8122c11f
433692bd-f082-4fbb-a4cf-bd4a5b2b5aa9,e21637af-828a-4793-9ae0-1ebb8122c11f
5e366144-9cc7-46a7-a6c5-59405e742735,23dc7540-0b19-42f0-9471-479332a585a5
4bf3b1d6-57be-431f-915b-0d4c3654671e,23dc7540-0b19-42f0-9471-479332a585a5
c1d4eec2-0cdf-4336-870c-12a4f0948fca,d36f97b6-d6a0-4741-b06e-bccfbfdb621e
f84ec475-cba0-4525-a786-ccea39b90167,d36f97b6-d6a0-4741-b06e-bccfbfdb621e
c8f2614b-396b-4403-baf3-988ef537ba7f,df598849-e608-45e2-a21f-5f64272a783c
c1d4eec2-0cdf-4336-870c-12a4f0948fca,df598849-e608-45e2-a21f-5f64272a783c
bf4a95ad-0cc5-4f36-a53a-1495b26ee2f5,fe602d29-5351-41ff-9ee4-589051c13728
7a2992b9-756a-47b7-8274-6dfd8a9869a3,fe602d29-5351-41ff-9ee4-589051c13728
5931091f-4c76-42d8-84dc-96bec9e3d597,0baf1697-4f58-476e-8c6e-fed56dd63109
112f7fbb-4e1f-4e30-8ffd-4c2e5f9ff468,0baf1697-4f58-476e-8c6e-fed56dd63109
76476f3e-5719-48ef-9b7c-6411b7b1a44c,0baf1697-4f58-476e-8c6e-fed56dd63109
56a23e51-a35e-43b4-8b4c-1856250eab11,4e8b675c-a2d6-4611-a6ce-850710482afb
8121013e-3a45-4d36-b82e-193ae6579070,4e8b675c-a2d6-4611-a6ce-850710482afb
7c580ed3-30b0-49a5-b13c-00f9bcba7498,8c757241-8b40-4e21-8335-e66507ab3849
b14387ef-2041-4846-bc61-ae73b64ecc48,8c757241-8b40-4e21-8335-e66507ab3849
cab1d045-e789-4be8-a974-981204dee5c3,677c1b04-67be-4e08-b35a-8e92105e77fe
4bf3b1d6-57be-431f-915b-0d4c3654671e,677c1b04-67be-4e08-b35a-8e92105e77fe
3e0f56cf-c842-4910-a446-408c9829f260,c3deb2bf-e222-4850-a561-903b9e0affc2
dc80cd3c-c597-4684-91b3-94c915ac329d,c3deb2bf-e222-4850-a561-903b9e0affc2
58da69ee-15ed-46f1-a8e2-d89feccd768f,4a7db6e5-4876-4d77-8ceb-145405bfdfe6
ac2e430e-9d88-4d08-8a4f-b0947145517c,4a7db6e5-4876-4d77-8ceb-145405bfdfe6
441c52fa-7397-4748-82bc-7585c4e21bfe,69951fdc-89e4-4d4f-90e1-a37afb8db8d7
5e13a296-d8c0-4943-a788-1090377d27f5,69951fdc-89e4-4d4f-90e1-a37afb8db8d7
1a90a927-6e9b-41c7-b6bf-e411d057a3ee,323f3d10-46aa-4b02-b415-b2c78ffedc35
112f7fbb-4e1f-4e30-8ffd-4c2e5f9ff468,323f3d10-46aa-4b02-b415-b2c78ffedc35
8da51512-df62-4aa1-8b07-7f6ab848c7bf,323f3d10-46aa-4b02-b415-b2c78ffedc35
c1d4eec2-0cdf-4336-870c-12a4f0948fca,323f3d10-46aa-4b02-b415-b2c78ffedc35
4cd26c5a-73c9-4a20-a7dd-37c836761f5b,a99a2240-6c8a-4ebf-8b02-78ba9d57178a
32fcb99d-ca2a-4c2b-9b53-400d07492ef7,a99a2240-6c8a-4ebf-8b02-78ba9d57178a
a23c4a80-81ff-471e-8ee4-d522e7ba35c2,5738014a-5108-4f0b-8598-c50c37a324cd
e42e2550-1b57-4e53-bf7e-3962c3435d86,5738014a-5108-4f0b-8598-c50c37a324cd
c8f2614b-396b-4403-baf3-988ef537ba7f,63388810-2643-41d2-9a69-1c93651bf3e4
85cf9842-6abe-4e64-8ed4-e6a4f40ecb03,63388810-2643-41d2-9a69-1c93651bf3e4
5931091f-4c76-42d8-84dc-96bec9e3d597,63388810-2643-41d2-9a69-1c93651bf3e4
f84ec475-cba0-4525-a786-ccea39b90167,63388810-2643-41d2-9a69-1c93651bf3e4
2555ce40-51a1-4639-af7a-74af914051db,defa306e-1bd4-440a-9ff5-1d9af35cbe9d
28c02cfb-2949-4f42-b6a3-0a22674837f0,defa306e-1bd4-440a-9ff5-1d9af35cbe9d
0b16d2f9-7be2-4fc5-adf5-eb53e811b3b7,c7321f65-ffc3-431e-88cb-339b7a79b841
85cf9842-6abe-4e64-8ed4-e6a4f40ecb03,c7321f65-ffc3-431e-88cb-339b7a79b841
2a4c7755-b2ad-4c4b-857d-93a4dc238d42,c25dd6a1-0ee3-4334-833c-7952bcfb78fe
3fcf368d-f9b3-4f63-a2c8-b76013693d3d,c25dd6a1-0ee3-4334-833c-7952bcfb78fe
7d2ee542-c916-46b4-9156-362201168cde,85efd689-b8d0-48d7-a7c9-39f1814d38ee
dbbfb3cf-9a80-42ec-a296-540bc30dbb3d,85efd689-b8d0-48d7-a7c9-39f1814d38ee
d7964af7-9eb5-4ba3-bd26-534a001a75e5,85efd689-b8d0-48d7-a7c9-39f1814d38ee
c7e3f61b-b2a8-472d-8175-10d991a6b59a,85efd689-b8d0-48d7-a7c9-39f1814d38ee
dde00453-0852-41eb-b978-80a39ef83ad0,72eba291-b6fe-4e1c-aa0d-faa5384b467b
0d0adff2-005c-4eac-91f0-33e127d743b0,72eba291-b6fe-4e1c-aa0d-faa5384b467b
76476f3e-5719-48ef-9b7c-6411b7b1a44c,6f6ebb18-1b60-4027-bc68-3d4403b05e2f
c39ab7a8-63eb-4f28-b368-527c59b74115,6f6ebb18-1b60-4027-bc68-3d4403b05e2f
7c580ed3-30b0-49a5-b13c-00f9bcba7498,63627fba-b871-4640-88df-4edde83984e6
e44fcbb4-4446-4edb-b4ba-d4031f18a361,63627fba-b871-4640-88df-4edde83984e6
126436e6-ff5a-4260-a4a9-1a78d12ef95e,8a3d1569-fde9-45a8-96e9-414343cd9204
904bef4b-1c24-4e48-a139-8bac7b18d9ae,8a3d1569-fde9-45a8-96e9-414343cd9204
f84ec475-cba0-4525-a786-ccea39b90167,ec526468-89f5-4b7c-bd21-ecce07853220
cab1d045-e789-4be8-a974-981204dee5c3,ec526468-89f5-4b7c-bd21-ecce07853220
e0253429-3966-47e5-becd-edbf408a5b5d,ec526468-89f5-4b7c-bd21-ecce07853220
b7ac3621-c2ce-4745-96cf-8ba2a64f4798,ec526468-89f5-4b7c-bd21-ecce07853220
56f27ee2-7254-40fc-b00a-93717ca3d3fa,3eacfbe9-0089-48bd-90cb-a8ce1bb72f16
25ce3648-2aa4-4992-a379-003d561b81d4,3eacfbe9-0089-48bd-90cb-a8ce1bb72f16
fb09770f-b207-4164-ba50-f1dc34338180,f6cd9fef-24ad-41a7-911d-e1f6067d56b7
5931091f-4c76-42d8-84dc-96bec9e3d597,f6cd9fef-24ad-41a7-911d-e1f6067d56b7
4078e42b-928e-4423-947e-1d181db517e6,aaf198a2-dd51-4c9f-a0e5-32e8053ae22f
07b722b6-a508-4fbe-b524-c12fff9b39e1,aaf198a2-dd51-4c9f-a0e5-32e8053ae22f
6b983673-ae3d-4b82-afbf-c46ec9b20ef8,80d44691-eb10-4d66-93a0-749294f77c07
ecdac64e-d96c-4910-8f21-f8e24ba4559e,80d44691-eb10-4d66-93a0-749294f77c07
ab477415-e450-40ca-b425-1acee94ad8b6,80d44691-eb10-4d66-93a0-749294f77c07
1472e9cc-4f46-44c8-b3b9-964944522c78,80d44691-eb10-4d66-93a0-749294f77c07
28c02cfb-2949-4f42-b6a3-0a22674837f0,ef933e38-5df1-4197-8075-1f64b1a46871
f1c4cacc-db52-4954-afa8-f0e14e61b8db,ef933e38-5df1-4197-8075-1f64b1a46871
b761306e-772c-47e9-a9a1-9e5c3bb3cf0f,f980e0d9-2ecc-4352-8198-6875f836fec5
86759d9f-5613-4578-b74d-14f80217c675,f980e0d9-2ecc-4352-8198-6875f836fec5
91435349-16f2-4740-a107-f370aa0abdf4,8220f8d0-5cde-40e3-b1a1-b1609e453d3a
997d2284-f252-4fbd-89d4-78a08c3466bc,8220f8d0-5cde-40e3-b1a1-b1609e453d3a
0d0adff2-005c-4eac-91f0-33e127d743b0,9f720d3d-2b15-43b3-ab81-a3aafa8d9603
54b5d488-fd38-4f85-9bb2-68c416490e2b,9f720d3d-2b15-43b3-ab81-a3aafa8d9603
7b1c5d9c-a0d1-494b-94da-abdda4d4fe3a,ebefe012-413c-4685-b9d1-70256a142d17
df9ac43f-f094-4987-9f6b-23e5b6f59efc,ebefe012-413c-4685-b9d1-70256a142d17
bcd19082-7c44-4ac7-8423-bcaa57e1b055,ebefe012-413c-4685-b9d1-70256a142d17
82f37e91-e879-4fb5-b13c-048d13ffb681,ebefe012-413c-4685-b9d1-70256a142d17
48936fdb-8ffb-4838-912d-1056e380c836,46c5bad0-f057-4dfe-aa9c-9ee63a594ce2
0d0adff2-005c-4eac-91f0-33e127d743b0,46c5bad0-f057-4dfe-aa9c-9ee63a594ce2
1a90a927-6e9b-41c7-b6bf-e411d057a3ee,d586fc24-6291-4521-a29b-fc6852e088a7
9958b24c-e9f1-45e1-95a3-21c24e45030b,d586fc24-6291-4521-a29b-fc6852e088a7
0831b806-50cd-4e24-b316-f1f1ce6a729a,d586fc24-6291-4521-a29b-fc6852e088a7
669cebfa-73d4-494d-b3fb-8e8634548991,f592eefe-cca9-47be-b89a-bd28c20ec5c0
c8f2614b-396b-4403-baf3-988ef537ba7f,f592eefe-cca9-47be-b89a-bd28c20ec5c0
cbcdf40c-3876-4102-b91f-0b18a9dc567e,7216c2d5-e176-4382-b048-10ac7ad25e1f
1f0736e5-1ddc-46bf-9fd7-8e0512bdfc65,7216c2d5-e176-4382-b048-10ac7ad25e1f
d95786b2-a811-48dc-bd18-b00b4d8738e8,0474d3c0-268d-47fc-9a29-44314c3e6480
c1d4eec2-0cdf-4336-870c-12a4f0948fca,0474d3c0-268d-47fc-9a29-44314c3e6480
76476f3e-5719-48ef-9b7c-6411b7b1a44c,1e598182-5797-48f3-a7fd-6262fd0d5a44
7d9d413f-92a3-4f44-9fec-1c333a231e48,1e598182-5797-48f3-a7fd-6262fd0d5a44
997d2284-f252-4fbd-89d4-78a08c3466bc,1e598182-5797-48f3-a7fd-6262fd0d5a44
60537c60-a725-4454-a946-d448a793d58d,1e598182-5797-48f3-a7fd-6262fd0d5a44
98619705-9f31-441d-ae8c-f0654ff5ec20,8cfedb6b-38b2-4d7a-ba6f-13ce1e8be7d7
fbd32f95-6cc9-4b15-80b1-ff7441aa226a,8cfedb6b-38b2-4d7a-ba6f-13ce1e8be7d7
56f27ee2-7254-40fc-b00a-93717ca3d3fa,8e7e454e-4acf-4d48-a57a-9b4427d00b83
6dbaaa42-3673-42a5-a368-94a5cb9e30f3,8e7e454e-4acf-4d48-a57a-9b4427d00b83
58207226-03a8-4883-bf00-338eb5124042,ebd431a3-7bec-4ae9-90aa-c25a7acd2891
5931091f-4c76-42d8-84dc-96bec9e3d597,ebd431a3-7bec-4ae9-90aa-c25a7acd2891
32fcb99d-ca2a-4c2b-9b53-400d07492ef7,99b55149-adb7-4ebd-becf-23959e854640
4cd26c5a-73c9-4a20-a7dd-37c836761f5b,99b55149-adb7-4ebd-becf-23959e854640
c7c0e0df-170f-4435-a66e-9d43ce04214e,99b55149-adb7-4ebd-becf-23959e854640
bb2ac86d-ad51-497a-b010-9e5a5a5f0f0d,03f83e2c-3925-41bd-90be-e8bb60dde23c
17a61cb8-6c29-4ffd-9875-9f391c915884,03f83e2c-3925-41bd-90be-e8bb60dde23c
cab1d045-e789-4be8-a974-981204dee5c3,fff98f66-b2ec-495b-a49b-9d5a671e8c24
aec19332-309f-4b28-8fbf-7a3ae68380a5,fff98f66-b2ec-495b-a49b-9d5a671e8c24
d3aba1c1-190c-4142-a667-b042496622f5,fff98f66-b2ec-495b-a49b-9d5a671e8c24
b1f67b91-0fee-47a9-92f9-57136c914647,fff98f66-b2ec-495b-a49b-9d5a671e8c24
dde00453-0852-41eb-b978-80a39ef83ad0,922208d2-4f92-45a9-abac-113b2171e5c3
079a31ff-980f-4958-ae11-8ecf5e6e5813,922208d2-4f92-45a9-abac-113b2171e5c3
5931091f-4c76-42d8-84dc-96bec9e3d597,dc9415c5-7cdc-48e9-9bd8-0c3f41d59a60
c1d4eec2-0cdf-4336-870c-12a4f0948fca,dc9415c5-7cdc-48e9-9bd8-0c3f41d59a60
669cebfa-73d4-494d-b3fb-8e8634548991,40536309-f349-44cc-ac31-88b11b218225
c8f2614b-396b-4403-baf3-988ef537ba7f,40536309-f349-44cc-ac31-88b11b218225
a9f85bd0-6a35-4eca-929c-26f187ca2dd8,40536309-f349-44cc-ac31-88b11b218225
07b722b6-a508-4fbe-b524-c12fff9b39e1,636c615a-3ae5-4045-930d-bea21f4b8dc7
8da51512-df62-4aa1-8b07-7f6ab848c7bf,636c615a-3ae5-4045-930d-bea21f4b8dc7
58da69ee-15ed-46f1-a8e2-d89feccd768f,636c615a-3ae5-4045-930d-bea21f4b8dc7
78a7164a-c3e6-4fee-afa8-9f00ef584c8f,636c615a-3ae5-4045-930d-bea21f4b8dc7
1472e9cc-4f46-44c8-b3b9-964944522c78,e529f6ed-1e70-4d50-b89e-61e1d9d5fff0
6b983673-ae3d-4b82-afbf-c46ec9b20ef8,e529f6ed-1e70-4d50-b89e-61e1d9d5fff0
b7ac3621-c2ce-4745-96cf-8ba2a64f4798,e529f6ed-1e70-4d50-b89e-61e1d9d5fff0
0d0adff2-005c-4eac-91f0-33e127d743b0,98f7d2c8-4acb-44d5-97cc-16ae7046b746
b476b293-07f6-44f3-9a86-9500dbcbf26e,98f7d2c8-4acb-44d5-97cc-16ae7046b746
76476f3e-5719-48ef-9b7c-6411b7b1a44c,d055c8f0-c2d4-48b8-a4d1-f2e188186528
a29821bc-6aa8-42c6-8d2d-faf270c87cd5,d055c8f0-c2d4-48b8-a4d1-f2e188186528
f84ec475-cba0-4525-a786-ccea39b90167,78b3013f-6bce-404d-96c3-f23bc45d1ac9
c1d4eec2-0cdf-4336-870c-12a4f0948fca,78b3013f-6bce-404d-96c3-f23bc45d1ac9
85cf9842-6abe-4e64-8ed4-e6a4f40ecb03,a5aae4d9-2ec3-4fae-a77a-a863f2c718f8
dde00453-0852-41eb-b978-80a39ef83ad0,a5aae4d9-2ec3-4fae-a77a-a863f2c718f8
997d2284-f252-4fbd-89d4-78a08c3466bc,a5aae4d9-2ec3-4fae-a77a-a863f2c718f8
f1c4cacc-db52-4954-afa8-f0e14e61b8db,a5aae4d9-2ec3-4fae-a77a-a863f2c718f8
5931091f-4c76-42d8-84dc-96bec9e3d597,a5aae4d9-2ec3-4fae-a77a-a863f2c718f8
dc80cd3c-c597-4684-91b3-94c915ac329d,a5aae4d9-2ec3-4fae-a77a-a863f2c718f8
3c07306e-ef9a-4d13-8eba-6e97ae3743a0,a5aae4d9-2ec3-4fae-a77a-a863f2c718f8
07b722b6-a508-4fbe-b524-c12fff9b39e1,a5aae4d9-2ec3-4fae-a77a-a863f2c718f8
d95786b2-a811-48dc-bd18-b00b4d8738e8,a5aae4d9-2ec3-4fae-a77a-a863f2c718f8
cab1d045-e789-4be8-a974-981204dee5c3,a5aae4d9-2ec3-4fae-a77a-a863f2c718f8
76db1740-d667-4f0d-ba8c-f2d72a41bbee,06083dda-00ab-4215-a597-ff70227c0bd2
28c02cfb-2949-4f42-b6a3-0a22674837f0,06083dda-00ab-4215-a597-ff70227c0bd2
25ce3648-2aa4-4992-a379-003d561b81d4,06083dda-00ab-4215-a597-ff70227c0bd2
56f27ee2-7254-40fc-b00a-93717ca3d3fa,06083dda-00ab-4215-a597-ff70227c0bd2
f84ec475-cba0-4525-a786-ccea39b90167,06083dda-00ab-4215-a597-ff70227c0bd2
c1d4eec2-0cdf-4336-870c-12a4f0948fca,06083dda-00ab-4215-a597-ff70227c0bd2
f3cbe023-e94a-4bb9-ad26-4f7c950f30ad,99b67ad5-767d-4d2e-937b-6396413811cc
c2297f61-50d7-4eed-a2ad-3071982fae03,99b67ad5-767d-4d2e-937b-6396413811cc
28c02cfb-2949-4f42-b6a3-0a22674837f0,138c61c1-b50e-4541-b232-0f3690b9f864
fbf2fa87-26b4-486a-9f65-654de3476e13,138c61c1-b50e-4541-b232-0f3690b9f864
78a7164a-c3e6-4fee-afa8-9f00ef584c8f,db9d722a-619e-4257-b594-e6e79941eae9
7a2992b9-756a-47b7-8274-6dfd8a9869a3,db9d722a-619e-4257-b594-e6e79941eae9
ab8a4f3c-0663-4c07-b516-9761724d9d83,aa038bb4-4b29-4e36-9138-5560b19b6d7b
cb4ca5e1-b453-4746-a51d-456c70d7ef2a,aa038bb4-4b29-4e36-9138-5560b19b6d7b
85cf9842-6abe-4e64-8ed4-e6a4f40ecb03,3d39537e-9cb8-4946-8f66-c65c5642756c
c1d4eec2-0cdf-4336-870c-12a4f0948fca,3d39537e-9cb8-4946-8f66-c65c5642756c
9958b24c-e9f1-45e1-95a3-21c24e45030b,3d39537e-9cb8-4946-8f66-c65c5642756c
433692bd-f082-4fbb-a4cf-bd4a5b2b5aa9,3d39537e-9cb8-4946-8f66-c65c5642756c
112f7fbb-4e1f-4e30-8ffd-4c2e5f9ff468,90368a14-f377-4dbf-82a9-d150c098a18e
99c602f8-3bc5-4f60-9802-020c4214294f,90368a14-f377-4dbf-82a9-d150c098a18e
f32df372-3ab4-4a1e-9f07-47932515ceb8,8d05e361-a381-453b-b5f1-a5a0dce736dd
7d26d92e-7fc5-4caa-9232-ec0547de75a5,8d05e361-a381-453b-b5f1-a5a0dce736dd
0d0adff2-005c-4eac-91f0-33e127d743b0,f2fc3063-21a8-4e8c-878a-a9177e25b593
079a31ff-980f-4958-ae11-8ecf5e6e5813,f2fc3063-21a8-4e8c-878a-a9177e25b593
11697f91-8d5b-4ee5-a8fc-cae677bdc111,e043ebdb-0bd7-4de7-92e6-03a93485d2de
5931091f-4c76-42d8-84dc-96bec9e3d597,e043ebdb-0bd7-4de7-92e6-03a93485d2de
112f7fbb-4e1f-4e30-8ffd-4c2e5f9ff468,e043ebdb-0bd7-4de7-92e6-03a93485d2de
6dbaaa42-3673-42a5-a368-94a5cb9e30f3,a03f6f2d-f505-4051-ab29-a059bbe7564f
56f27ee2-7254-40fc-b00a-93717ca3d3fa,a03f6f2d-f505-4051-ab29-a059bbe7564f
5931091f-4c76-42d8-84dc-96bec9e3d597,cf30c944-0e91-448b-92f0-628293dce8a0
5b0c2434-932f-497b-8e37-861b4cd5e81a,cf30c944-0e91-448b-92f0-628293dce8a0
1472e9cc-4f46-44c8-b3b9-964944522c78,4d9b9db2-917c-4fe4-9f72-3b8dc6650874
25ce3648-2aa4-4992-a379-003d561b81d4,4d9b9db2-917c-4fe4-9f72-3b8dc6650874
8dcf801d-6780-4201-9c83-9dc2eb278572,4d9b9db2-917c-4fe4-9f72-3b8dc6650874
1b78617e-e38d-4221-b146-8c65f654156a,25952d95-6ddf-421d-af78-9e68cf93e922
85cf9842-6abe-4e64-8ed4-e6a4f40ecb03,25952d95-6ddf-421d-af78-9e68cf93e922
b52abd6b-7ec2-42c8-bdef-403a83f76032,c3b498e9-a239-4122-a1e4-dc69a2e829ae
1c811a65-6135-4cae-b4b5-3aa769e099fe,c3b498e9-a239-4122-a1e4-dc69a2e829ae
c77d9c8e-2c45-4141-9764-bc303bea0206,555bd336-219b-4d34-8987-591e9db89ecd
81937b1d-0621-4f38-b962-a4c1e476911c,555bd336-219b-4d34-8987-591e9db89ecd
dde00453-0852-41eb-b978-80a39ef83ad0,555bd336-219b-4d34-8987-591e9db89ecd
78a7164a-c3e6-4fee-afa8-9f00ef584c8f,fe806757-3b4e-49d0-98ac-12970faffa7c
c8f2614b-396b-4403-baf3-988ef537ba7f,fe806757-3b4e-49d0-98ac-12970faffa7c
4bf3b1d6-57be-431f-915b-0d4c3654671e,46271d68-2d03-4d7d-92b8-9bfd8d076e4c
85cf9842-6abe-4e64-8ed4-e6a4f40ecb03,46271d68-2d03-4d7d-92b8-9bfd8d076e4c
07b722b6-a508-4fbe-b524-c12fff9b39e1,4a244445-1e66-4789-9a49-5aba6b56d596
28c02cfb-2949-4f42-b6a3-0a22674837f0,4a244445-1e66-4789-9a49-5aba6b56d596
e1805464-57eb-431a-87a7-0a66a1bfcbb4,d8e6f551-acf7-4fc5-897a-260b010a45a9
48936fdb-8ffb-4838-912d-1056e380c836,d8e6f551-acf7-4fc5-897a-260b010a45a9
0d0adff2-005c-4eac-91f0-33e127d743b0,d8e6f551-acf7-4fc5-897a-260b010a45a9
1a90a927-6e9b-41c7-b6bf-e411d057a3ee,8a762c79-147d-4633-a96a-1307abf923bb
c1d4eec2-0cdf-4336-870c-12a4f0948fca,8a762c79-147d-4633-a96a-1307abf923bb
669cebfa-73d4-494d-b3fb-8e8634548991,4e54656c-9a28-4d31-9021-ad28ebca8824
c8f2614b-396b-4403-baf3-988ef537ba7f,4e54656c-9a28-4d31-9021-ad28ebca8824
0d0adff2-005c-4eac-91f0-33e127d743b0,4e54656c-9a28-4d31-9021-ad28ebca8824
8dcf801d-6780-4201-9c83-9dc2eb278572,9f6851bb-6275-4835-ab81-ca0dcb28ffd4
25ce3648-2aa4-4992-a379-003d561b81d4,9f6851bb-6275-4835-ab81-ca0dcb28ffd4
797106da-15dc-46a9-af3d-d5e2c000666f,dbed636d-8e7f-496c-907e-8b012649ad8e
53fbf7b7-0c92-40b6-b65b-247135205240,dbed636d-8e7f-496c-907e-8b012649ad8e
d161375a-334b-4d13-b311-f66604f0fdf4,87f97803-50f7-4785-89bd-0b93ea3d0333
dde00453-0852-41eb-b978-80a39ef83ad0,87f97803-50f7-4785-89bd-0b93ea3d0333
3e224573-2e15-4c1c-b110-28c4f5c73f38,4d8c1fc2-5d64-4009-942e-8f4881561ed2
c3d039b1-c578-45b8-b6b3-dcb6a388f9de,4d8c1fc2-5d64-4009-942e-8f4881561ed2
fbd32f95-6cc9-4b15-80b1-ff7441aa226a,faf5fb50-3452-4aa6-8517-7629ec5846ed
112f7fbb-4e1f-4e30-8ffd-4c2e5f9ff468,faf5fb50-3452-4aa6-8517-7629ec5846ed
433692bd-f082-4fbb-a4cf-bd4a5b2b5aa9,1ddb44ea-7598-4d19-a6ca-0605192cd76f
e033d8ec-2723-4973-bbfb-4eadabfe9192,1ddb44ea-7598-4d19-a6ca-0605192cd76f
bece77fe-c51d-4fd4-8180-8338d61ccecd,af5fd1ec-65d3-42fc-9f02-e82dd069a8c9
a43e40d6-390d-463c-9985-cf264bb890b4,af5fd1ec-65d3-42fc-9f02-e82dd069a8c9
5931091f-4c76-42d8-84dc-96bec9e3d597,38ab5f31-064f-4038-994a-40d5befd8572
85cf9842-6abe-4e64-8ed4-e6a4f40ecb03,38ab5f31-064f-4038-994a-40d5befd8572
997d2284-f252-4fbd-89d4-78a08c3466bc,38ab5f31-064f-4038-994a-40d5befd8572
81937b1d-0621-4f38-b962-a4c1e476911c,c93ef049-aeca-4112-baf1-8ffe36152d57
8da51512-df62-4aa1-8b07-7f6ab848c7bf,c93ef049-aeca-4112-baf1-8ffe36152d57
b476b293-07f6-44f3-9a86-9500dbcbf26e,f87ee4f2-ccf1-4969-9eac-7dc9be5dce62
86759d9f-5613-4578-b74d-14f80217c675,f87ee4f2-ccf1-4969-9eac-7dc9be5dce62
842dc9ef-d7cd-491a-88b8-29f2b3bdd0e9,f87ee4f2-ccf1-4969-9eac-7dc9be5dce62
f84ec475-cba0-4525-a786-ccea39b90167,f87ee4f2-ccf1-4969-9eac-7dc9be5dce62
5931091f-4c76-42d8-84dc-96bec9e3d597,021d8222-b169-4f9b-8cfa-0163d08a6b62
58207226-03a8-4883-bf00-338eb5124042,021d8222-b169-4f9b-8cfa-0163d08a6b62
cab1d045-e789-4be8-a974-981204dee5c3,32386f43-e767-4268-830d-cdd11b1ffae5
c7c0e0df-170f-4435-a66e-9d43ce04214e,32386f43-e767-4268-830d-cdd11b1ffae5
cebd157a-df24-47e8-b62c-6f798cbf357c,76966fee-5797-4ed9-8a60-73d79df4c269
da6a5e5c-e1a7-43c3-99b5-01256d2b0a78,76966fee-5797-4ed9-8a60-73d79df4c269
a882ae6e-e3a8-44b1-9237-104ed6c2aab6,812b0ef8-7124-470d-8acd-aee50fc8202f
a9f85bd0-6a35-4eca-929c-26f187ca2dd8,812b0ef8-7124-470d-8acd-aee50fc8202f
f32df372-3ab4-4a1e-9f07-47932515ceb8,812b0ef8-7124-470d-8acd-aee50fc8202f
32fcb99d-ca2a-4c2b-9b53-400d07492ef7,b2c197ca-a269-498f-a7dc-5642cd5825ee
17a61cb8-6c29-4ffd-9875-9f391c915884,b2c197ca-a269-498f-a7dc-5642cd5825ee
76476f3e-5719-48ef-9b7c-6411b7b1a44c,b2c197ca-a269-498f-a7dc-5642cd5825ee
5931091f-4c76-42d8-84dc-96bec9e3d597,b2c197ca-a269-498f-a7dc-5642cd5825ee
1472e9cc-4f46-44c8-b3b9-964944522c78,a06df285-e5e0-4dd9-a5ff-2a9881d9198d
07b722b6-a508-4fbe-b524-c12fff9b39e1,a06df285-e5e0-4dd9-a5ff-2a9881d9198d
32fcb99d-ca2a-4c2b-9b53-400d07492ef7,d295a410-df94-4687-b78c-bb3ed5e294a9
28620fb5-e293-4479-9210-c32fe45bd450,d295a410-df94-4687-b78c-bb3ed5e294a9
7a2992b9-756a-47b7-8274-6dfd8a9869a3,d295a410-df94-4687-b78c-bb3ed5e294a9
78a7164a-c3e6-4fee-afa8-9f00ef584c8f,d295a410-df94-4687-b78c-bb3ed5e294a9
bf4a95ad-0cc5-4f36-a53a-1495b26ee2f5,28ead34f-1422-4b3b-a35f-39b4d213987a
126436e6-ff5a-4260-a4a9-1a78d12ef95e,28ead34f-1422-4b3b-a35f-39b4d213987a
669cebfa-73d4-494d-b3fb-8e8634548991,6d250ee7-39ec-41b5-bc46-1c6575c61416
c8f2614b-396b-4403-baf3-988ef537ba7f,6d250ee7-39ec-41b5-bc46-1c6575c61416
7c580ed3-30b0-49a5-b13c-00f9bcba7498,b5aedaca-4697-4139-b3d5-077941abd9a2
e44fcbb4-4446-4edb-b4ba-d4031f18a361,b5aedaca-4697-4139-b3d5-077941abd9a2
b14387ef-2041-4846-bc61-ae73b64ecc48,b5aedaca-4697-4139-b3d5-077941abd9a2
f3f0f0b7-55cc-4c5d-9d32-4ea63675411b,e7619aca-74ec-4ca7-99e0-7217583faa25
8b055f14-68d4-4eb4-8a35-d6445c0545cd,e7619aca-74ec-4ca7-99e0-7217583faa25
f84ec475-cba0-4525-a786-ccea39b90167,315c10c7-981b-430c-a4b1-f1b2b37233bf
c1d4eec2-0cdf-4336-870c-12a4f0948fca,315c10c7-981b-430c-a4b1-f1b2b37233bf
86759d9f-5613-4578-b74d-14f80217c675,315c10c7-981b-430c-a4b1-f1b2b37233bf
25ce3648-2aa4-4992-a379-003d561b81d4,6c28036b-2896-438f-8f82-5e97a7c827c7
56f27ee2-7254-40fc-b00a-93717ca3d3fa,6c28036b-2896-438f-8f82-5e97a7c827c7
433692bd-f082-4fbb-a4cf-bd4a5b2b5aa9,6c28036b-2896-438f-8f82-5e97a7c827c7
1472e9cc-4f46-44c8-b3b9-964944522c78,6c28036b-2896-438f-8f82-5e97a7c827c7
6b983673-ae3d-4b82-afbf-c46ec9b20ef8,6c28036b-2896-438f-8f82-5e97a7c827c7
b7ac3621-c2ce-4745-96cf-8ba2a64f4798,6c28036b-2896-438f-8f82-5e97a7c827c7
0d0adff2-005c-4eac-91f0-33e127d743b0,6c28036b-2896-438f-8f82-5e97a7c827c7
c8f2614b-396b-4403-baf3-988ef537ba7f,6c28036b-2896-438f-8f82-5e97a7c827c7
f1c4cacc-db52-4954-afa8-f0e14e61b8db,6c28036b-2896-438f-8f82-5e97a7c827c7
c1d4eec2-0cdf-4336-870c-12a4f0948fca,297da054-5c5a-450d-a077-433c6cd0c118
5b0c2434-932f-497b-8e37-861b4cd5e81a,297da054-5c5a-450d-a077-433c6cd0c118
85cf9842-6abe-4e64-8ed4-e6a4f40ecb03,7f4b5b4c-066f-4199-a0ba-ab23fc434c8a
f439ae27-0652-4b63-99f2-25e1bcc3c9c7,7f4b5b4c-066f-4199-a0ba-ab23fc434c8a
fda8ae11-dd97-42db-957f-b4d04f0636e0,7f4b5b4c-066f-4199-a0ba-ab23fc434c8a
bece77fe-c51d-4fd4-8180-8338d61ccecd,3077ea32-3625-4710-a209-255dfed11a1c
bdb90320-26b5-4f89-b830-a4ed0eb4d130,3077ea32-3625-4710-a209-255dfed11a1c
17a61cb8-6c29-4ffd-9875-9f391c915884,c24f0ae3-7360-4f16-b1b1-3e61b27ea81d
f0d9e370-4a3f-4382-9376-fa326b36fe43,c24f0ae3-7360-4f16-b1b1-3e61b27ea81d
994f2851-7d5e-4fc4-b484-33bc0ed8c97d,6b925ced-9f3d-4016-adce-d102351d9e2c
571dd2a8-1c43-43c3-a3e5-34a387125dcb,6b925ced-9f3d-4016-adce-d102351d9e2c
78a7164a-c3e6-4fee-afa8-9f00ef584c8f,6b925ced-9f3d-4016-adce-d102351d9e2c
cab1d045-e789-4be8-a974-981204dee5c3,6b925ced-9f3d-4016-adce-d102351d9e2c
85cf9842-6abe-4e64-8ed4-e6a4f40ecb03,3e32b2e2-448a-4baf-864a-750cd7dbf505
f84ec475-cba0-4525-a786-ccea39b90167,3e32b2e2-448a-4baf-864a-750cd7dbf505
5931091f-4c76-42d8-84dc-96bec9e3d597,3e32b2e2-448a-4baf-864a-750cd7dbf505
31b385ba-eb23-48fe-be84-e4e8c21b3c3b,3e32b2e2-448a-4baf-864a-750cd7dbf505
32fcb99d-ca2a-4c2b-9b53-400d07492ef7,f2491ed0-eb3a-451b-8bae-83a2adea7e81
76476f3e-5719-48ef-9b7c-6411b7b1a44c,f2491ed0-eb3a-451b-8bae-83a2adea7e81
661bdf83-f1df-4d98-a2ed-f5aa9123fe76,8cbce425-f4d3-4386-a9b5-e6cb4b9f2605
e8d156f8-d1aa-4e76-b590-c684a49972f3,8cbce425-f4d3-4386-a9b5-e6cb4b9f2605
9958b24c-e9f1-45e1-95a3-21c24e45030b,713d68ff-f402-4601-9c0b-c614ed4def0e
bd7bc3b0-7232-469d-80df-2f16b6238fbb,713d68ff-f402-4601-9c0b-c614ed4def0e
d95786b2-a811-48dc-bd18-b00b4d8738e8,0333905c-04f1-41ef-8bc2-8524b7fc40a2
c1d4eec2-0cdf-4336-870c-12a4f0948fca,0333905c-04f1-41ef-8bc2-8524b7fc40a2
b761306e-772c-47e9-a9a1-9e5c3bb3cf0f,a903b13e-9bd4-4e80-8fc7-f1727e81caac
8dcf801d-6780-4201-9c83-9dc2eb278572,a903b13e-9bd4-4e80-8fc7-f1727e81caac
ee55074b-ab4a-4e31-bac3-5d8ecdc1b764,a903b13e-9bd4-4e80-8fc7-f1727e81caac
b1f9fd01-2a3e-400f-b17e-546dd18aba4a,bd99691c-fa85-4a0f-985b-9656fda72e25
8672555e-cb4f-4349-927c-73dabda2c515,bd99691c-fa85-4a0f-985b-9656fda72e25
126436e6-ff5a-4260-a4a9-1a78d12ef95e,9dbc1993-41b6-48a4-aef9-4414d8cfc1d0
8a037532-2998-486d-8ab2-1135d3f19e4d,9dbc1993-41b6-48a4-aef9-4414d8cfc1d0
112f7fbb-4e1f-4e30-8ffd-4c2e5f9ff468,8366838a-29b4-4fa7-9b33-5e82c655a65f
3beaa6c9-e2b0-45c3-9239-71c5f7893732,8366838a-29b4-4fa7-9b33-5e82c655a65f
cb959f7e-4404-4b42-941b-dcebd35e42df,547b404c-ae95-432c-bf3e-589a2f888c91
e180f87c-7fd4-4788-85c0-6057311e56cf,547b404c-ae95-432c-bf3e-589a2f888c91
28c02cfb-2949-4f42-b6a3-0a22674837f0,d2405792-9185-4316-b906-9c7b5cc883af
dde00453-0852-41eb-b978-80a39ef83ad0,d2405792-9185-4316-b906-9c7b5cc883af
6dbaaa42-3673-42a5-a368-94a5cb9e30f3,7dac10ab-502e-4c25-8962-dd3bf22b3f41
56f27ee2-7254-40fc-b00a-93717ca3d3fa,7dac10ab-502e-4c25-8962-dd3bf22b3f41
dde00453-0852-41eb-b978-80a39ef83ad0,bfa97ed2-edb1-4f7d-bec8-d2575a689ac1
1a90a927-6e9b-41c7-b6bf-e411d057a3ee,bfa97ed2-edb1-4f7d-bec8-d2575a689ac1
d161375a-334b-4d13-b311-f66604f0fdf4,bfa97ed2-edb1-4f7d-bec8-d2575a689ac1
ce6fd3b5-37ce-4fa2-a030-ba65aab012d3,97c3343e-3faa-4b10-807d-46e05892ccd5
2dd0fe35-c4c6-4c15-a9f8-272ba3ad34c2,97c3343e-3faa-4b10-807d-46e05892ccd5
5931091f-4c76-42d8-84dc-96bec9e3d597,81afadb4-7416-40ec-9e01-adc4bd6eebfb
85cf9842-6abe-4e64-8ed4-e6a4f40ecb03,81afadb4-7416-40ec-9e01-adc4bd6eebfb
1472e9cc-4f46-44c8-b3b9-964944522c78,b3c06513-ee8a-4e66-9374-9910c815ce2e
78a7164a-c3e6-4fee-afa8-9f00ef584c8f,b3c06513-ee8a-4e66-9374-9910c815ce2e
e033d8ec-2723-4973-bbfb-4eadabfe9192,d47c10da-441a-447e-8702-6b658d29bf7a
433692bd-f082-4fbb-a4cf-bd4a5b2b5aa9,d47c10da-441a-447e-8702-6b658d29bf7a
28c02cfb-2949-4f42-b6a3-0a22674837f0,d47c10da-441a-447e-8702-6b658d29bf7a
dc80cd3c-c597-4684-91b3-94c915ac329d,c5261d95-0487-4bd6-82f6-a21f982eb92f
07b722b6-a508-4fbe-b524-c12fff9b39e1,c5261d95-0487-4bd6-82f6-a21f982eb92f
0d0adff2-005c-4eac-91f0-33e127d743b0,cfefffc4-377f-4034-972e-c36acdfe4e7d
c8f2614b-396b-4403-baf3-988ef537ba7f,cfefffc4-377f-4034-972e-c36acdfe4e7d
669cebfa-73d4-494d-b3fb-8e8634548991,cfefffc4-377f-4034-972e-c36acdfe4e7d
f3f0f0b7-55cc-4c5d-9d32-4ea63675411b,918d5de8-bfa6-4050-a34b-36ed89a847e1
5d2de9ea-f249-4e81-9f93-0290d2d96bc1,918d5de8-bfa6-4050-a34b-36ed89a847e1
536b4e0e-63c5-4ffb-b9db-27e2b7892cfc,d3d45e54-dec3-4cc4-ba3c-6bcc9e4bbe13
3adb4905-0225-4d82-89c9-6a6bf30d0226,d3d45e54-dec3-4cc4-ba3c-6bcc9e4bbe13
9174e501-df94-4d95-b12f-bc51ad7a145f,896d0371-4ef7-4d42-bee4-3922ca33f575
77d02192-8af5-4ae5-9e22-d94aff9a22c9,896d0371-4ef7-4d42-bee4-3922ca33f575
997d2284-f252-4fbd-89d4-78a08c3466bc,cace339d-5195-4fe6-8f55-a61b4f5fe67a
85cf9842-6abe-4e64-8ed4-e6a4f40ecb03,cace339d-5195-4fe6-8f55-a61b4f5fe67a
5931091f-4c76-42d8-84dc-96bec9e3d597,cace339d-5195-4fe6-8f55-a61b4f5fe67a
f1c4cacc-db52-4954-afa8-f0e14e61b8db,3dfa5437-fafc-4180-9c22-8d542d6915dc
ee8ccaac-c083-47ad-8607-3ac21d624f02,3dfa5437-fafc-4180-9c22-8d542d6915dc
fb77d023-16e0-4825-b139-0976a7611d26,3dfa5437-fafc-4180-9c22-8d542d6915dc
433692bd-f082-4fbb-a4cf-bd4a5b2b5aa9,117cdc3b-394d-4860-9c66-96ef8f087005
6654e0a9-0e66-4327-8074-281ddb2a1cff,117cdc3b-394d-4860-9c66-96ef8f087005
f84ec475-cba0-4525-a786-ccea39b90167,a16a1d3d-d722-4faf-b3e7-61a4105df705
5931091f-4c76-42d8-84dc-96bec9e3d597,a16a1d3d-d722-4faf-b3e7-61a4105df705
079a31ff-980f-4958-ae11-8ecf5e6e5813,a16a1d3d-d722-4faf-b3e7-61a4105df705
0d0adff2-005c-4eac-91f0-33e127d743b0,951669da-7574-45e4-b137-5d3e5c223732
731f7d23-eeae-4fd0-bb62-ac36e311e411,951669da-7574-45e4-b137-5d3e5c223732
7c580ed3-30b0-49a5-b13c-00f9bcba7498,0ec35dc6-3ec6-4285-a4e3-914afe3b656d
b14387ef-2041-4846-bc61-ae73b64ecc48,0ec35dc6-3ec6-4285-a4e3-914afe3b656d
c77d9c8e-2c45-4141-9764-bc303bea0206,0ec35dc6-3ec6-4285-a4e3-914afe3b656d
e44fcbb4-4446-4edb-b4ba-d4031f18a361,0ec35dc6-3ec6-4285-a4e3-914afe3b656d
31b385ba-eb23-48fe-be84-e4e8c21b3c3b,d5b4c009-4aaf-4c9f-b7e2-735630e94e9b
78a7164a-c3e6-4fee-afa8-9f00ef584c8f,d5b4c009-4aaf-4c9f-b7e2-735630e94e9b
1472e9cc-4f46-44c8-b3b9-964944522c78,d3cc9324-7fc4-4801-8b2c-4dc583bfecdb
6b983673-ae3d-4b82-afbf-c46ec9b20ef8,d3cc9324-7fc4-4801-8b2c-4dc583bfecdb
b7ac3621-c2ce-4745-96cf-8ba2a64f4798,d3cc9324-7fc4-4801-8b2c-4dc583bfecdb
48936fdb-8ffb-4838-912d-1056e380c836,d3cc9324-7fc4-4801-8b2c-4dc583bfecdb
5931091f-4c76-42d8-84dc-96bec9e3d597,a4546d89-01f7-4c4c-8e93-84c0b2582616
58207226-03a8-4883-bf00-338eb5124042,a4546d89-01f7-4c4c-8e93-84c0b2582616
cb959f7e-4404-4b42-941b-dcebd35e42df,eeef2600-15d1-416e-afcd-5d1c0e57617e
e180f87c-7fd4-4788-85c0-6057311e56cf,eeef2600-15d1-416e-afcd-5d1c0e57617e
f92ee9da-0a03-49ea-acaa-07320e7210dd,d072c1ff-c9fb-4de5-84be-ea96abc7e22b
ab685ae8-6d71-4619-9de7-68a6d03ed2ec,d072c1ff-c9fb-4de5-84be-ea96abc7e22b
0d0adff2-005c-4eac-91f0-33e127d743b0,830e5494-852d-4027-bf31-ade4d9a155b9
7a2992b9-756a-47b7-8274-6dfd8a9869a3,830e5494-852d-4027-bf31-ade4d9a155b9
8672555e-cb4f-4349-927c-73dabda2c515,830e5494-852d-4027-bf31-ade4d9a155b9
85cf9842-6abe-4e64-8ed4-e6a4f40ecb03,6f00ca47-189f-4268-adf6-e87cb8d9bc57
126436e6-ff5a-4260-a4a9-1a78d12ef95e,6f00ca47-189f-4268-adf6-e87cb8d9bc57
8a037532-2998-486d-8ab2-1135d3f19e4d,6f00ca47-189f-4268-adf6-e87cb8d9bc57
07b722b6-a508-4fbe-b524-c12fff9b39e1,6f00ca47-189f-4268-adf6-e87cb8d9bc57
dde00453-0852-41eb-b978-80a39ef83ad0,6f00ca47-189f-4268-adf6-e87cb8d9bc57
4078e42b-928e-4423-947e-1d181db517e6,6f00ca47-189f-4268-adf6-e87cb8d9bc57
c8f2614b-396b-4403-baf3-988ef537ba7f,6f00ca47-189f-4268-adf6-e87cb8d9bc57
669cebfa-73d4-494d-b3fb-8e8634548991,6f00ca47-189f-4268-adf6-e87cb8d9bc57
77a295ea-4338-42bb-a80a-e0159de4c4ad,6f00ca47-189f-4268-adf6-e87cb8d9bc57
f84ec475-cba0-4525-a786-ccea39b90167,d2b290e0-71b3-4b6b-8e29-f8a89798f60d
c1d4eec2-0cdf-4336-870c-12a4f0948fca,d2b290e0-71b3-4b6b-8e29-f8a89798f60d
5b0c2434-932f-497b-8e37-861b4cd5e81a,d2b290e0-71b3-4b6b-8e29-f8a89798f60d
112f7fbb-4e1f-4e30-8ffd-4c2e5f9ff468,bd10427f-c065-4db0-92a9-9e4282b03630
43c3e3c0-f187-4539-9358-181c54d0bae5,bd10427f-c065-4db0-92a9-9e4282b03630
904bef4b-1c24-4e48-a139-8bac7b18d9ae,5da29ec2-275a-486c-8fae-badab3ac8f47
3d5bf71d-738e-4536-9a45-cdaea806dd7a,5da29ec2-275a-486c-8fae-badab3ac8f47
f84ec475-cba0-4525-a786-ccea39b90167,a11830de-769b-459e-af87-808650614a87
c1d4eec2-0cdf-4336-870c-12a4f0948fca,a11830de-769b-459e-af87-808650614a87
c1d4eec2-0cdf-4336-870c-12a4f0948fca,8a631c4b-916b-4723-8bfa-c4ab2baa2617
56f27ee2-7254-40fc-b00a-93717ca3d3fa,8a631c4b-916b-4723-8bfa-c4ab2baa2617
25ce3648-2aa4-4992-a379-003d561b81d4,8a631c4b-916b-4723-8bfa-c4ab2baa2617
b6ee4302-a4c3-41eb-a738-712398cfe71d,8a631c4b-916b-4723-8bfa-c4ab2baa2617
28620fb5-e293-4479-9210-c32fe45bd450,450121bd-52cf-4602-93fb-ec0e45189ab6
c8f2614b-396b-4403-baf3-988ef537ba7f,450121bd-52cf-4602-93fb-ec0e45189ab6
c1d4eec2-0cdf-4336-870c-12a4f0948fca,e8249396-1a1a-4aa1-a062-45bf923a793b
f1c4cacc-db52-4954-afa8-f0e14e61b8db,e8249396-1a1a-4aa1-a062-45bf923a793b
f0d9e370-4a3f-4382-9376-fa326b36fe43,e8249396-1a1a-4aa1-a062-45bf923a793b
48936fdb-8ffb-4838-912d-1056e380c836,e8249396-1a1a-4aa1-a062-45bf923a793b
997d2284-f252-4fbd-89d4-78a08c3466bc,e8249396-1a1a-4aa1-a062-45bf923a793b
0d0adff2-005c-4eac-91f0-33e127d743b0,e8249396-1a1a-4aa1-a062-45bf923a793b
5931091f-4c76-42d8-84dc-96bec9e3d597,67039917-4e60-4d8c-8e59-c66238201d88
c1d4eec2-0cdf-4336-870c-12a4f0948fca,67039917-4e60-4d8c-8e59-c66238201d88
17a61cb8-6c29-4ffd-9875-9f391c915884,9b8bcd27-dd4d-4461-baff-cc3cd6941b4c
32fcb99d-ca2a-4c2b-9b53-400d07492ef7,9b8bcd27-dd4d-4461-baff-cc3cd6941b4c
c1d4eec2-0cdf-4336-870c-12a4f0948fca,f3185436-63da-46e3-84e6-aad5c0cc300c
f84ec475-cba0-4525-a786-ccea39b90167,f3185436-63da-46e3-84e6-aad5c0cc300c
c1d4eec2-0cdf-4336-870c-12a4f0948fca,d957a8c4-c2d0-4cbb-898b-5ca199fdef1f
f84ec475-cba0-4525-a786-ccea39b90167,d957a8c4-c2d0-4cbb-898b-5ca199fdef1f
c1d4eec2-0cdf-4336-870c-12a4f0948fca,fc029407-d1a4-4962-bc96-9a28cd93c173
f84ec475-cba0-4525-a786-ccea39b90167,fc029407-d1a4-4962-bc96-9a28cd93c173
c1d4eec2-0cdf-4336-870c-12a4f0948fca,81bf79f6-72b1-4264-bbc0-84b610abc69b
f84ec475-cba0-4525-a786-ccea39b90167,81bf79f6-72b1-4264-bbc0-84b610abc69b
c1d4eec2-0cdf-4336-870c-12a4f0948fca,948d154e-363f-4677-95cb-6fe0260049b7
f84ec475-cba0-4525-a786-ccea39b90167,948d154e-363f-4677-95cb-6fe0260049b7
c1d4eec2-0cdf-4336-870c-12a4f0948fca,9bf34cbc-51b7-4153-8c38-ce7910c230a2
f84ec475-cba0-4525-a786-ccea39b90167,9bf34cbc-51b7-4153-8c38-ce7910c230a2
c1d4eec2-0cdf-4336-870c-12a4f0948fca,6787d46f-10c5-4b97-9d60-4091b1653e23
f84ec475-cba0-4525-a786-ccea39b90167,6787d46f-10c5-4b97-9d60-4091b1653e23
c1d4eec2-0cdf-4336-870c-12a4f0948fca,55687878-d913-4caa-a21d-54c983743d42
f84ec475-cba0-4525-a786-ccea39b90167,55687878-d913-4caa-a21d-54c983743d42
c1d4eec2-0cdf-4336-870c-12a4f0948fca,375e1dea-ec7c-40c4-b631-fe87b9382bb7
f84ec475-cba0-4525-a786-ccea39b90167,375e1dea-ec7c-40c4-b631-fe87b9382bb7
c1d4eec2-0cdf-4336-870c-12a4f0948fca,8386ca20-6b09-4b77-811f-893fdbd19a66
f84ec475-cba0-4525-a786-ccea39b90167,8386ca20-6b09-4b77-811f-893fdbd19a66
c1d4eec2-0cdf-4336-870c-12a4f0948fca,af4b7064-b86a-4104-aced-e91ba03da82a
f84ec475-cba0-4525-a786-ccea39b90167,af4b7064-b86a-4104-aced-e91ba03da82a
c1d4eec2-0cdf-4336-870c-12a4f0948fca,162887bc-9c5d-4e2b-9aca-8ed2e58ab670
f84ec475-cba0-4525-a786-ccea39b90167,162887bc-9c5d-4e2b-9aca-8ed2e58ab670
c1d4eec2-0cdf-4336-870c-12a4f0948fca,b75bc471-101c-4a39-a519-41f3efccaf10
f84ec475-cba0-4525-a786-ccea39b90167,b75bc471-101c-4a39-a519-41f3efccaf10
c1d4eec2-0cdf-4336-870c-12a4f0948fca,c568c601-c594-4d09-aefd-60835fffc5e7
f84ec475-cba0-4525-a786-ccea39b90167,c568c601-c594-4d09-aefd-60835fffc5e7
c1d4eec2-0cdf-4336-870c-12a4f0948fca,68bd0b9d-f928-47c7-be5f-94c18d34f014
f84ec475-cba0-4525-a786-ccea39b90167,68bd0b9d-f928-47c7-be5f-94c18d34f014
c1d4eec2-0cdf-4336-870c-12a4f0948fca,995994e0-3786-4dd5-9c7b-0a7300ce8589
f84ec475-cba0-4525-a786-ccea39b90167,995994e0-3786-4dd5-9c7b-0a7300ce8589
c1d4eec2-0cdf-4336-870c-12a4f0948fca,595023b6-d236-467a-83d9-1f07cebb6b6e
f84ec475-cba0-4525-a786-ccea39b90167,595023b6-d236-467a-83d9-1f07cebb6b6e
c1d4eec2-0cdf-4336-870c-12a4f0948fca,28bc7cc2-5e42-43ab-b1c6-288e686f7cd1
f84ec475-cba0-4525-a786-ccea39b90167,28bc7cc2-5e42-43ab-b1c6-288e686f7cd1
c1d4eec2-0cdf-4336-870c-12a4f0948fca,ba19277d-c847-45be-bd75-b4cd2455116c
f84ec475-cba0-4525-a786-ccea39b90167,ba19277d-c847-45be-bd75-b4cd2455116c
c1d4eec2-0cdf-4336-870c-12a4f0948fca,3be7fbc9-64d8-476b-b4c3-58c632b08f67
f84ec475-cba0-4525-a786-ccea39b90167,3be7fbc9-64d8-476b-b4c3-58c632b08f67
c1d4eec2-0cdf-4336-870c-12a4f0948fca,f1a9f3e1-1ecb-4bec-b389-b3b5e59b05a9
f84ec475-cba0-4525-a786-ccea39b90167,f1a9f3e1-1ecb-4bec-b389-b3b5e59b05a9
c1d4eec2-0cdf-4336-870c-12a4f0948fca,099d28dd-26f3-4074-98ad-620975a0f920
f84ec475-cba0-4525-a786-ccea39b90167,099d28dd-26f3-4074-98ad-620975a0f920
c1d4eec2-0cdf-4336-870c-12a4f0948fca,9abceeb1-0d25-47b8-a67b-e9aae978a7d9
f84ec475-cba0-4525-a786-ccea39b90167,9abceeb1-0d25-47b8-a67b-e9aae978a7d9
c1d4eec2-0cdf-4336-870c-12a4f0948fca,5b34604a-404a-4951-92e0-7b117b48e707
f84ec475-cba0-4525-a786-ccea39b90167,5b34604a-404a-4951-92e0-7b117b48e707
c1d4eec2-0cdf-4336-870c-12a4f0948fca,e6b48aec-647b-4557-b6a0-e9f76b8fbc98
f84ec475-cba0-4525-a786-ccea39b90167,e6b48aec-647b-4557-b6a0-e9f76b8fbc98
c1d4eec2-0cdf-4336-870c-12a4f0948fca,e62241ad-e76b-47ee-855c-041a5e753a11
f84ec475-cba0-4525-a786-ccea39b90167,e62241ad-e76b-47ee-855c-041a5e753a11
c1d4eec2-0cdf-4336-870c-12a4f0948fca,e6c00d50-f4ba-4b71-b5c1-3a75969dd094
f84ec475-cba0-4525-a786-ccea39b90167,e6c00d50-f4ba-4b71-b5c1-3a75969dd094
c1d4eec2-0cdf-4336-870c-12a4f0948fca,9f69bd23-a2d2-4d18-be11-72a61c35cdb9
f84ec475-cba0-4525-a786-ccea39b90167,9f69bd23-a2d2-4d18-be11-72a61c35cdb9
c1d4eec2-0cdf-4336-870c-12a4f0948fca,a53e93ad-d781-44ee-95b5-4c4768387ff3
f84ec475-cba0-4525-a786-ccea39b90167,a53e93ad-d781-44ee-95b5-4c4768387ff3
c1d4eec2-0cdf-4336-870c-12a4f0948fca,400d5869-fc99-4f88-9dd6-fbbe4b3a67e5
f84ec475-cba0-4525-a786-ccea39b90167,400d5869-fc99-4f88-9dd6-fbbe4b3a67e5
c1d4eec2-0cdf-4336-870c-12a4f0948fca,5122b935-c03b-4df7-ab07-b97f68b7ce45
f84ec475-cba0-4525-a786-ccea39b90167,5122b935-c03b-4df7-ab07-b97f68b7ce45
c1d4eec2-0cdf-4336-870c-12a4f0948fca,52b183af-f695-4198-b932-1a23e8eb6ec0
f84ec475-cba0-4525-a786-ccea39b90167,52b183af-f695-4198-b932-1a23e8eb6ec0
c1d4eec2-0cdf-4336-870c-12a4f0948fca,38468ccc-3fe8-475d-99ef-75c587bd6969
f84ec475-cba0-4525-a786-ccea39b90167,38468ccc-3fe8-475d-99ef-75c587bd6969
c1d4eec2-0cdf-4336-870c-12a4f0948fca,77216d25-4a74-4b3a-82c8-516999fe711b
f84ec475-cba0-4525-a786-ccea39b90167,77216d25-4a74-4b3a-82c8-516999fe711b
c1d4eec2-0cdf-4336-870c-12a4f0948fca,486148f6-b0a2-409b-960f-275277d2bf65
f84ec475-cba0-4525-a786-ccea39b90167,486148f6-b0a2-409b-960f-275277d2bf65
c1d4eec2-0cdf-4336-870c-12a4f0948fca,2a7c0d23-0c89-4f5b-9c41-f77ab1702250
f84ec475-cba0-4525-a786-ccea39b90167,2a7c0d23-0c89-4f5b-9c41-f77ab1702250
c1d4eec2-0cdf-4336-870c-12a4f0948fca,4010b329-c2b6-4217-8718-94dcd7d74764
f84ec475-cba0-4525-a786-ccea39b90167,4010b329-c2b6-4217-8718-94dcd7d74764
c1d4eec2-0cdf-4336-870c-12a4f0948fca,d51b1e43-4121-4de2-863c-cf3853187f20
f84ec475-cba0-4525-a786-ccea39b90167,d51b1e43-4121-4de2-863c-cf3853187f20
c1d4eec2-0cdf-4336-870c-12a4f0948fca,e341c35f-08c8-40e5-81d8-3db30014cefe
f84ec475-cba0-4525-a786-ccea39b90167,e341c35f-08c8-40e5-81d8-3db30014cefe
c1d4eec2-0cdf-4336-870c-12a4f0948fca,9ed444d6-0938-43a8-97da-8d11b863f1bb
f84ec475-cba0-4525-a786-ccea39b90167,9ed444d6-0938-43a8-97da-8d11b863f1bb
c1d4eec2-0cdf-4336-870c-12a4f0948fca,94cda846-7f1c-48a6-9b83-74300bc58bb6
f84ec475-cba0-4525-a786-ccea39b90167,94cda846-7f1c-48a6-9b83-74300bc58bb6
c1d4eec2-0cdf-4336-870c-12a4f0948fca,974ba839-38bf-4035-a761-f250ef007a40
f84ec475-cba0-4525-a786-ccea39b90167,974ba839-38bf-4035-a761-f250ef007a40
c1d4eec2-0cdf-4336-870c-12a4f0948fca,ea8171f0-bd2e-44c8-beb5-d632e611ed5f
f84ec475-cba0-4525-a786-ccea39b90167,ea8171f0-bd2e-44c8-beb5-d632e611ed5f
c1d4eec2-0cdf-4336-870c-12a4f0948fca,cb21e476-29ec-4b96-aced-9901772256e0
f84ec475-cba0-4525-a786-ccea39b90167,cb21e476-29ec-4b96-aced-9901772256e0
c1d4eec2-0cdf-4336-870c-12a4f0948fca,55a81771-c33e-427b-bbaa-a2f7c190926d
f84ec475-cba0-4525-a786-ccea39b90167,55a81771-c33e-427b-bbaa-a2f7c190926d
c1d4eec2-0cdf-4336-870c-12a4f0948fca,6ce3836c-02a9-4a99-8b28-5cda096790b0
f84ec475-cba0-4525-a786-ccea39b90167,6ce3836c-02a9-4a99-8b28-5cda096790b0
c1d4eec2-0cdf-4336-870c-12a4f0948fca,9b58438c-832e-4ca5-a5d8-e89c7d6f7764
f84ec475-cba0-4525-a786-ccea39b90167,9b58438c-832e-4ca5-a5d8-e89c7d6f7764
c1d4eec2-0cdf-4336-870c-12a4f0948fca,647bbe5d-5873-436d-b0d9-20fe9455c240
f84ec475-cba0-4525-a786-ccea39b90167,647bbe5d-5873-436d-b0d9-20fe9455c240
c1d4eec2-0cdf-4336-870c-12a4f0948fca,598aa07f-5b44-4577-a39f-6491ab844a8a
f84ec475-cba0-4525-a786-ccea39b90167,598aa07f-5b44-4577-a39f-6491ab844a8a
c1d4eec2-0cdf-4336-870c-12a4f0948fca,ce63d118-38af-442f-b245-be645b796226
f84ec475-cba0-4525-a786-ccea39b90167,ce63d118-38af-442f-b245-be645b796226
c1d4eec2-0cdf-4336-870c-12a4f0948fca,ed884257-7f7d-432a-a905-6ad222242247
f84ec475-cba0-4525-a786-ccea39b90167,ed884257-7f7d-432a-a905-6ad222242247
c1d4eec2-0cdf-4336-870c-12a4f0948fca,7f6461c3-e316-4d17-b10a-fe4ddf5a435e
f84ec475-cba0-4525-a786-ccea39b90167,7f6461c3-e316-4d17-b10a-fe4ddf5a435e
c1d4eec2-0cdf-4336-870c-12a4f0948fca,425d40c8-892c-479e-b3aa-88cde6ba7357
f84ec475-cba0-4525-a786-ccea39b90167,425d40c8-892c-479e-b3aa-88cde6ba7357
c1d4eec2-0cdf-4336-870c-12a4f0948fca,67d674bd-4862-4513-93de-b2223240ed2d
f84ec475-cba0-4525-a786-ccea39b90167,67d674bd-4862-4513-93de-b2223240ed2d
5931091f-4c76-42d8-84dc-96bec9e3d597,67d674bd-4862-4513-93de-b2223240ed2d
76476f3e-5719-48ef-9b7c-6411b7b1a44c,67d674bd-4862-4513-93de-b2223240ed2d
dde00453-0852-41eb-b978-80a39ef83ad0,67d674bd-4862-4513-93de-b2223240ed2d
0d0adff2-005c-4eac-91f0-33e127d743b0,67d674bd-4862-4513-93de-b2223240ed2d
c1d4eec2-0cdf-4336-870c-12a4f0948fca,7feeeced-1ab9-421a-819b-69ec76deb3ba
f84ec475-cba0-4525-a786-ccea39b90167,7feeeced-1ab9-421a-819b-69ec76deb3ba
5931091f-4c76-42d8-84dc-96bec9e3d597,7feeeced-1ab9-421a-819b-69ec76deb3ba
76476f3e-5719-48ef-9b7c-6411b7b1a44c,7feeeced-1ab9-421a-819b-69ec76deb3ba
dde00453-0852-41eb-b978-80a39ef83ad0,7feeeced-1ab9-421a-819b-69ec76deb3ba
0d0adff2-005c-4eac-91f0-33e127d743b0,7feeeced-1ab9-421a-819b-69ec76deb3ba
5931091f-4c76-42d8-84dc-96bec9e3d597,e1a97f66-d36e-4190-a0bf-2ff3eb823389
0d0adff2-005c-4eac-91f0-33e127d743b0,e1a97f66-d36e-4190-a0bf-2ff3eb823389
5931091f-4c76-42d8-84dc-96bec9e3d597,ea28379e-8b51-4d8c-ba30-d327cac1af05
0d0adff2-005c-4eac-91f0-33e127d743b0,ea28379e-8b51-4d8c-ba30-d327cac1af05
5931091f-4c76-42d8-84dc-96bec9e3d597,71cf5c14-7ffc-440d-b643-c2ecd92969b5
0d0adff2-005c-4eac-91f0-33e127d743b0,71cf5c14-7ffc-440d-b643-c2ecd92969b5
5931091f-4c76-42d8-84dc-96bec9e3d597,526ad671-8154-4ec4-b6fd-a85f178f1aa1
0d0adff2-005c-4eac-91f0-33e127d743b0,526ad671-8154-4ec4-b6fd-a85f178f1aa1
5931091f-4c76-42d8-84dc-96bec9e3d597,c75efe9f-05ce-400b-a59b-9002a167204a
0d0adff2-005c-4eac-91f0-33e127d743b0,c75efe9f-05ce-400b-a59b-9002a167204a
5931091f-4c76-42d8-84dc-96bec9e3d597,cf5a3ba4-44aa-4f76-86d9-737725f30284
0d0adff2-005c-4eac-91f0-33e127d743b0,cf5a3ba4-44aa-4f76-86d9-737725f30284
5931091f-4c76-42d8-84dc-96bec9e3d597,74d7f307-a872-49da-bb03-83df1bbe0e00
0d0adff2-005c-4eac-91f0-33e127d743b0,74d7f307-a872-49da-bb03-83df1bbe0e00
5931091f-4c76-42d8-84dc-96bec9e3d597,8878e7b7-f07b-46bc-91ad-0706addcfce6
0d0adff2-005c-4eac-91f0-33e127d743b0,8878e7b7-f07b-46bc-91ad-0706addcfce6
5931091f-4c76-42d8-84dc-96bec9e3d597,a232e557-62f2-4122-ab57-327978c936bb
0d0adff2-005c-4eac-91f0-33e127d743b0,a232e557-62f2-4122-ab57-327978c936bb
5931091f-4c76-42d8-84dc-96bec9e3d597,1c07172a-d0fc-46b7-a599-8d1289d02128
0d0adff2-005c-4eac-91f0-33e127d743b0,1c07172a-d0fc-46b7-a599-8d1289d02128
c1d4eec2-0cdf-4336-870c-12a4f0948fca,93582b7e-da97-46a3-a1fb-773845af3a96
f84ec475-cba0-4525-a786-ccea39b90167,93582b7e-da97-46a3-a1fb-773845af3a96
b7ac3621-c2ce-4745-96cf-8ba2a64f4798,2bba3076-b4e3-4249-b610-45e6b94d7de6
6b983673-ae3d-4b82-afbf-c46ec9b20ef8,2bba3076-b4e3-4249-b610-45e6b94d7de6
c1d4eec2-0cdf-4336-870c-12a4f0948fca,33697c54-2e50-4c21-80e0-d679cc83bb5b
5931091f-4c76-42d8-84dc-96bec9e3d597,33697c54-2e50-4c21-80e0-d679cc83bb5b
7b1c5d9c-a0d1-494b-94da-abdda4d4fe3a,33697c54-2e50-4c21-80e0-d679cc83bb5b
85cf9842-6abe-4e64-8ed4-e6a4f40ecb03,33697c54-2e50-4c21-80e0-d679cc83bb5b
78a7164a-c3e6-4fee-afa8-9f00ef584c8f,be9d72df-8d9f-4707-8ff2-8f899379c360
f5729dc9-f67d-4f5d-9e16-6036d305a919,be9d72df-8d9f-4707-8ff2-8f899379c360
76476f3e-5719-48ef-9b7c-6411b7b1a44c,a01bc796-e43b-41a2-a762-e516814c1841
45b12350-b971-4ca6-a85f-85df8c3daf71,a01bc796-e43b-41a2-a762-e516814c1841
28620fb5-e293-4479-9210-c32fe45bd450,47218f20-ce24-4fbc-9ec2-5a303335cece
31b385ba-eb23-48fe-be84-e4e8c21b3c3b,47218f20-ce24-4fbc-9ec2-5a303335cece
5931091f-4c76-42d8-84dc-96bec9e3d597,5fe78b83-894a-4001-8384-c8ae57fd8c5d
3c07306e-ef9a-4d13-8eba-6e97ae3743a0,5fe78b83-894a-4001-8384-c8ae57fd8c5d
3c07306e-ef9a-4d13-8eba-6e97ae3743a0,31e8bae2-02fc-44a7-9832-92420205e3eb
d161375a-334b-4d13-b311-f66604f0fdf4,31e8bae2-02fc-44a7-9832-92420205e3eb
5931091f-4c76-42d8-84dc-96bec9e3d597,b2dbed71-fc6e-4b22-bfce-6ce382cb0459
b4e0c1f8-5992-478f-ab8a-e8c0ad140495,b2dbed71-fc6e-4b22-bfce-6ce382cb0459
c1d4eec2-0cdf-4336-870c-12a4f0948fca,3eb452f6-037d-4cb9-b0d3-15a96d391adc
58207226-03a8-4883-bf00-338eb5124042,3eb452f6-037d-4cb9-b0d3-15a96d391adc
58da69ee-15ed-46f1-a8e2-d89feccd768f,3eb452f6-037d-4cb9-b0d3-15a96d391adc
5931091f-4c76-42d8-84dc-96bec9e3d597,26f0c3a2-e6ec-44ac-ac56-275f0ff94f8e
0d0adff2-005c-4eac-91f0-33e127d743b0,26f0c3a2-e6ec-44ac-ac56-275f0ff94f8e
07b722b6-a508-4fbe-b524-c12fff9b39e1,2cf6a05f-855b-4275-bf04-be17158325ee
dde00453-0852-41eb-b978-80a39ef83ad0,2cf6a05f-855b-4275-bf04-be17158325ee
f84ec475-cba0-4525-a786-ccea39b90167,acbb20fe-1d7f-4a81-a64c-109f961aa445
c1d4eec2-0cdf-4336-870c-12a4f0948fca,acbb20fe-1d7f-4a81-a64c-109f961aa445
997d2284-f252-4fbd-89d4-78a08c3466bc,e9cdc2ee-e320-4457-a966-903c406ac74a
3c07306e-ef9a-4d13-8eba-6e97ae3743a0,e9cdc2ee-e320-4457-a966-903c406ac74a
85cf9842-6abe-4e64-8ed4-e6a4f40ecb03,300d1a69-7bfe-4d5c-927f-e2efa08ff742
3c07306e-ef9a-4d13-8eba-6e97ae3743a0,300d1a69-7bfe-4d5c-927f-e2efa08ff742
76476f3e-5719-48ef-9b7c-6411b7b1a44c,c6fa1762-d5f4-4cd1-87b6-ca78d5f4d6c3
ba51c634-5ce3-43f7-b9df-e9a5e8b468bb,c6fa1762-d5f4-4cd1-87b6-ca78d5f4d6c3
7c073b57-8c6f-4357-9772-63a05b936053,c6fa1762-d5f4-4cd1-87b6-ca78d5f4d6c3
443af912-1e5d-44a5-8f26-fd66a42f3651,65ad8d3c-f62c-4fff-ba8c-cdc48d1f3f25
17a61cb8-6c29-4ffd-9875-9f391c915884,65ad8d3c-f62c-4fff-ba8c-cdc48d1f3f25
32fcb99d-ca2a-4c2b-9b53-400d07492ef7,65ad8d3c-f62c-4fff-ba8c-cdc48d1f3f25
5931091f-4c76-42d8-84dc-96bec9e3d597,65ad8d3c-f62c-4fff-ba8c-cdc48d1f3f25
8addba12-be57-4ef3-b288-0a4fba948cd7,0c34af1f-cdea-4733-b689-49216be2f852
a59ba641-c783-4f2e-a765-01ab2e2b3d56,0c34af1f-cdea-4733-b689-49216be2f852
7a2992b9-756a-47b7-8274-6dfd8a9869a3,a8cd488d-a7de-4b64-b26d-b0fb8d90397f
bf4a95ad-0cc5-4f36-a53a-1495b26ee2f5,a8cd488d-a7de-4b64-b26d-b0fb8d90397f
f84ec475-cba0-4525-a786-ccea39b90167,f00bc083-4048-4d3a-8853-adaf99e0d155
c1d4eec2-0cdf-4336-870c-12a4f0948fca,f00bc083-4048-4d3a-8853-adaf99e0d155
f84ec475-cba0-4525-a786-ccea39b90167,2211c7d8-5482-4c5e-a814-c64260d0e438
0d0adff2-005c-4eac-91f0-33e127d743b0,2211c7d8-5482-4c5e-a814-c64260d0e438
c1d4eec2-0cdf-4336-870c-12a4f0948fca,fbdb9775-3a5c-4756-a6f0-d35c83453250
5931091f-4c76-42d8-84dc-96bec9e3d597,fbdb9775-3a5c-4756-a6f0-d35c83453250
f84ec475-cba0-4525-a786-ccea39b90167,357ca841-6152-4baf-b38c-a98b1feed053
c1d4eec2-0cdf-4336-870c-12a4f0948fca,357ca841-6152-4baf-b38c-a98b1feed053
56f27ee2-7254-40fc-b00a-93717ca3d3fa,9bcd5fcb-f349-4c0d-9351-b360edf3350e
848516d8-788e-4b93-b480-d4ad0597a232,9bcd5fcb-f349-4c0d-9351-b360edf3350e
0d0adff2-005c-4eac-91f0-33e127d743b0,e0b6ece6-86fc-479a-b38a-abc145d8acef
731f7d23-eeae-4fd0-bb62-ac36e311e411,e0b6ece6-86fc-479a-b38a-abc145d8acef
ab8a4f3c-0663-4c07-b516-9761724d9d83,e0b6ece6-86fc-479a-b38a-abc145d8acef
85cf9842-6abe-4e64-8ed4-e6a4f40ecb03,317b0b9a-e523-4ebd-98a9-98918095d88d
f84ec475-cba0-4525-a786-ccea39b90167,317b0b9a-e523-4ebd-98a9-98918095d88d
0d0adff2-005c-4eac-91f0-33e127d743b0,317b0b9a-e523-4ebd-98a9-98918095d88d
5931091f-4c76-42d8-84dc-96bec9e3d597,317b0b9a-e523-4ebd-98a9-98918095d88d
dde00453-0852-41eb-b978-80a39ef83ad0,317b0b9a-e523-4ebd-98a9-98918095d88d
c1d4eec2-0cdf-4336-870c-12a4f0948fca,317b0b9a-e523-4ebd-98a9-98918095d88d
76476f3e-5719-48ef-9b7c-6411b7b1a44c,317b0b9a-e523-4ebd-98a9-98918095d88d
5931091f-4c76-42d8-84dc-96bec9e3d597,13397a29-c491-4052-809c-2c793c2b4f64
31b385ba-eb23-48fe-be84-e4e8c21b3c3b,13397a29-c491-4052-809c-2c793c2b4f64
571dd2a8-1c43-43c3-a3e5-34a387125dcb,5cb30946-79ef-4dc5-8ca8-fa83ddd6286f
797493f7-c693-44aa-84a0-58c0de4f043a,5cb30946-79ef-4dc5-8ca8-fa83ddd6286f
