GameBoardId,PositionName,DraftPicks,HasBonusVeto,HasBonusVetoOverride,DrafterId,DrafterTeamId
3a039dd7-5bc1-4b96-affa-fc9d7c2df11d,Drafter A,"7,6,4,2",,,dde00453-0852-41eb-b978-80a39ef83ad0,
3a039dd7-5bc1-4b96-affa-fc9d7c2df11d,Drafter B,"5,3,1",,,58da69ee-15ed-46f1-a8e2-d89feccd768f,
bd1c603b-56e9-4c47-af27-af026d2b7193,Drafter A,"7,6,4,2",,,c1d4eec2-0cdf-4336-870c-12a4f0948fca,
bd1c603b-56e9-4c47-af27-af026d2b7193,Drafter B,"5,3,1",,,899cab19-86d2-4022-b615-8c4c9dec9db9,
7db7c3bf-d73d-48ba-9caf-812a0c4f0eb4,Drafter A,"7,6,4,2",,,9659bda8-236b-44ce-a244-e9f32748b7a0,
7db7c3bf-d73d-48ba-9caf-812a0c4f0eb4,Drafter B,"5,3,1",,,4e4b17bc-150a-4e99-a2a3-4b6475d42d44,
c23bb736-4e9a-43eb-87a1-b06a1dc94df2,Drafter A,"7,6,4,2",,,58207226-03a8-4883-bf00-338eb5124042,
c23bb736-4e9a-43eb-87a1-b06a1dc94df2,Drafter B,"5,3,1",,,5931091f-4c76-42d8-84dc-96bec9e3d597,
cc37f37b-fd54-4d2d-9f91-96976dc8886e,Drafter A,"7,6,4,2",,,81937b1d-0621-4f38-b962-a4c1e476911c,
cc37f37b-fd54-4d2d-9f91-96976dc8886e,Drafter B,"5,3,1",,,dde00453-0852-41eb-b978-80a39ef83ad0,
ad8b1218-afc3-4a7a-a4a2-e1ab60a4140e,Drafter A,"7,6,4,2",,,5931091f-4c76-42d8-84dc-96bec9e3d597,
ad8b1218-afc3-4a7a-a4a2-e1ab60a4140e,Drafter B,"5,3,1",,,5fe205b1-86d8-438c-9ea5-84447e521562,
28c91250-7513-4f69-a321-867adf40d272,Drafter A,"7,6,4,2",,,f84ec475-cba0-4525-a786-ccea39b90167,
28c91250-7513-4f69-a321-867adf40d272,Drafter B,"5,3,1",,,c1d4eec2-0cdf-4336-870c-12a4f0948fca,
0ef40059-c468-45cc-8a6e-344829de9d07,Drafter A,"7,6,4,2",,,669cebfa-73d4-494d-b3fb-8e8634548991,
0ef40059-c468-45cc-8a6e-344829de9d07,Drafter B,"5,3,1",,,6079d86e-cb44-4c58-adf0-c6e72f663069,
059100ab-66d9-4679-a16c-7fa4ddb8c8ce,Drafter A,"7,6,4,2",,,281ad12d-b37b-43f7-9152-43a9d3fceb48,
059100ab-66d9-4679-a16c-7fa4ddb8c8ce,Drafter B,"5,3,1",,,d161375a-334b-4d13-b311-f66604f0fdf4,
2aa83c51-ce34-4c77-8e8e-06918aa845c6,Drafter A,"7,6,4,2",,,5931091f-4c76-42d8-84dc-96bec9e3d597,
2aa83c51-ce34-4c77-8e8e-06918aa845c6,Drafter B,"5,3,1",,,76476f3e-5719-48ef-9b7c-6411b7b1a44c,
5385b980-b940-4138-bdf9-f3061eebe34f,Drafter A,"7,6,4,2",,,9659bda8-236b-44ce-a244-e9f32748b7a0,
5385b980-b940-4138-bdf9-f3061eebe34f,Drafter B,"5,3,1",,,14b5a11d-292c-4751-bd24-1b3292c097b5,
4e5761a8-2007-4c69-8b25-117a7aa92d3c,Drafter A,"7,6,4,2",,,f8136f2e-00f7-4049-8b87-3d7801ab6fd9,
4e5761a8-2007-4c69-8b25-117a7aa92d3c,Drafter B,"5,3,1",,,fbd32f95-6cc9-4b15-80b1-ff7441aa226a,
91cc7e85-f4e0-4dcf-ba93-23eb7924806a,Drafter A,"17,16,12,9,6,3",,,dde00453-0852-41eb-b978-80a39ef83ad0,
91cc7e85-f4e0-4dcf-ba93-23eb7924806a,Drafter B,"15,14,11,8,5,2",,,c1d4eec2-0cdf-4336-870c-12a4f0948fca,
91cc7e85-f4e0-4dcf-ba93-23eb7924806a,Drafter C,"13,10,7,4,1",,,f84ec475-cba0-4525-a786-ccea39b90167,
0c7d5817-b66a-4734-a186-e44294626f5e,Drafter A,"7,6,4,2",,,76476f3e-5719-48ef-9b7c-6411b7b1a44c,
0c7d5817-b66a-4734-a186-e44294626f5e,Drafter B,"5,3,1",,,ca18dc40-b3bd-4914-ae6d-428820352998,
d2325249-8ac2-4cf9-8ccb-335ab236a497,Drafter A,"7,6,4,2",,,44cb3279-40b8-4da8-90b7-e43c0b47d9b8,
d2325249-8ac2-4cf9-8ccb-335ab236a497,Drafter B,"5,3,1",,,079a31ff-980f-4958-ae11-8ecf5e6e5813,
69535b85-162f-47a3-bb4f-483c512a5c93,Drafter A,"7,6,4,2",,,4ddaf216-311b-436c-8678-31855455f1d1,
69535b85-162f-47a3-bb4f-483c512a5c93,Drafter B,"5,3,1",,,63551973-8b0a-44b0-b9c0-d5ba269f4571,
a0d67323-3e89-414f-8cdd-a982100013d8,Drafter A,"7,6,4,2",,,5931091f-4c76-42d8-84dc-96bec9e3d597,
a0d67323-3e89-414f-8cdd-a982100013d8,Drafter B,"5,3,1",,,443af912-1e5d-44a5-8f26-fd66a42f3651,
46eb9e70-7c49-43ef-810e-14a34a25871a,Drafter A,"7,6,4,2",,,f84ec475-cba0-4525-a786-ccea39b90167,
46eb9e70-7c49-43ef-810e-14a34a25871a,Drafter B,"5,3,1",,,c1d4eec2-0cdf-4336-870c-12a4f0948fca,
eb4152da-7b72-43e9-b461-6aa40f88f08b,Drafter A,"7,6,4,2",,,dde00453-0852-41eb-b978-80a39ef83ad0,
eb4152da-7b72-43e9-b461-6aa40f88f08b,Drafter B,"5,3,1",,,5f9128ba-0d15-486a-80b1-e6ad64f6f32d,
49501e4a-2307-4017-956e-5000a43b57b4,Drafter A,"7,6,4,2",,,6dbaaa42-3673-42a5-a368-94a5cb9e30f3,
49501e4a-2307-4017-956e-5000a43b57b4,Drafter B,"5,3,1",,,65147498-f878-45af-a3be-b3e19123e360,
0cbce6e3-90d5-421f-9f8e-c338552748e5,Drafter A,"7,6,4,2",,,f84ec475-cba0-4525-a786-ccea39b90167,
0cbce6e3-90d5-421f-9f8e-c338552748e5,Drafter B,"5,3,1",,,c1d4eec2-0cdf-4336-870c-12a4f0948fca,
7b6e751b-2602-45c8-b619-da6977cf165f,Drafter A,"14,10,6,1",TRUE,,c1d4eec2-0cdf-4336-870c-12a4f0948fca,
7b6e751b-2602-45c8-b619-da6977cf165f,Drafter B,"19,18,15,11,7,2",,,58da69ee-15ed-46f1-a8e2-d89feccd768f,
7b6e751b-2602-45c8-b619-da6977cf165f,Drafter C,"21,20,16,12,8,3",,,f84ec475-cba0-4525-a786-ccea39b90167,
7b6e751b-2602-45c8-b619-da6977cf165f,Drafter D,"17,13,9,5,4",,,dde00453-0852-41eb-b978-80a39ef83ad0,
c44a1515-f95b-4116-9f56-1ffa76cddfb8,Drafter A,"7,6,4,2",,,16659352-5ee7-415b-9840-56801fee6c8e,
c44a1515-f95b-4116-9f56-1ffa76cddfb8,Drafter B,"5,3,1",,,c1d4eec2-0cdf-4336-870c-12a4f0948fca,
2572d227-4bb6-4173-8ebb-35570838e013,Drafter A,"7,6,4,2",,,c60bd19c-2c6c-4913-93eb-7627acaa98a4,
2572d227-4bb6-4173-8ebb-35570838e013,Drafter B,"5,3,1",,,28620fb5-e293-4479-9210-c32fe45bd450,
243887e3-2197-4de9-aa5c-17a378c9c9e5,Drafter A,"7,6,4,2",,,dd874c30-2cb7-4724-a30d-27ad3f162ce2,
243887e3-2197-4de9-aa5c-17a378c9c9e5,Drafter B,"5,3,1",,,85cf9842-6abe-4e64-8ed4-e6a4f40ecb03,
5857dd5a-589a-4ff0-bf82-594e3d73bf30,Drafter A,"7,6,4,2",,,17a61cb8-6c29-4ffd-9875-9f391c915884,
5857dd5a-589a-4ff0-bf82-594e3d73bf30,Drafter B,"5,3,1",,,398a6d10-0efb-4fe3-9a1b-2b47435ed44f,
f76d7625-14d5-48e9-aced-776fb6517b25,Drafter A,"7,6,4,2",,,e1c8d40b-ac45-4a1d-b118-ed64d03cb899,
f76d7625-14d5-48e9-aced-776fb6517b25,Drafter B,"5,3,1",,,5877d3ff-ae30-4a1b-ae39-7330d7dd3af1,
18f90510-30e8-4fab-9c8e-6dbb13333aae,Drafter A,"7,6,4,2",,,86759d9f-5613-4578-b74d-14f80217c675,
18f90510-30e8-4fab-9c8e-6dbb13333aae,Drafter B,"5,3,1",,,e6fa10cf-5d2c-4690-9f98-6a55d518547a,
9ae7fae0-9ccf-4111-9f0e-bb9806b2061a,Drafter A,"7,6,4,2",,,f84ec475-cba0-4525-a786-ccea39b90167,
9ae7fae0-9ccf-4111-9f0e-bb9806b2061a,Drafter B,"5,3,1",,,91435349-16f2-4740-a107-f370aa0abdf4,
2d4ddf09-d6f0-402b-83d5-7efd90ebf9b2,Drafter A,"7,6,4,2",,,5931091f-4c76-42d8-84dc-96bec9e3d597,
2d4ddf09-d6f0-402b-83d5-7efd90ebf9b2,Drafter B,"5,3,1",,,dde00453-0852-41eb-b978-80a39ef83ad0,
daf9ffbc-775f-4c71-ae54-d236f53ae4ca,Drafter A,"7,6,4,2",,,76476f3e-5719-48ef-9b7c-6411b7b1a44c,
daf9ffbc-775f-4c71-ae54-d236f53ae4ca,Drafter B,"5,3,1",,,6cb8b73a-f7b5-411d-b343-e12da3bc89ae,
563842d1-4136-4be6-9300-565d64737aea,Drafter A,"7,6,4,2",,,c8f2614b-396b-4403-baf3-988ef537ba7f,
563842d1-4136-4be6-9300-565d64737aea,Drafter B,"5,3,1",,,669cebfa-73d4-494d-b3fb-8e8634548991,
57f9c1fc-7342-47a6-aa09-a132d7fbf0cf,Drafter A,"7,6,4,2",,,0d0adff2-005c-4eac-91f0-33e127d743b0,
57f9c1fc-7342-47a6-aa09-a132d7fbf0cf,Drafter B,"5,3,1",,,56c88a9e-8aeb-4a6f-9576-2d9e9a433325,
81b625ed-bad8-4219-b048-4b519f0ccd97,Drafter A,"7,6,4,2",,,5b008340-f0f6-4385-a8ce-1f24e07cb5e8,
81b625ed-bad8-4219-b048-4b519f0ccd97,Drafter B,"5,3,1",,,8ef83fbd-4569-4df2-a3a7-8f947dc5ab24,
68adb68d-37d0-4f59-95a8-e6032f168930,Drafter A,"7,6,4,2",,,5931091f-4c76-42d8-84dc-96bec9e3d597,
68adb68d-37d0-4f59-95a8-e6032f168930,Drafter B,"5,3,1",,,6cb8b73a-f7b5-411d-b343-e12da3bc89ae,
635502df-349f-4adb-ab2b-b10eda157969,Drafter A,"7,6,4,2",,,f84ec475-cba0-4525-a786-ccea39b90167,
635502df-349f-4adb-ab2b-b10eda157969,Drafter B,"5,3,1",,,c1d4eec2-0cdf-4336-870c-12a4f0948fca,
765ab377-aac9-49f4-a3d0-6bdcd1f06137,Drafter A,"14,10,6,1",TRUE,,17a61cb8-6c29-4ffd-9875-9f391c915884,
765ab377-aac9-49f4-a3d0-6bdcd1f06137,Drafter B,"19,18,15,11,7,2",,,5931091f-4c76-42d8-84dc-96bec9e3d597,
765ab377-aac9-49f4-a3d0-6bdcd1f06137,Drafter C,"20,16,12,8,3",,TRUE,76476f3e-5719-48ef-9b7c-6411b7b1a44c,
765ab377-aac9-49f4-a3d0-6bdcd1f06137,Drafter D,"17,13,9,5,4",,,32fcb99d-ca2a-4c2b-9b53-400d07492ef7,
546f0c96-bd41-442a-8729-0b946d6ec634,Drafter A,"7,6,4,2",,,f84ec475-cba0-4525-a786-ccea39b90167,
546f0c96-bd41-442a-8729-0b946d6ec634,Drafter B,"5,3,1",,,c1d4eec2-0cdf-4336-870c-12a4f0948fca,
b3411d46-fc88-46a8-896d-4d058a09d68a,Drafter A,"7,6,4,2",,,c8f2614b-396b-4403-baf3-988ef537ba7f,
b3411d46-fc88-46a8-896d-4d058a09d68a,Drafter B,"5,3,1",,,4648aeb7-3458-4aac-9cfe-fd6caea0df22,
caf9b68f-e910-4312-a8d9-ffbc06fc5483,Drafter A,"15,10,6,1",TRUE,,5e13a296-d8c0-4943-a788-1090377d27f5,
caf9b68f-e910-4312-a8d9-ffbc06fc5483,Drafter B,"19,18,14,11,7,2",,,dc721383-480e-434c-843e-da4e1d96d72c,
caf9b68f-e910-4312-a8d9-ffbc06fc5483,Drafter C,"20,16,12,8,3",,TRUE,81143403-bb8e-44c9-8f17-c833f9acb520,
caf9b68f-e910-4312-a8d9-ffbc06fc5483,Drafter D,"17,13,9,5,4",,,85cf9842-6abe-4e64-8ed4-e6a4f40ecb03,
2176e6f3-b4b9-4673-9c5f-6aab22b0857f,Drafter A,"7,6,4,2",,,3c07306e-ef9a-4d13-8eba-6e97ae3743a0,
2176e6f3-b4b9-4673-9c5f-6aab22b0857f,Drafter B,"5,3,1",,,c1d4eec2-0cdf-4336-870c-12a4f0948fca,
f3902a61-8f86-4ffc-a06a-cd2b55e1c173,Drafter A,"7,6,4,2",,,a9f85bd0-6a35-4eca-929c-26f187ca2dd8,
f3902a61-8f86-4ffc-a06a-cd2b55e1c173,Drafter B,"5,3,1",,,f32df372-3ab4-4a1e-9f07-47932515ceb8,
10c95ab5-ba3a-43d8-a6a0-4794189c6142,Drafter A,"7,6,4,2",,,7b1c5d9c-a0d1-494b-94da-abdda4d4fe3a,
10c95ab5-ba3a-43d8-a6a0-4794189c6142,Drafter B,"5,3,1",,,17e93d6c-ff10-497a-8c87-6cb704909c94,
69dbee3a-5b1f-4021-8bc1-5963e7bb03ee,Drafter A,"7,6,4,2",,,a5cc1074-83b3-43fc-a0f7-e405f18c745e,
69dbee3a-5b1f-4021-8bc1-5963e7bb03ee,Drafter B,"5,3,1",,,079a31ff-980f-4958-ae11-8ecf5e6e5813,
91157c14-3661-4774-92d9-438685e11fc8,Drafter A,"14,10,6,1",TRUE,,2f961c40-15b7-43e9-895f-045fbee2b2e3,
91157c14-3661-4774-92d9-438685e11fc8,Drafter B,"19,18,15,11,7,2",,,f84ec475-cba0-4525-a786-ccea39b90167,
91157c14-3661-4774-92d9-438685e11fc8,Drafter C,"20,16,12,8,3",,TRUE,d161375a-334b-4d13-b311-f66604f0fdf4,
91157c14-3661-4774-92d9-438685e11fc8,Drafter D,"17,13,9,5,4",,,81b46db8-9afe-4415-b245-c0a58468b0f3,
be9a63af-a881-433d-859a-48b21cc5b265,Drafter A,"7,6,4,2",,,d1edc078-3761-4149-9100-fff08e4011c0,
be9a63af-a881-433d-859a-48b21cc5b265,Drafter B,"5,3,1",,,997d2284-f252-4fbd-89d4-78a08c3466bc,
59ac4ee7-3126-43d7-8830-ce65a27436c2,Drafter A,"7,6,4,2",,,5931091f-4c76-42d8-84dc-96bec9e3d597,
59ac4ee7-3126-43d7-8830-ce65a27436c2,Drafter B,"5,3,1",,,58207226-03a8-4883-bf00-338eb5124042,
940395ac-8b80-4796-aa74-f3d0f7027892,Drafter A,"7,6,4,2",,,17a61cb8-6c29-4ffd-9875-9f391c915884,
940395ac-8b80-4796-aa74-f3d0f7027892,Drafter B,"5,3,1",,,76476f3e-5719-48ef-9b7c-6411b7b1a44c,
2192c025-ea20-4afb-a6c0-82dd03ccb2c6,Drafter A,"7,6,4,2",,,5931091f-4c76-42d8-84dc-96bec9e3d597,
2192c025-ea20-4afb-a6c0-82dd03ccb2c6,Drafter B,"5,3,1",,,f84ec475-cba0-4525-a786-ccea39b90167,
08d549b7-f1a8-4b3a-a8e3-aab0a1cebb5c,Drafter A,"7,6,4,2",,,86759d9f-5613-4578-b74d-14f80217c675,
08d549b7-f1a8-4b3a-a8e3-aab0a1cebb5c,Drafter B,"5,3,1",,,f7a79ea8-1763-4abd-b549-cf0977d9fe63,
b99906b0-3306-400e-b105-192603c090b2,Drafter A,"7,6,4,2",,,0d0adff2-005c-4eac-91f0-33e127d743b0,
b99906b0-3306-400e-b105-192603c090b2,Drafter B,"5,3,1",,,731f7d23-eeae-4fd0-bb62-ac36e311e411,
cd80d9d6-b502-4667-93fa-d6bb046b9d3c,Drafter A,"7,6,4,2",,,c7c0e0df-170f-4435-a66e-9d43ce04214e,
cd80d9d6-b502-4667-93fa-d6bb046b9d3c,Drafter B,"5,3,1",,,d6a2688b-0ea9-4026-8027-4da5af761dd9,
41f17b4e-2622-4914-a2a5-1f6012a9adbb,Drafter A,"7,6,4,2",,,76476f3e-5719-48ef-9b7c-6411b7b1a44c,
41f17b4e-2622-4914-a2a5-1f6012a9adbb,Drafter B,"5,3,1",,,11697f91-8d5b-4ee5-a8fc-cae677bdc111,
841a456b-0244-4b7b-8116-f39c898378c8,Drafter A,"14,10,6,1",TRUE,,81937b1d-0621-4f38-b962-a4c1e476911c,
841a456b-0244-4b7b-8116-f39c898378c8,Drafter B,"19,18,15,11,7,2",,,f84ec475-cba0-4525-a786-ccea39b90167,
841a456b-0244-4b7b-8116-f39c898378c8,Drafter C,"20,16,12,8,3",,TRUE,dde00453-0852-41eb-b978-80a39ef83ad0,
841a456b-0244-4b7b-8116-f39c898378c8,Drafter D,"17,13,9,5,4",,,d17ed8eb-2b53-4ecd-9275-ef20bdaf8076,
7e017bee-e01c-4057-89b6-c68086047390,Drafter A,"7,6,4,2",,,7b1c5d9c-a0d1-494b-94da-abdda4d4fe3a,
7e017bee-e01c-4057-89b6-c68086047390,Drafter B,"5,3,1",,,fea53c38-84e9-41d3-bbce-2414a4c76391,
9cb75bf2-fea6-4805-9e47-a8312c03b7c1,Drafter A,"7,6,4,2",,,f84ec475-cba0-4525-a786-ccea39b90167,
9cb75bf2-fea6-4805-9e47-a8312c03b7c1,Drafter B,"5,3,1",,,c1d4eec2-0cdf-4336-870c-12a4f0948fca,
e97e499b-f31c-4def-849d-50e604a46716,Drafter A,"7,6,4,2",,,f84ec475-cba0-4525-a786-ccea39b90167,
e97e499b-f31c-4def-849d-50e604a46716,Drafter B,"5,3,1",,,3c07306e-ef9a-4d13-8eba-6e97ae3743a0,
337907e6-f992-445b-a31a-cd96c34e8c80,Drafter A,"7,4,1",TRUE,,58da69ee-15ed-46f1-a8e2-d89feccd768f,
337907e6-f992-445b-a31a-cd96c34e8c80,Drafter B,"9,8,5,2",,,8da51512-df62-4aa1-8b07-7f6ab848c7bf,
337907e6-f992-445b-a31a-cd96c34e8c80,Drafter C,"11,10,6,3",,TRUE,07b722b6-a508-4fbe-b524-c12fff9b39e1,
1c74c065-2fb3-4634-9417-5937f15d2796,Drafter A,"7,6,4,2",,,c22d67dc-3b0e-408c-86b1-782c39642c71,
1c74c065-2fb3-4634-9417-5937f15d2796,Drafter B,"5,3,1",,,c1d4eec2-0cdf-4336-870c-12a4f0948fca,
e4880f8f-27ca-4ca8-a44e-82fd811de000,Drafter A,"7,6,4,2",,,17a61cb8-6c29-4ffd-9875-9f391c915884,
e4880f8f-27ca-4ca8-a44e-82fd811de000,Drafter B,"5,3,1",,,32fcb99d-ca2a-4c2b-9b53-400d07492ef7,
9d226d69-fa6a-4078-a76a-cf3807786ce1,Drafter A,"9,5,1",TRUE,,dde00453-0852-41eb-b978-80a39ef83ad0,
9d226d69-fa6a-4078-a76a-cf3807786ce1,Drafter B,"10,6,2",,,c1d4eec2-0cdf-4336-870c-12a4f0948fca,
9d226d69-fa6a-4078-a76a-cf3807786ce1,Drafter C,"11,7,3",,TRUE,1a90a927-6e9b-41c7-b6bf-e411d057a3ee,
9d226d69-fa6a-4078-a76a-cf3807786ce1,Drafter D,"13,12,8,4",,,f84ec475-cba0-4525-a786-ccea39b90167,
d76ca7d4-6ec5-4329-a216-4a55139f3ef5,Drafter A,"14,10,6,1",TRUE,,c1d4eec2-0cdf-4336-870c-12a4f0948fca,
d76ca7d4-6ec5-4329-a216-4a55139f3ef5,Drafter B,"19,18,15,11,7,2",,,f84ec475-cba0-4525-a786-ccea39b90167,
d76ca7d4-6ec5-4329-a216-4a55139f3ef5,Drafter C,"20,16,12,8,3",,TRUE,5931091f-4c76-42d8-84dc-96bec9e3d597,
d76ca7d4-6ec5-4329-a216-4a55139f3ef5,Drafter D,"17,13,9,5,4",,,c8f2614b-396b-4403-baf3-988ef537ba7f,
314dc361-053c-4903-a404-a6a81b924ba1,Drafter A,"7,6,4,2",,,c8f2614b-396b-4403-baf3-988ef537ba7f,
314dc361-053c-4903-a404-a6a81b924ba1,Drafter B,"5,3,1",,,4648aeb7-3458-4aac-9cfe-fd6caea0df22,
b82da557-fefe-4d34-9627-2c1239c4229f,Drafter A,"7,4,1",TRUE,,baf5d12b-6ff5-482a-a4d3-0b09f964595a,
b82da557-fefe-4d34-9627-2c1239c4229f,Drafter B,"9,8,5,2",,,2a4c7755-b2ad-4c4b-857d-93a4dc238d42,
b82da557-fefe-4d34-9627-2c1239c4229f,Drafter C,"11,10,6,3",,TRUE,98b65b50-772e-487c-bd86-b926f7e92b51,
fcf55ceb-3cd3-47e7-9fab-85d260a9b84e,Drafter A,"7,6,4,2",,,85cf9842-6abe-4e64-8ed4-e6a4f40ecb03,
fcf55ceb-3cd3-47e7-9fab-85d260a9b84e,Drafter B,"5,3,1",,,d95786b2-a811-48dc-bd18-b00b4d8738e8,
a299581b-ce33-4057-a651-30343a4904b8,Drafter A,"7,6,4,2",,,76476f3e-5719-48ef-9b7c-6411b7b1a44c,
a299581b-ce33-4057-a651-30343a4904b8,Drafter B,"5,3,1",,,e8d502a0-ec8b-4ee8-9202-a81b5f3dfbb4,
9d657e07-b5a7-49c7-baf8-7b3607a6de24,Drafter A,"7,6,4,2",,,c1d4eec2-0cdf-4336-870c-12a4f0948fca,
9d657e07-b5a7-49c7-baf8-7b3607a6de24,Drafter B,"5,3,1",,,899cab19-86d2-4022-b615-8c4c9dec9db9,
2d0951b4-97ef-40ed-a22f-87efee23d5a7,Drafter A,"7,6,4,2",,,0d0adff2-005c-4eac-91f0-33e127d743b0,
2d0951b4-97ef-40ed-a22f-87efee23d5a7,Drafter B,"5,3,1",,,5931091f-4c76-42d8-84dc-96bec9e3d597,
8d07d018-0789-42fd-bb1d-5ab3ed2dc42b,Drafter A,"7,6,4,2",,,f84ec475-cba0-4525-a786-ccea39b90167,
8d07d018-0789-42fd-bb1d-5ab3ed2dc42b,Drafter B,"5,3,1",,,c1d4eec2-0cdf-4336-870c-12a4f0948fca,
33eb1f94-331d-41af-a6f8-2d180c5427d6,Drafter A,"7,6,4,2",,,d161375a-334b-4d13-b311-f66604f0fdf4,
33eb1f94-331d-41af-a6f8-2d180c5427d6,Drafter B,"5,3,1",,,01053011-baf5-4f62-96d6-de75a18ec5b1,
648ff1c0-aea9-42e2-920a-0d3eae10f1df,Drafter A,"7,6,4,2",,,76476f3e-5719-48ef-9b7c-6411b7b1a44c,
648ff1c0-aea9-42e2-920a-0d3eae10f1df,Drafter B,"5,3,1",,,b6cc7428-499a-4367-954c-ea9d44912225,
28adb4d6-22df-47e4-89de-7b01aa31a265,Drafter A,"7,6,4,2",,,0d0adff2-005c-4eac-91f0-33e127d743b0,
28adb4d6-22df-47e4-89de-7b01aa31a265,Drafter B,"5,3,1",,,669cebfa-73d4-494d-b3fb-8e8634548991,
eb49caaa-c90a-4e2d-aecc-94f59039032c,Drafter A,"7,6,4,2",,,5931091f-4c76-42d8-84dc-96bec9e3d597,
eb49caaa-c90a-4e2d-aecc-94f59039032c,Drafter B,"5,3,1",,,76476f3e-5719-48ef-9b7c-6411b7b1a44c,
cd7585ca-2782-44f6-8799-cc70d5673cd3,Drafter A,"7,6,4,2",,,dde00453-0852-41eb-b978-80a39ef83ad0,
cd7585ca-2782-44f6-8799-cc70d5673cd3,Drafter B,"5,3,1",,,c1d4eec2-0cdf-4336-870c-12a4f0948fca,
bbfeef7a-33ed-4427-b3f6-853f56f949b5,Drafter A,"7,6,4,2",,,77d02192-8af5-4ae5-9e22-d94aff9a22c9,
bbfeef7a-33ed-4427-b3f6-853f56f949b5,Drafter B,"5,3,1",,,0cc91d5f-c299-473f-9b55-79277ae31d4c,
581cb8c0-3c6d-4a35-a561-d36046873ea7,Drafter A,"7,6,4,2",,,48936fdb-8ffb-4838-912d-1056e380c836,
581cb8c0-3c6d-4a35-a561-d36046873ea7,Drafter B,"5,3,1",,,b7ac3621-c2ce-4745-96cf-8ba2a64f4798,
7b3be88e-1850-4c64-8eeb-d95ccfb3422a,Drafter A,"7,6,4,2",,,669cebfa-73d4-494d-b3fb-8e8634548991,
7b3be88e-1850-4c64-8eeb-d95ccfb3422a,Drafter B,"5,3,1",,,c8f2614b-396b-4403-baf3-988ef537ba7f,
e235355b-29ad-4f1e-b90b-adb10d9eebfb,Drafter A,"7,6,4,2",,,d5487070-4021-4e85-beaf-d585a5a71163,
e235355b-29ad-4f1e-b90b-adb10d9eebfb,Drafter B,"5,3,1",,,89ab7c7f-22b3-4af5-9d82-cf4e3ad8f3ed,
28c53780-4a97-45e2-b829-0b9e145bd9cc,Drafter A,"7,6,4,2",,,b761306e-772c-47e9-a9a1-9e5c3bb3cf0f,
28c53780-4a97-45e2-b829-0b9e145bd9cc,Drafter B,"5,3,1",,,997d2284-f252-4fbd-89d4-78a08c3466bc,
3ca5739a-cda2-4354-87d9-ce3815ff69d5,Drafter A,"10,7,4,1",TRUE,,5931091f-4c76-42d8-84dc-96bec9e3d597,
3ca5739a-cda2-4354-87d9-ce3815ff69d5,Drafter B,"11,8,4,2",,,dde00453-0852-41eb-b978-80a39ef83ad0,
3ca5739a-cda2-4354-87d9-ce3815ff69d5,Drafter C,"13,12,9,6,3",,TRUE,eb47d536-1a1f-49fd-8a8e-4804e0305270,
e56e90ab-6f82-494e-87b5-457251d7e59d,Drafter A,"7,6,4,2",,,0d0adff2-005c-4eac-91f0-33e127d743b0,
e56e90ab-6f82-494e-87b5-457251d7e59d,Drafter B,"5,3,1",,,c1d4eec2-0cdf-4336-870c-12a4f0948fca,
195f5927-fa06-4f35-b882-c18adf6f3355,Drafter A,"7,6,4,2",,,85cf9842-6abe-4e64-8ed4-e6a4f40ecb03,
195f5927-fa06-4f35-b882-c18adf6f3355,Drafter B,"5,3,1",,,28c02cfb-2949-4f42-b6a3-0a22674837f0,
672e23a4-4c1a-432e-a0a2-530445c32441,Drafter A,"18,16,14,12,10,7,5,3,1",TRUE,,f84ec475-cba0-4525-a786-ccea39b90167,
672e23a4-4c1a-432e-a0a2-530445c32441,Drafter B,"17,15,13,11,9,8,6,4,2",,,c1d4eec2-0cdf-4336-870c-12a4f0948fca,
3c07e28d-1a5b-497f-ae5d-a887b48c7b51,Drafter A,"7,6,4,2",,,f5729dc9-f67d-4f5d-9e16-6036d305a919,
3c07e28d-1a5b-497f-ae5d-a887b48c7b51,Drafter B,"5,3,1",,,07b722b6-a508-4fbe-b524-c12fff9b39e1,
2fde4c3f-9216-4497-bf97-bd0b8f610bee,Drafter A,"7,6,4,2",,,fcc375ab-a6d6-466f-b3f3-09c20b1ab18f,
2fde4c3f-9216-4497-bf97-bd0b8f610bee,Drafter B,"5,3,1",,,32fcb99d-ca2a-4c2b-9b53-400d07492ef7,
03f4fa20-f3ad-4c6f-b671-24a38d171f79,Drafter A,"7,6,4,2",,,126436e6-ff5a-4260-a4a9-1a78d12ef95e,
03f4fa20-f3ad-4c6f-b671-24a38d171f79,Drafter B,"5,3,1",,,27ec6cdc-d643-4274-8df7-7421fb0733b4,
ced974d1-53d0-44e4-a8b8-bab1781faf51,Drafter A,"7,6,4,2",,,d8c98899-7185-4649-b2a8-a9895af8c5f1,
ced974d1-53d0-44e4-a8b8-bab1781faf51,Drafter B,"5,3,1",,,76476f3e-5719-48ef-9b7c-6411b7b1a44c,
4c2d067c-e9dc-4895-a7c9-2d7923caa52d,Drafter A,"7,6,4,2",,,7d789c61-d763-4e15-a4ba-40bc079012b8,
4c2d067c-e9dc-4895-a7c9-2d7923caa52d,Drafter B,"5,3,1",,,f439ae27-0652-4b63-99f2-25e1bcc3c9c7,
9512b7c9-016f-4289-94ba-effab6ae6ca0,Drafter A,"7,6,4,2",,,bfaf0d93-4fa0-4f3d-ac43-ce44fcac7cc5,
9512b7c9-016f-4289-94ba-effab6ae6ca0,Drafter B,"5,3,1",,,8da51512-df62-4aa1-8b07-7f6ab848c7bf,
2a762526-08df-43a3-bc5e-3da4e181e3db,Drafter A,"7,6,4,2",,,6dbaaa42-3673-42a5-a368-94a5cb9e30f3,
2a762526-08df-43a3-bc5e-3da4e181e3db,Drafter B,"5,3,1",,,56f27ee2-7254-40fc-b00a-93717ca3d3fa,
1db74102-0925-49ca-b9a3-2b0961d8fcd4,Drafter A,"10,7,4,1",TRUE,,5931091f-4c76-42d8-84dc-96bec9e3d597,
1db74102-0925-49ca-b9a3-2b0961d8fcd4,Drafter B,"11,8,5,2",,,c1d4eec2-0cdf-4336-870c-12a4f0948fca,
1db74102-0925-49ca-b9a3-2b0961d8fcd4,Drafter C,"13,12,9,6,3",,TRUE,dde00453-0852-41eb-b978-80a39ef83ad0,
3f1b3f89-700a-4b28-97c1-b36fd565e07b,Drafter A,"14,10,6,1",TRUE,,112f7fbb-4e1f-4e30-8ffd-4c2e5f9ff468,
3f1b3f89-700a-4b28-97c1-b36fd565e07b,Drafter B,"19,18,15,11,7,2",,,76476f3e-5719-48ef-9b7c-6411b7b1a44c,
3f1b3f89-700a-4b28-97c1-b36fd565e07b,Drafter C,"20,16,12,8,3",,TRUE,5931091f-4c76-42d8-84dc-96bec9e3d597,
3f1b3f89-700a-4b28-97c1-b36fd565e07b,Drafter D,"17,13,9,5,4",,,1ea64225-2ea5-4dc3-8ba5-1e85e09835f6,
b42d9cdc-452d-4acd-8e62-27c662ee5024,Drafter A,"7,6,4,2",,,6cb8b73a-f7b5-411d-b343-e12da3bc89ae,
b42d9cdc-452d-4acd-8e62-27c662ee5024,Drafter B,"5,3,1",,,ebd99835-5712-4112-a821-35dd7f68ffb5,
05e2f4f7-ac37-49b8-95e9-51eafbfb9b45,Drafter A,"7,6,4,2",,,28c02cfb-2949-4f42-b6a3-0a22674837f0,
05e2f4f7-ac37-49b8-95e9-51eafbfb9b45,Drafter B,"5,3,1",,,d161375a-334b-4d13-b311-f66604f0fdf4,
7f0a98a9-767d-4373-bbfc-0fd1301532e6,Drafter A,"7,4,1",TRUE,,76476f3e-5719-48ef-9b7c-6411b7b1a44c,
7f0a98a9-767d-4373-bbfc-0fd1301532e6,Drafter B,"9,8,5,2",,,0d0adff2-005c-4eac-91f0-33e127d743b0,
7f0a98a9-767d-4373-bbfc-0fd1301532e6,Drafter C,"11,10,6,3",,TRUE,669cebfa-73d4-494d-b3fb-8e8634548991,
6c1f4472-0249-40f3-847c-531442b24690,Drafter A,"7,6,4,2",,,f84ec475-cba0-4525-a786-ccea39b90167,
6c1f4472-0249-40f3-847c-531442b24690,Drafter B,"5,3,1",,,dde00453-0852-41eb-b978-80a39ef83ad0,
aba34416-216c-48f9-9063-7fc7f5d4957f,Drafter A,"7,6,4,2",,,32fcb99d-ca2a-4c2b-9b53-400d07492ef7,
aba34416-216c-48f9-9063-7fc7f5d4957f,Drafter B,"5,3,1",,,17a61cb8-6c29-4ffd-9875-9f391c915884,
e75ac7a7-05fe-44d3-92b4-fdca590bcd64,Drafter A,"7,6,4,2",,,58207226-03a8-4883-bf00-338eb5124042,
e75ac7a7-05fe-44d3-92b4-fdca590bcd64,Drafter B,"5,3,1",,,5931091f-4c76-42d8-84dc-96bec9e3d597,
7c1d390a-64ca-4958-aa51-fd10703feca6,Drafter A,"12,7,4,1",TRUE,,3d5bf71d-738e-4536-9a45-cdaea806dd7a,
7c1d390a-64ca-4958-aa51-fd10703feca6,Drafter B,"9,8,5,2",,,994f2851-7d5e-4fc4-b484-33bc0ed8c97d,
7c1d390a-64ca-4958-aa51-fd10703feca6,Drafter C,"11,10,6,3",,TRUE,661bdf83-f1df-4d98-a2ed-f5aa9123fe76,
a28de28a-3f90-4e4e-88f0-435ffba33b85,Drafter A,"7,6,4,2",,,e1c8d40b-ac45-4a1d-b118-ed64d03cb899,
a28de28a-3f90-4e4e-88f0-435ffba33b85,Drafter B,"5,3,1",,,5d15f635-f3ef-40e6-b292-fae73163d1ea,
8e3bac1f-44c6-4813-8a27-8894a8b3247f,Drafter A,"7,6,4,2",,,4bf3b1d6-57be-431f-915b-0d4c3654671e,
8e3bac1f-44c6-4813-8a27-8894a8b3247f,Drafter B,"5,3,1",,,c1d4eec2-0cdf-4336-870c-12a4f0948fca,
d40d9a13-7048-4fe7-b24b-047776db2318,Drafter A,"7,6,4,2",,,6b983673-ae3d-4b82-afbf-c46ec9b20ef8,
d40d9a13-7048-4fe7-b24b-047776db2318,Drafter B,"5,3,1",,,1472e9cc-4f46-44c8-b3b9-964944522c78,
fab2717d-30e1-4899-a293-e396834f115c,Drafter A,"7,6,4,2",,,2a4c7755-b2ad-4c4b-857d-93a4dc238d42,
fab2717d-30e1-4899-a293-e396834f115c,Drafter B,"5,3,1",,,3fcf368d-f9b3-4f63-a2c8-b76013693d3d,
556e149b-82b9-45de-8df3-cf645b520657,Drafter A,"18,14,9,5,1",TRUE,,28620fb5-e293-4479-9210-c32fe45bd450,
556e149b-82b9-45de-8df3-cf645b520657,Drafter B,"19,15,10,6,2",,,d5487070-4021-4e85-beaf-d585a5a71163,
556e149b-82b9-45de-8df3-cf645b520657,Drafter C,"20,16,12,11,7,3",,TRUE,07b722b6-a508-4fbe-b524-c12fff9b39e1,
556e149b-82b9-45de-8df3-cf645b520657,Drafter D,"22,21,17,13,8,4",,,dc80cd3c-c597-4684-91b3-94c915ac329d,
11bf8043-5632-4876-a308-f7ddc807a6c9,Drafter A,"7,6,4,2",,,01053011-baf5-4f62-96d6-de75a18ec5b1,
11bf8043-5632-4876-a308-f7ddc807a6c9,Drafter B,"5,3,1",,,31fc5804-d5b0-42bf-8f9d-d06a59b7d82e,
e7722944-b23a-4993-a351-b4fb6a0fdc0a,Drafter A,"7,6,4,2",,,997d2284-f252-4fbd-89d4-78a08c3466bc,
e7722944-b23a-4993-a351-b4fb6a0fdc0a,Drafter B,"5,3,1",,,7c580ed3-30b0-49a5-b13c-00f9bcba7498,
1f567200-9325-4c0a-8264-a22c86a02d3d,Drafter A,"10,7,4,1",TRUE,,dde00453-0852-41eb-b978-80a39ef83ad0,
1f567200-9325-4c0a-8264-a22c86a02d3d,Drafter B,"11,8,4,2",,,85cf9842-6abe-4e64-8ed4-e6a4f40ecb03,
1f567200-9325-4c0a-8264-a22c86a02d3d,Drafter C,"13,12,9,6,3",,TRUE,5931091f-4c76-42d8-84dc-96bec9e3d597,
efee059e-ab71-40af-9bb0-bdcb483335bf,Drafter A,"7,6,4,2",,,0d0adff2-005c-4eac-91f0-33e127d743b0,
efee059e-ab71-40af-9bb0-bdcb483335bf,Drafter B,"5,3,1",,,70d0fa8d-46be-4ee5-97e5-f8e6f38b3536,
006498dc-c2f3-4ff4-8d2a-92a82a816b97,Drafter A,"13,10,7,4,1",TRUE,,c1d4eec2-0cdf-4336-870c-12a4f0948fca,
006498dc-c2f3-4ff4-8d2a-92a82a816b97,Drafter B,"14,11,8,5,2",,,f84ec475-cba0-4525-a786-ccea39b90167,
006498dc-c2f3-4ff4-8d2a-92a82a816b97,Drafter C,"16,15,12,9,6,3",,TRUE,86759d9f-5613-4578-b74d-14f80217c675,
0144d41a-82b4-4a49-9df3-dbc500c5bcc7,Drafter A,"7,4,1",TRUE,,48936fdb-8ffb-4838-912d-1056e380c836,
0144d41a-82b4-4a49-9df3-dbc500c5bcc7,Drafter B,"9,8,5,2",,,76476f3e-5719-48ef-9b7c-6411b7b1a44c,
0144d41a-82b4-4a49-9df3-dbc500c5bcc7,Drafter C,"11,10,6,3",,TRUE,0d0adff2-005c-4eac-91f0-33e127d743b0,
d9c81940-dee4-47fe-adf2-184b15ba4259,Drafter A,"7,6,4,2",,,c7c0e0df-170f-4435-a66e-9d43ce04214e,
d9c81940-dee4-47fe-adf2-184b15ba4259,Drafter B,"5,3,1",,,81143403-bb8e-44c9-8f17-c833f9acb520,
c0d537b7-8e70-4f1a-bb0f-ff40b9f56654,Drafter A,"7,6,4,2",,,2518536d-c219-4a64-9319-cdab83d548ec,
c0d537b7-8e70-4f1a-bb0f-ff40b9f56654,Drafter B,"5,3,1",,,242cc00e-d003-494e-a1c8-d314738a8029,
a96d387f-b2c1-456d-838f-453fa2f9fcc4,Drafter A,"7,6,4,2",,,32fcb99d-ca2a-4c2b-9b53-400d07492ef7,
a96d387f-b2c1-456d-838f-453fa2f9fcc4,Drafter B,"5,3,1",,,4cd26c5a-73c9-4a20-a7dd-37c836761f5b,
e4a4dc6c-2e72-47b8-93e0-954519c9dc04,Drafter A,"7,4,1",TRUE,,6cb8b73a-f7b5-411d-b343-e12da3bc89ae,
e4a4dc6c-2e72-47b8-93e0-954519c9dc04,Drafter B,"9,8,5,2",,,ebd99835-5712-4112-a821-35dd7f68ffb5,
e4a4dc6c-2e72-47b8-93e0-954519c9dc04,Drafter C,"11,10,6,3",,TRUE,a4f5adca-d9ad-44ae-bc9e-60a9f0c3db63,
2cb586a6-2f3f-4d22-a260-5654aaea3385,Drafter A,"7,6,4,2",,,bb2ac86d-ad51-497a-b010-9e5a5a5f0f0d,
2cb586a6-2f3f-4d22-a260-5654aaea3385,Drafter B,"5,3,1",,,17a61cb8-6c29-4ffd-9875-9f391c915884,
dc580e2e-50ac-4989-a356-c6c361a8de3e,Drafter A,"7,6,4,2",,,,9130805c-ea89-4421-a665-44ec89a0cd39
dc580e2e-50ac-4989-a356-c6c361a8de3e,Drafter B,"5,3,1",,,,7f7e4c18-ad0a-46d3-9f34-eddc0098884f
b464cb9a-7ce3-428d-b928-411a3deae39c,Drafter A,"7,6,4,2",,,cab1d045-e789-4be8-a974-981204dee5c3,
b464cb9a-7ce3-428d-b928-411a3deae39c,Drafter B,"5,3,1",,,4bf3b1d6-57be-431f-915b-0d4c3654671e,
6ad43a1d-79e4-43ea-b743-c6ffa6ea9340,Drafter A,"7,6,4,2",,,2f961c40-15b7-43e9-895f-045fbee2b2e3,
6ad43a1d-79e4-43ea-b743-c6ffa6ea9340,Drafter B,"5,3,1",,,d161375a-334b-4d13-b311-f66604f0fdf4,
4e503744-b2e5-45e0-8615-7fac697ded49,Drafter A,"7,6,4,2",,,997d2284-f252-4fbd-89d4-78a08c3466bc,
4e503744-b2e5-45e0-8615-7fac697ded49,Drafter B,"5,3,1",,,0d0adff2-005c-4eac-91f0-33e127d743b0,
7da2a7d8-f507-4c46-ae19-54458f484e0c,Drafter A,"7,6,4,2",,,76476f3e-5719-48ef-9b7c-6411b7b1a44c,
7da2a7d8-f507-4c46-ae19-54458f484e0c,Drafter B,"5,3,1",,,e57f9c4b-a319-49cb-92f3-fe83806a94e5,
b1d86db5-6e4d-4d0b-bb73-f77432ffbd4e,Drafter A,"7,6,4,2",,,6aae0c1f-3a91-4654-80ea-42213327be71,
b1d86db5-6e4d-4d0b-bb73-f77432ffbd4e,Drafter B,"5,3,1",,,424f40ce-e68f-4f71-8ab9-327c973ff65a,
d413180d-79aa-4b9f-bf08-b46e5e2b219b,Drafter A,"7,6,4,2",,,56f27ee2-7254-40fc-b00a-93717ca3d3fa,
d413180d-79aa-4b9f-bf08-b46e5e2b219b,Drafter B,"5,3,1",,,25ce3648-2aa4-4992-a379-003d561b81d4,
7c5dbe78-6b4e-4334-b2a1-9beb876de947,Drafter A,"7,4,1",TRUE,,85cf9842-6abe-4e64-8ed4-e6a4f40ecb03,
7c5dbe78-6b4e-4334-b2a1-9beb876de947,Drafter B,"9,8,5,2",,,dde00453-0852-41eb-b978-80a39ef83ad0,
7c5dbe78-6b4e-4334-b2a1-9beb876de947,Drafter C,"11,10,6,3",,TRUE,f84ec475-cba0-4525-a786-ccea39b90167,
5aaa53fe-aacc-4f3a-b273-6dc81b9c9151,Drafter A,"7,6,4,2",,,0d0adff2-005c-4eac-91f0-33e127d743b0,
5aaa53fe-aacc-4f3a-b273-6dc81b9c9151,Drafter B,"5,3,1",,,731f7d23-eeae-4fd0-bb62-ac36e311e411,
608e91b8-85db-448e-9817-75b8538c3ce8,Drafter A,"7,6,4,2",,,c1d4eec2-0cdf-4336-870c-12a4f0948fca,
608e91b8-85db-448e-9817-75b8538c3ce8,Drafter B,"5,3,1",,,d95786b2-a811-48dc-bd18-b00b4d8738e8,
4340eb05-1e5e-42bc-a12b-d2721159d6c5,Drafter A,"7,6,4,2",,,86644ba4-bc9a-4d8d-8d85-354421ceadc6,
4340eb05-1e5e-42bc-a12b-d2721159d6c5,Drafter B,"5,3,1",,,33e94969-4945-4723-8966-1266889da3f0,
1a991993-11fe-4d8a-8abc-ecd1b9b11995,Drafter A,"14,10,6,1",TRUE,,85cf9842-6abe-4e64-8ed4-e6a4f40ecb03,
1a991993-11fe-4d8a-8abc-ecd1b9b11995,Drafter B,"19,18,15,11,7,2",,,5931091f-4c76-42d8-84dc-96bec9e3d597,
1a991993-11fe-4d8a-8abc-ecd1b9b11995,Drafter C,"20,16,12,8,3",,TRUE,dc80cd3c-c597-4684-91b3-94c915ac329d,
1a991993-11fe-4d8a-8abc-ecd1b9b11995,Drafter D,"17,13,9,5,4",,,c1d4eec2-0cdf-4336-870c-12a4f0948fca,
fb779cca-8c96-44c0-bff0-206a8408ad08,Drafter A,"7,6,4,2",,,28c02cfb-2949-4f42-b6a3-0a22674837f0,
fb779cca-8c96-44c0-bff0-206a8408ad08,Drafter B,"5,3,1",,,fbf2fa87-26b4-486a-9f65-654de3476e13,
a1687af5-daf8-4e14-b7e4-9bb6ba39fba8,Drafter A,"7,6,4,2",,,6b983673-ae3d-4b82-afbf-c46ec9b20ef8,
a1687af5-daf8-4e14-b7e4-9bb6ba39fba8,Drafter B,"5,3,1",,,1472e9cc-4f46-44c8-b3b9-964944522c78,
897dd4b7-c6f7-4fd9-ac1f-0314592a9d5f,Drafter A,"7,6,4,2",,,4078e42b-928e-4423-947e-1d181db517e6,
897dd4b7-c6f7-4fd9-ac1f-0314592a9d5f,Drafter B,"5,3,1",,,07b722b6-a508-4fbe-b524-c12fff9b39e1,
cb4d80f9-bacb-4fca-ade2-19367e77d18d,Drafter A,"9,5,1",TRUE,,669cebfa-73d4-494d-b3fb-8e8634548991,
cb4d80f9-bacb-4fca-ade2-19367e77d18d,Drafter B,"10,6,2",,,76476f3e-5719-48ef-9b7c-6411b7b1a44c,
cb4d80f9-bacb-4fca-ade2-19367e77d18d,Drafter C,"11,7,3",,TRUE,48936fdb-8ffb-4838-912d-1056e380c836,
cb4d80f9-bacb-4fca-ade2-19367e77d18d,Drafter D,"13,12,8,4",,,0d0adff2-005c-4eac-91f0-33e127d743b0,
3aca6f0b-168d-41b3-8150-94e6a24f056d,Drafter A,"7,6,4,2",,,62e46887-06d0-461f-98e3-bc243d7acb2d,
3aca6f0b-168d-41b3-8150-94e6a24f056d,Drafter B,"5,3,1",,,59a05947-0a4c-4f15-904a-165106d0790a,
94760a64-0aa1-44bb-9389-8d2be0d4ba83,Drafter A,"7,6,4,2",,,91435349-16f2-4740-a107-f370aa0abdf4,
94760a64-0aa1-44bb-9389-8d2be0d4ba83,Drafter B,"5,3,1",,,4e2ff47a-135a-42c9-8f9b-05977ff60d6f,
ae1b64d2-03ad-4ad1-b77d-9dec320fb8f7,Drafter A,"10,7,4,1",TRUE,,f84ec475-cba0-4525-a786-ccea39b90167,
ae1b64d2-03ad-4ad1-b77d-9dec320fb8f7,Drafter B,"11,8,5,2",,,c1d4eec2-0cdf-4336-870c-12a4f0948fca,
ae1b64d2-03ad-4ad1-b77d-9dec320fb8f7,Drafter C,"13,12,9,6,3",,TRUE,dde00453-0852-41eb-b978-80a39ef83ad0,
55d6c021-e485-41cf-9082-82fd8d8291dd,Drafter A,"7,6,4,2",,,e0253429-3966-47e5-becd-edbf408a5b5d,
55d6c021-e485-41cf-9082-82fd8d8291dd,Drafter B,"5,3,1",,,3d5bf71d-738e-4536-9a45-cdaea806dd7a,
ac37a54f-8cdb-4523-be5e-aa626918c846,Drafter A,"7,6,4,2",,,997d2284-f252-4fbd-89d4-78a08c3466bc,
ac37a54f-8cdb-4523-be5e-aa626918c846,Drafter B,"5,3,1",,,7c580ed3-30b0-49a5-b13c-00f9bcba7498,
c876d7e7-c3aa-41ad-a9b0-9cabf653726a,Drafter A,"7,6,4,2",,,76476f3e-5719-48ef-9b7c-6411b7b1a44c,
c876d7e7-c3aa-41ad-a9b0-9cabf653726a,Drafter B,"5,3,1",,,32fcb99d-ca2a-4c2b-9b53-400d07492ef7,
632d1367-e60f-4b52-bd7e-3fd632499031,Drafter A,"7,6,4,2",,,669cebfa-73d4-494d-b3fb-8e8634548991,
632d1367-e60f-4b52-bd7e-3fd632499031,Drafter B,"5,3,1",,,c8f2614b-396b-4403-baf3-988ef537ba7f,
9db67beb-2c33-4361-8f58-2ac667c98403,Drafter A,"7,6,4,2",,,0e83aaac-96fc-4487-820f-71d90c7816a4,
9db67beb-2c33-4361-8f58-2ac667c98403,Drafter B,"5,3,1",,,beeaa25d-c851-477a-8c2e-b427e2537aaf,
b81c47e1-892b-4e20-98e2-5c911cafeaec,Drafter A,"7,6,4,2",,,f7a79ea8-1763-4abd-b549-cf0977d9fe63,
b81c47e1-892b-4e20-98e2-5c911cafeaec,Drafter B,"5,3,1",,,86759d9f-5613-4578-b74d-14f80217c675,
2a36a9de-54b9-4c50-a14e-c9a6699fbb2e,Drafter A,"7,6,4,2",,,85cf9842-6abe-4e64-8ed4-e6a4f40ecb03,
2a36a9de-54b9-4c50-a14e-c9a6699fbb2e,Drafter B,"5,3,1",,,0d0adff2-005c-4eac-91f0-33e127d743b0,
284b38e1-3b18-459d-af4a-42e49f209592,Drafter A,"7,6,4,2",,,382d9808-f55e-46ee-92d0-c61c9e4aaa4f,
284b38e1-3b18-459d-af4a-42e49f209592,Drafter B,"5,3,1",,,112f7fbb-4e1f-4e30-8ffd-4c2e5f9ff468,
7e1b36db-291c-4883-95fc-493e4b12dc3b,Drafter A,"7,6,4,2",,,c1d4eec2-0cdf-4336-870c-12a4f0948fca,
7e1b36db-291c-4883-95fc-493e4b12dc3b,Drafter B,"5,3,1",,,5b0c2434-932f-497b-8e37-861b4cd5e81a,
0f35d86e-ae71-483b-897d-bec0785eaf9f,Drafter A,"7,6,4,2",,,5931091f-4c76-42d8-84dc-96bec9e3d597,
0f35d86e-ae71-483b-897d-bec0785eaf9f,Drafter B,"5,3,1",,,bf4a95ad-0cc5-4f36-a53a-1495b26ee2f5,
bfe64a72-595b-40b5-9a9d-e718e88b4eba,Drafter A,"14,10,6,1",TRUE,,1a90a927-6e9b-41c7-b6bf-e411d057a3ee,
bfe64a72-595b-40b5-9a9d-e718e88b4eba,Drafter B,"19,18,15,11,7,2",,,28c02cfb-2949-4f42-b6a3-0a22674837f0,
bfe64a72-595b-40b5-9a9d-e718e88b4eba,Drafter C,"20,16,12,8,3",,TRUE,997d2284-f252-4fbd-89d4-78a08c3466bc,
bfe64a72-595b-40b5-9a9d-e718e88b4eba,Drafter D,"17,13,9,5,4",,,cab1d045-e789-4be8-a974-981204dee5c3,
10c8ec0e-dda5-48a0-8011-7d297141aa62,Drafter A,"7,6,4,2",,,669cebfa-73d4-494d-b3fb-8e8634548991,
10c8ec0e-dda5-48a0-8011-7d297141aa62,Drafter B,"5,3,1",,,48936fdb-8ffb-4838-912d-1056e380c836,
4388668a-5287-473f-b749-0163f02ef34d,Drafter A,"7,6,4,2",,,a23c4a80-81ff-471e-8ee4-d522e7ba35c2,
4388668a-5287-473f-b749-0163f02ef34d,Drafter B,"5,3,1",,,f0d9e370-4a3f-4382-9376-fa326b36fe43,
5a08ea8a-1077-48a9-8520-ef872ad40839,Drafter A,"7,6,4,2",,,9177cf93-d350-4ffc-80fb-60bbbdd49da7,
5a08ea8a-1077-48a9-8520-ef872ad40839,Drafter B,"5,3,1",,,5d8b0d85-89ce-4933-8847-c4f6a8b64cc9,
d5b1a1f5-1192-4d67-924a-3a567a5d1554,Drafter A,"7,6,4,2",,,e1c8d40b-ac45-4a1d-b118-ed64d03cb899,
d5b1a1f5-1192-4d67-924a-3a567a5d1554,Drafter B,"5,3,1",,,d8ae550d-2a00-46b5-882c-12f74e91619b,
aa0353cb-6b92-4395-b74f-c4dc2abd9875,Drafter A,"7,6,4,2",,,32fcb99d-ca2a-4c2b-9b53-400d07492ef7,
aa0353cb-6b92-4395-b74f-c4dc2abd9875,Drafter B,"5,3,1",,,17a61cb8-6c29-4ffd-9875-9f391c915884,
80633395-7a30-4deb-b5c5-85eae5a800fb,Drafter A,"7,4,1",TRUE,,5931091f-4c76-42d8-84dc-96bec9e3d597,
80633395-7a30-4deb-b5c5-85eae5a800fb,Drafter B,"9,8,5,2",,,25ce3648-2aa4-4992-a379-003d561b81d4,
80633395-7a30-4deb-b5c5-85eae5a800fb,Drafter C,"11,10,6,3",,TRUE,76db1740-d667-4f0d-ba8c-f2d72a41bbee,
28cc66cc-e348-411d-a36e-64922a634331,Drafter A,"7,6,4,2",,,5931091f-4c76-42d8-84dc-96bec9e3d597,
28cc66cc-e348-411d-a36e-64922a634331,Drafter B,"5,3,1",,,58207226-03a8-4883-bf00-338eb5124042,
63cf29ce-669d-4832-b644-5fa3251279b9,Drafter A,"7,6,4,2",,,76476f3e-5719-48ef-9b7c-6411b7b1a44c,
63cf29ce-669d-4832-b644-5fa3251279b9,Drafter B,"5,3,1",,,01053011-baf5-4f62-96d6-de75a18ec5b1,
c92ea65f-8aae-4091-a82a-5b827216f2d9,Drafter A,"10,7,4,1",TRUE,,ea588efb-240a-4c6d-a634-d3d8dab4d75c,
c92ea65f-8aae-4091-a82a-5b827216f2d9,Drafter B,"11,8,5,2",,,dde00453-0852-41eb-b978-80a39ef83ad0,
c92ea65f-8aae-4091-a82a-5b827216f2d9,Drafter C,"13,12,9,6,3",,TRUE,112f7fbb-4e1f-4e30-8ffd-4c2e5f9ff468,
6ed55e82-e7c5-4ffb-bda1-494f7d80a925,Drafter A,"22,18,14,13,9,5,1",TRUE,,0d0adff2-005c-4eac-91f0-33e127d743b0,
6ed55e82-e7c5-4ffb-bda1-494f7d80a925,Drafter B,"23,19,15,10,6,2",,,81937b1d-0621-4f38-b962-a4c1e476911c,
6ed55e82-e7c5-4ffb-bda1-494f7d80a925,Drafter C,"24,20,16",,TRUE,6fac4a5d-c270-4c1f-8da7-48a6f5d8f407,
6ed55e82-e7c5-4ffb-bda1-494f7d80a925,Drafter D,"11,7,3",TRUE,,997d2284-f252-4fbd-89d4-78a08c3466bc,
6ed55e82-e7c5-4ffb-bda1-494f7d80a925,Drafter E,"26,25,21,17,12,8,4",,,d161375a-334b-4d13-b311-f66604f0fdf4,
f780290e-baac-47e0-8306-21ad75c73c75,Drafter A,"7,6,4,2",,,67f82619-a5c5-4d70-8641-622d5e649a41,
f780290e-baac-47e0-8306-21ad75c73c75,Drafter B,"5,3,1",,,cbcdf40c-3876-4102-b91f-0b18a9dc567e,
1c299edb-9f7a-478f-aa81-eb8aaf93b4f5,Drafter A,"7,6,4,2",,,6b983673-ae3d-4b82-afbf-c46ec9b20ef8,
1c299edb-9f7a-478f-aa81-eb8aaf93b4f5,Drafter B,"5,3,1",,,1472e9cc-4f46-44c8-b3b9-964944522c78,
8dbd27d6-cee7-4a0c-b305-44ec38ebe34d,Drafter A,"7,6,4,2",,,07b722b6-a508-4fbe-b524-c12fff9b39e1,
8dbd27d6-cee7-4a0c-b305-44ec38ebe34d,Drafter B,"5,3,1",,,79e58600-eac5-445e-916f-43d8b37547f2,
a3759d7d-8917-4c3e-8eed-da6fad9dcc95,Drafter A,"7,6,4,2",,,e7064842-a671-4129-b208-3ca9e5bec539,
a3759d7d-8917-4c3e-8eed-da6fad9dcc95,Drafter B,"5,3,1",,,2dd0fe35-c4c6-4c15-a9f8-272ba3ad34c2,
cbd641cf-197c-413d-bfcc-19e483507eda,Drafter A,"7,6,4,2",,,25ce3648-2aa4-4992-a379-003d561b81d4,
cbd641cf-197c-413d-bfcc-19e483507eda,Drafter B,"5,3,1",,,56f27ee2-7254-40fc-b00a-93717ca3d3fa,
1acde5d8-d51c-428b-9f47-5408396bda88,Drafter A,"7,6,4,2",,,e033d8ec-2723-4973-bbfb-4eadabfe9192,
1acde5d8-d51c-428b-9f47-5408396bda88,Drafter B,"5,3,1",,,433692bd-f082-4fbb-a4cf-bd4a5b2b5aa9,
eb8e2d87-78b8-43d1-ad88-470633f8fd71,Drafter A,"7,6,4,2",,,5e366144-9cc7-46a7-a6c5-59405e742735,
eb8e2d87-78b8-43d1-ad88-470633f8fd71,Drafter B,"5,3,1",,,4bf3b1d6-57be-431f-915b-0d4c3654671e,
e2ed70cc-ed6f-48aa-a6cd-3aafb56ad2cc,Drafter A,"7,6,4,2",,,c1d4eec2-0cdf-4336-870c-12a4f0948fca,
e2ed70cc-ed6f-48aa-a6cd-3aafb56ad2cc,Drafter B,"5,3,1",,,f84ec475-cba0-4525-a786-ccea39b90167,
9e18364b-501d-4dce-ba20-fdc7ab8d321d,Drafter A,"7,6,4,2",,,c8f2614b-396b-4403-baf3-988ef537ba7f,
9e18364b-501d-4dce-ba20-fdc7ab8d321d,Drafter B,"5,3,1",,,c1d4eec2-0cdf-4336-870c-12a4f0948fca,
b1e53c8d-6475-4d5b-aa4c-b8ca7d1ff21e,Drafter A,"7,6,4,2",,,bf4a95ad-0cc5-4f36-a53a-1495b26ee2f5,
b1e53c8d-6475-4d5b-aa4c-b8ca7d1ff21e,Drafter B,"5,3,1",,,7a2992b9-756a-47b7-8274-6dfd8a9869a3,
a1835b47-5df4-4cfc-b6f3-eea2beba4974,Drafter A,"7,4,1",TRUE,,76476f3e-5719-48ef-9b7c-6411b7b1a44c,
a1835b47-5df4-4cfc-b6f3-eea2beba4974,Drafter B,"9,8,5,2",,,112f7fbb-4e1f-4e30-8ffd-4c2e5f9ff468,
a1835b47-5df4-4cfc-b6f3-eea2beba4974,Drafter C,"11,10,6,3",,TRUE,5931091f-4c76-42d8-84dc-96bec9e3d597,
234e7497-ac7f-4a5c-8857-f143884e9f26,Drafter A,"7,6,4,2",,,56a23e51-a35e-43b4-8b4c-1856250eab11,
234e7497-ac7f-4a5c-8857-f143884e9f26,Drafter B,"5,3,1",,,8121013e-3a45-4d36-b82e-193ae6579070,
7a01bd8e-011d-4afa-ace7-4a7251914675,Drafter A,"7,6,4,2",,,7c580ed3-30b0-49a5-b13c-00f9bcba7498,
7a01bd8e-011d-4afa-ace7-4a7251914675,Drafter B,"5,3,1",,,b14387ef-2041-4846-bc61-ae73b64ecc48,
f969d692-ffc4-4af2-a8f8-fabffbb7589b,Drafter A,"7,6,4,2",,,cab1d045-e789-4be8-a974-981204dee5c3,
f969d692-ffc4-4af2-a8f8-fabffbb7589b,Drafter B,"5,3,1",,,4bf3b1d6-57be-431f-915b-0d4c3654671e,
1d662f1d-cd10-46ac-9ac7-ddca19fa7573,Drafter A,"7,6,4,2",,,3e0f56cf-c842-4910-a446-408c9829f260,
1d662f1d-cd10-46ac-9ac7-ddca19fa7573,Drafter B,"5,3,1",,,dc80cd3c-c597-4684-91b3-94c915ac329d,
5b55feb6-d6ad-43f1-9b20-4c18f171f750,Drafter A,"7,6,4,2",,,58da69ee-15ed-46f1-a8e2-d89feccd768f,
5b55feb6-d6ad-43f1-9b20-4c18f171f750,Drafter B,"5,3,1",,,ac2e430e-9d88-4d08-8a4f-b0947145517c,
23956b27-aed1-4010-b6f1-e1c991199707,Drafter A,"7,6,4,2",,,441c52fa-7397-4748-82bc-7585c4e21bfe,
23956b27-aed1-4010-b6f1-e1c991199707,Drafter B,"5,3,1",,,5e13a296-d8c0-4943-a788-1090377d27f5,
d6557a15-a3bb-449b-8d0b-8c992cafd529,Drafter A,"18,14,10,9,5,1",TRUE,,c1d4eec2-0cdf-4336-870c-12a4f0948fca,
d6557a15-a3bb-449b-8d0b-8c992cafd529,Drafter B,"15,11,6,2",,,8da51512-df62-4aa1-8b07-7f6ab848c7bf,
d6557a15-a3bb-449b-8d0b-8c992cafd529,Drafter C,"16,12,7,3",,TRUE,112f7fbb-4e1f-4e30-8ffd-4c2e5f9ff468,
d6557a15-a3bb-449b-8d0b-8c992cafd529,Drafter D,"17,13,8,4",,,1a90a927-6e9b-41c7-b6bf-e411d057a3ee,
0168bdc8-5e32-440c-ab3f-b92de9b4d547,Drafter A,"7,6,4,2",,,4cd26c5a-73c9-4a20-a7dd-37c836761f5b,
0168bdc8-5e32-440c-ab3f-b92de9b4d547,Drafter B,"5,3,1",,,32fcb99d-ca2a-4c2b-9b53-400d07492ef7,
da65e5da-911b-43e4-83f5-66377b2773e7,Drafter A,"7,6,4,2",,,a23c4a80-81ff-471e-8ee4-d522e7ba35c2,
da65e5da-911b-43e4-83f5-66377b2773e7,Drafter B,"5,3,1",,,e42e2550-1b57-4e53-bf7e-3962c3435d86,
581a259a-e3f6-451e-bcbf-ea4ccb4a78c7,Drafter A,"14,10,6,1",TRUE,,f84ec475-cba0-4525-a786-ccea39b90167,
581a259a-e3f6-451e-bcbf-ea4ccb4a78c7,Drafter B,"19,18,15,11,7,2",,,5931091f-4c76-42d8-84dc-96bec9e3d597,
581a259a-e3f6-451e-bcbf-ea4ccb4a78c7,Drafter C,"20,16,12,8,3",,TRUE,85cf9842-6abe-4e64-8ed4-e6a4f40ecb03,
581a259a-e3f6-451e-bcbf-ea4ccb4a78c7,Drafter D,"17,13,9,5,4",,,c8f2614b-396b-4403-baf3-988ef537ba7f,
7d27ccef-e764-40f4-bca5-cff910408d7d,Drafter A,"7,6,4,2",,,2555ce40-51a1-4639-af7a-74af914051db,
7d27ccef-e764-40f4-bca5-cff910408d7d,Drafter B,"5,3,1",,,28c02cfb-2949-4f42-b6a3-0a22674837f0,
f9ddea7c-e7f2-4cd8-8059-900bab30d606,Drafter A,"7,6,4,2",,,0b16d2f9-7be2-4fc5-adf5-eb53e811b3b7,
f9ddea7c-e7f2-4cd8-8059-900bab30d606,Drafter B,"5,3,1",,,85cf9842-6abe-4e64-8ed4-e6a4f40ecb03,
4af15cd5-0867-448f-959d-63e121e08cd8,Drafter A,"7,6,4,2",,,2a4c7755-b2ad-4c4b-857d-93a4dc238d42,
4af15cd5-0867-448f-959d-63e121e08cd8,Drafter B,"5,3,1",,,3fcf368d-f9b3-4f63-a2c8-b76013693d3d,
00fb1ce2-add8-4c15-8c2f-852a6873f4b5,Drafter A,"10,9,5,1",TRUE,,c7e3f61b-b2a8-472d-8175-10d991a6b59a,
00fb1ce2-add8-4c15-8c2f-852a6873f4b5,Drafter B,"11,6,2",,,d7964af7-9eb5-4ba3-bd26-534a001a75e5,
00fb1ce2-add8-4c15-8c2f-852a6873f4b5,Drafter C,"12,7,3",,TRUE,dbbfb3cf-9a80-42ec-a296-540bc30dbb3d,
00fb1ce2-add8-4c15-8c2f-852a6873f4b5,Drafter D,"14,13,8,4",,,7d2ee542-c916-46b4-9156-362201168cde,
12513419-f209-454d-b67a-5df258b6d6f1,Drafter A,"7,6,4,2",,,dde00453-0852-41eb-b978-80a39ef83ad0,
12513419-f209-454d-b67a-5df258b6d6f1,Drafter B,"5,3,1",,,0d0adff2-005c-4eac-91f0-33e127d743b0,
d9aecb83-a520-4c39-bcb9-e8a32d4ecb30,Drafter A,"7,6,4,2",,,76476f3e-5719-48ef-9b7c-6411b7b1a44c,
d9aecb83-a520-4c39-bcb9-e8a32d4ecb30,Drafter B,"5,3,1",,,c39ab7a8-63eb-4f28-b368-527c59b74115,
ca5c1a09-b7f4-422a-a7c5-be1b6c43c924,Drafter A,"7,6,4,2",,,7c580ed3-30b0-49a5-b13c-00f9bcba7498,
ca5c1a09-b7f4-422a-a7c5-be1b6c43c924,Drafter B,"5,3,1",,,e44fcbb4-4446-4edb-b4ba-d4031f18a361,
1d425057-40b3-4a88-aba2-5a20108a7923,Drafter A,"7,6,4,2",,,126436e6-ff5a-4260-a4a9-1a78d12ef95e,
1d425057-40b3-4a88-aba2-5a20108a7923,Drafter B,"5,3,1",,,904bef4b-1c24-4e48-a139-8bac7b18d9ae,
56f623f9-81cc-4ee4-bbdb-7993f250bfe3,Drafter A,"9,5,1",TRUE,,b7ac3621-c2ce-4745-96cf-8ba2a64f4798,
56f623f9-81cc-4ee4-bbdb-7993f250bfe3,Drafter B,"10,6,2",,,e0253429-3966-47e5-becd-edbf408a5b5d,
56f623f9-81cc-4ee4-bbdb-7993f250bfe3,Drafter C,"11,7,3",,TRUE,cab1d045-e789-4be8-a974-981204dee5c3,
56f623f9-81cc-4ee4-bbdb-7993f250bfe3,Drafter D,"13,12,8,4",,,f84ec475-cba0-4525-a786-ccea39b90167,
8b9a6ca6-8fb9-4d45-8038-32fac3c72808,Drafter A,"7,6,4,2",,,56f27ee2-7254-40fc-b00a-93717ca3d3fa,
8b9a6ca6-8fb9-4d45-8038-32fac3c72808,Drafter B,"5,3,1",,,25ce3648-2aa4-4992-a379-003d561b81d4,
3489c80e-d996-4005-9459-2565bb943cfd,Drafter A,"7,6,4,2",,,fb09770f-b207-4164-ba50-f1dc34338180,
3489c80e-d996-4005-9459-2565bb943cfd,Drafter B,"5,3,1",,,5931091f-4c76-42d8-84dc-96bec9e3d597,
ea43caff-49d3-4ea2-959d-1e31c87bfe4a,Drafter A,"7,6,4,2",,,4078e42b-928e-4423-947e-1d181db517e6,
ea43caff-49d3-4ea2-959d-1e31c87bfe4a,Drafter B,"5,3,1",,,07b722b6-a508-4fbe-b524-c12fff9b39e1,
0df6608d-3f30-42c0-a430-4e857d45208a,Drafter A,"14,10,6,1",TRUE,,1472e9cc-4f46-44c8-b3b9-964944522c78,
0df6608d-3f30-42c0-a430-4e857d45208a,Drafter B,"19,15,11,7,2",,,ab477415-e450-40ca-b425-1acee94ad8b6,
0df6608d-3f30-42c0-a430-4e857d45208a,Drafter C,"21,20,16,12,8,3",,TRUE,ecdac64e-d96c-4910-8f21-f8e24ba4559e,
0df6608d-3f30-42c0-a430-4e857d45208a,Drafter D,"17,13,9,5,4",,,6b983673-ae3d-4b82-afbf-c46ec9b20ef8,
64b7bd73-0710-4101-a0de-7ed2017ed751,Drafter A,"7,6,4,2",,,28c02cfb-2949-4f42-b6a3-0a22674837f0,
64b7bd73-0710-4101-a0de-7ed2017ed751,Drafter B,"5,3,1",,,f1c4cacc-db52-4954-afa8-f0e14e61b8db,
e0f530e1-efcc-425d-90bf-cc04f5818a3c,,,,,b761306e-772c-47e9-a9a1-9e5c3bb3cf0f,
e0f530e1-efcc-425d-90bf-cc04f5818a3c,,,,,86759d9f-5613-4578-b74d-14f80217c675,
f6940ffb-3014-4791-9c90-dca1b3bb955f,Drafter A,"7,6,4,2",,,997d2284-f252-4fbd-89d4-78a08c3466bc,
f6940ffb-3014-4791-9c90-dca1b3bb955f,Drafter B,"5,3,1",,,91435349-16f2-4740-a107-f370aa0abdf4,
f47cc7bd-b015-44f0-95d7-2e17b6d7845b,Drafter A,"7,6,4,2",,,54b5d488-fd38-4f85-9bb2-68c416490e2b,
f47cc7bd-b015-44f0-95d7-2e17b6d7845b,Drafter B,"5,3,1",,,0d0adff2-005c-4eac-91f0-33e127d743b0,
c319f320-e8c0-43e2-b9cd-c5b199ef2200,Drafter A,"9,5,1",TRUE,,df9ac43f-f094-4987-9f6b-23e5b6f59efc,
c319f320-e8c0-43e2-b9cd-c5b199ef2200,Drafter B,"10,6,2",,,bcd19082-7c44-4ac7-8423-bcaa57e1b055,
c319f320-e8c0-43e2-b9cd-c5b199ef2200,Drafter C,"11,7,3",,TRUE,7b1c5d9c-a0d1-494b-94da-abdda4d4fe3a,
c319f320-e8c0-43e2-b9cd-c5b199ef2200,Drafter D,"12,8,4",,,82f37e91-e879-4fb5-b13c-048d13ffb681,
ca1752cb-b455-4494-be6f-5e72fd1cc8cf,Drafter A,"7,6,4,2",,,0d0adff2-005c-4eac-91f0-33e127d743b0,
ca1752cb-b455-4494-be6f-5e72fd1cc8cf,Drafter B,"5,3,1",,,48936fdb-8ffb-4838-912d-1056e380c836,
9b3c559d-9bb6-43f9-b883-7b11a2c8a500,Drafter A,"7,4,1",TRUE,,9958b24c-e9f1-45e1-95a3-21c24e45030b,
9b3c559d-9bb6-43f9-b883-7b11a2c8a500,Drafter B,"9,8,5,2",,,1a90a927-6e9b-41c7-b6bf-e411d057a3ee,
9b3c559d-9bb6-43f9-b883-7b11a2c8a500,Drafter C,"11,10,6,3",,TRUE,0831b806-50cd-4e24-b316-f1f1ce6a729a,
b57e9323-38f9-4493-819c-c09a2daea213,Drafter A,"7,6,4,2",,,669cebfa-73d4-494d-b3fb-8e8634548991,
b57e9323-38f9-4493-819c-c09a2daea213,Drafter B,"5,3,1",,,c8f2614b-396b-4403-baf3-988ef537ba7f,
955ebeb8-1e66-4fdb-852b-43e1cd87e712,Drafter A,"7,6,4,2",,,1f0736e5-1ddc-46bf-9fd7-8e0512bdfc65,
955ebeb8-1e66-4fdb-852b-43e1cd87e712,Drafter B,"5,3,1",,,cbcdf40c-3876-4102-b91f-0b18a9dc567e,
7c1a1c0a-c617-44f2-a8f7-0039d2c5db35,Drafter A,"7,6,4,2",,,d95786b2-a811-48dc-bd18-b00b4d8738e8,
7c1a1c0a-c617-44f2-a8f7-0039d2c5db35,Drafter B,"5,3,1",,,c1d4eec2-0cdf-4336-870c-12a4f0948fca,
05af58fc-e7fa-4552-a7b6-fc5defb76040,Drafter A,"10,7,4,1",TRUE,,7d9d413f-92a3-4f44-9fec-1c333a231e48,
05af58fc-e7fa-4552-a7b6-fc5defb76040,Drafter B,"11,8,5,2",,,76476f3e-5719-48ef-9b7c-6411b7b1a44c,
05af58fc-e7fa-4552-a7b6-fc5defb76040,Drafter C,"13,12,9,6,3",,TRUE,,5f27ef78-89ee-4484-b285-7269c4fbab6a
74efef4a-032e-418e-9a24-45b8910e371e,Drafter A,"7,6,4,2",,,98619705-9f31-441d-ae8c-f0654ff5ec20,
74efef4a-032e-418e-9a24-45b8910e371e,Drafter B,"5,3,1",,,fbd32f95-6cc9-4b15-80b1-ff7441aa226a,
47751fba-1e52-4a23-841a-61befdbdc91e,Drafter A,"7,6,4,2",,,56f27ee2-7254-40fc-b00a-93717ca3d3fa,
47751fba-1e52-4a23-841a-61befdbdc91e,Drafter B,"5,3,1",,,6dbaaa42-3673-42a5-a368-94a5cb9e30f3,
241d67dd-da1d-42ff-8e99-4c850b7a24e2,Drafter A,"7,6,4,2",,,58207226-03a8-4883-bf00-338eb5124042,
241d67dd-da1d-42ff-8e99-4c850b7a24e2,Drafter B,"5,3,1",,,5931091f-4c76-42d8-84dc-96bec9e3d597,
c3763945-c491-4536-a0c3-21b055744833,Drafter A,"7,4,1",TRUE,,4cd26c5a-73c9-4a20-a7dd-37c836761f5b,
c3763945-c491-4536-a0c3-21b055744833,Drafter B,"9,8,5,2",,,32fcb99d-ca2a-4c2b-9b53-400d07492ef7,
c3763945-c491-4536-a0c3-21b055744833,Drafter C,"11,10,6,3",,TRUE,c7c0e0df-170f-4435-a66e-9d43ce04214e,
fd2b82ea-f715-411e-b1d4-e8ae3f0effad,Drafter A,"7,6,4,2",,,bb2ac86d-ad51-497a-b010-9e5a5a5f0f0d,
fd2b82ea-f715-411e-b1d4-e8ae3f0effad,Drafter B,"5,3,1",,,17a61cb8-6c29-4ffd-9875-9f391c915884,
92d3b49f-6d13-4f7b-a846-cd218c851a33,Drafter A,"9,5,1",TRUE,,b1f67b91-0fee-47a9-92f9-57136c914647,
92d3b49f-6d13-4f7b-a846-cd218c851a33,Drafter B,"10,6,2",,,d3aba1c1-190c-4142-a667-b042496622f5,
92d3b49f-6d13-4f7b-a846-cd218c851a33,Drafter C,"11,7,3",,TRUE,cab1d045-e789-4be8-a974-981204dee5c3,
92d3b49f-6d13-4f7b-a846-cd218c851a33,Drafter D,"13,12,8,4",,,aec19332-309f-4b28-8fbf-7a3ae68380a5,
669f5b93-cb9b-4071-a8fe-355fe8e68c92,Drafter A,"7,6,4,2",,,dde00453-0852-41eb-b978-80a39ef83ad0,
669f5b93-cb9b-4071-a8fe-355fe8e68c92,Drafter B,"5,3,1",,,079a31ff-980f-4958-ae11-8ecf5e6e5813,
2e2f6623-a39d-4e5c-8342-9ff5f60bd103,Drafter A,"7,6,4,2",,,5931091f-4c76-42d8-84dc-96bec9e3d597,
2e2f6623-a39d-4e5c-8342-9ff5f60bd103,Drafter B,"5,3,1",,,c1d4eec2-0cdf-4336-870c-12a4f0948fca,
692b086b-0397-4a83-8170-5f63abca1ee4,Drafter A,"7,4,1",TRUE,,669cebfa-73d4-494d-b3fb-8e8634548991,
692b086b-0397-4a83-8170-5f63abca1ee4,Drafter B,"9,8,5,2",,,a9f85bd0-6a35-4eca-929c-26f187ca2dd8,
692b086b-0397-4a83-8170-5f63abca1ee4,Drafter C,"11,10,6,3",,TRUE,c8f2614b-396b-4403-baf3-988ef537ba7f,
f9c35098-5fef-4a79-b805-2c0937f84d96,Drafter A,"16,15,9,5,1",TRUE,,78a7164a-c3e6-4fee-afa8-9f00ef584c8f,
f9c35098-5fef-4a79-b805-2c0937f84d96,Drafter B,"11,10,6,2",,,07b722b6-a508-4fbe-b524-c12fff9b39e1,
f9c35098-5fef-4a79-b805-2c0937f84d96,Drafter C,"12,7,3",,TRUE,58da69ee-15ed-46f1-a8e2-d89feccd768f,
f9c35098-5fef-4a79-b805-2c0937f84d96,Drafter D,"14,13,8,4",,,8da51512-df62-4aa1-8b07-7f6ab848c7bf,
e8d13787-ce40-45ea-ab07-c152694f5194,Drafter A,"10,7,4,1",TRUE,,6b983673-ae3d-4b82-afbf-c46ec9b20ef8,
e8d13787-ce40-45ea-ab07-c152694f5194,Drafter B,"11,8,4,2",,,b7ac3621-c2ce-4745-96cf-8ba2a64f4798,
e8d13787-ce40-45ea-ab07-c152694f5194,Drafter C,"13,12,9,6,3",,TRUE,1472e9cc-4f46-44c8-b3b9-964944522c78,
6dab4fba-2785-4a44-a612-ccf4f0a3673a,Drafter A,"7,6,4,2",,,0d0adff2-005c-4eac-91f0-33e127d743b0,
6dab4fba-2785-4a44-a612-ccf4f0a3673a,Drafter B,"5,3,1",,,b476b293-07f6-44f3-9a86-9500dbcbf26e,
f2c3ccfd-8404-4968-b220-70a3f6d3e125,Drafter A,"7,6,4,2",,,76476f3e-5719-48ef-9b7c-6411b7b1a44c,
f2c3ccfd-8404-4968-b220-70a3f6d3e125,Drafter B,"5,3,1",,,a29821bc-6aa8-42c6-8d2d-faf270c87cd5,
c0cda4b0-8d00-4ae8-95c7-0b1a1a9e8208,Drafter A,,,,f84ec475-cba0-4525-a786-ccea39b90167,
c0cda4b0-8d00-4ae8-95c7-0b1a1a9e8208,Drafter B,,,,c1d4eec2-0cdf-4336-870c-12a4f0948fca,
9757eaee-fdbc-4c7b-9857-f92c21032a2e,Drafter A,"30,27,24",TRUE,,997d2284-f252-4fbd-89d4-78a08c3466bc,
9757eaee-fdbc-4c7b-9857-f92c21032a2e,Drafter B,"32,31,28,25",,,dde00453-0852-41eb-b978-80a39ef83ad0,
9757eaee-fdbc-4c7b-9857-f92c21032a2e,Drafter C,"34,33,29,26",,TRUE,85cf9842-6abe-4e64-8ed4-e6a4f40ecb03,
9757eaee-fdbc-4c7b-9857-f92c21032a2e,Drafter D,"18,15,12",TRUE,,dc80cd3c-c597-4684-91b3-94c915ac329d,
9757eaee-fdbc-4c7b-9857-f92c21032a2e,Drafter E,"20,19,16,13",,,5931091f-4c76-42d8-84dc-96bec9e3d597,
9757eaee-fdbc-4c7b-9857-f92c21032a2e,Drafter F,"22,21,17,14",,TRUE,f1c4cacc-db52-4954-afa8-f0e14e61b8db,
9757eaee-fdbc-4c7b-9857-f92c21032a2e,Drafter G,"7,4,1",TRUE,,d95786b2-a811-48dc-bd18-b00b4d8738e8,
9757eaee-fdbc-4c7b-9857-f92c21032a2e,Drafter H,"9,8,5,2",,,07b722b6-a508-4fbe-b524-c12fff9b39e1,
9757eaee-fdbc-4c7b-9857-f92c21032a2e,Drafter I,"11,10,6,3",,TRUE,cab1d045-e789-4be8-a974-981204dee5c3,
9757eaee-fdbc-4c7b-9857-f92c21032a2e,Drafter J,23,,,3c07306e-ef9a-4d13-8eba-6e97ae3743a0,
55728a22-d3aa-4ed8-8dcc-eaa1ef2d9a04,Drafter A,"17,14,11,7,4,1",TRUE,,,8723a5e1-145e-4e11-a7f0-6401296fcae2
55728a22-d3aa-4ed8-8dcc-eaa1ef2d9a04,Drafter B,"18,15,12,8,5,2",,,,4335a07e-7483-4250-bd7b-8c047f29b69d
55728a22-d3aa-4ed8-8dcc-eaa1ef2d9a04,Drafter C,"20,19,16,13,10,9,6,3",,TRUE,,4011c0ac-d296-47e5-b0d3-41d8a07bd7e6
1f75ac58-b64d-4e52-8c23-bfc58bf7f064,Drafter A,"7,6,4,2",,,c2297f61-50d7-4eed-a2ad-3071982fae03,
1f75ac58-b64d-4e52-8c23-bfc58bf7f064,Drafter B,"5,3,1",,,f3cbe023-e94a-4bb9-ad26-4f7c950f30ad,
63db9f25-cd1d-4c71-9c55-b831d8ddc66e,Drafter A,"7,6,4,2",,,28c02cfb-2949-4f42-b6a3-0a22674837f0,
63db9f25-cd1d-4c71-9c55-b831d8ddc66e,Drafter B,"5,3,1",,,fbf2fa87-26b4-486a-9f65-654de3476e13,
79c8a896-3398-493d-b0ef-1dd0f797056f,Drafter A,"7,6,4,2",,,78a7164a-c3e6-4fee-afa8-9f00ef584c8f,
79c8a896-3398-493d-b0ef-1dd0f797056f,Drafter B,"5,3,1",,,7a2992b9-756a-47b7-8274-6dfd8a9869a3,
85bc43fd-6391-4f12-aca4-b2e57711bfa9,Drafter A,"7,6,4,2",,,ab8a4f3c-0663-4c07-b516-9761724d9d83,
85bc43fd-6391-4f12-aca4-b2e57711bfa9,Drafter B,"5,3,1",,,cb4ca5e1-b453-4746-a51d-456c70d7ef2a,
16e6baf4-b77f-448e-ab6b-fb827bb2e922,Drafter A,"14,10,6,1",TRUE,,433692bd-f082-4fbb-a4cf-bd4a5b2b5aa9,
16e6baf4-b77f-448e-ab6b-fb827bb2e922,Drafter B,"19,18,15,11,7,2",,,c1d4eec2-0cdf-4336-870c-12a4f0948fca,
16e6baf4-b77f-448e-ab6b-fb827bb2e922,Drafter C,"20,16,12,8,3",,TRUE,85cf9842-6abe-4e64-8ed4-e6a4f40ecb03,
16e6baf4-b77f-448e-ab6b-fb827bb2e922,Drafter D,"17,13,9,5,4",,,9958b24c-e9f1-45e1-95a3-21c24e45030b,
a4cbf227-bdff-4c3d-9ac5-c7032244d0ff,Drafter A,"7,6,4,2",,,112f7fbb-4e1f-4e30-8ffd-4c2e5f9ff468,
a4cbf227-bdff-4c3d-9ac5-c7032244d0ff,Drafter B,"5,3,1",,,99c602f8-3bc5-4f60-9802-020c4214294f,
48e80f65-3560-4234-a346-f774faab8511,Drafter A,"7,6,4,2",,,7d26d92e-7fc5-4caa-9232-ec0547de75a5,
48e80f65-3560-4234-a346-f774faab8511,Drafter B,"5,3,1",,,f32df372-3ab4-4a1e-9f07-47932515ceb8,
f7818e66-4a9f-4bee-8346-b1be7b765c6b,Drafter A,"7,6,4,2",,,0d0adff2-005c-4eac-91f0-33e127d743b0,
f7818e66-4a9f-4bee-8346-b1be7b765c6b,Drafter B,"5,3,1",,,079a31ff-980f-4958-ae11-8ecf5e6e5813,
cddc2eea-04e8-4710-af67-baf6b8313010,Drafter A,"7,4,1",TRUE,,5931091f-4c76-42d8-84dc-96bec9e3d597,
cddc2eea-04e8-4710-af67-baf6b8313010,Drafter B,"8,5,2",,,112f7fbb-4e1f-4e30-8ffd-4c2e5f9ff468,
cddc2eea-04e8-4710-af67-baf6b8313010,Drafter C,"9,6,3",,TRUE,11697f91-8d5b-4ee5-a8fc-cae677bdc111,
9d2f3a02-077f-4333-8610-a0e31bfdcc5b,Drafter A,"7,6,4,2",,,6dbaaa42-3673-42a5-a368-94a5cb9e30f3,
9d2f3a02-077f-4333-8610-a0e31bfdcc5b,Drafter B,"5,3,1",,,56f27ee2-7254-40fc-b00a-93717ca3d3fa,
758ee225-16de-4e37-8a8e-6104e465cec8,Drafter A,"7,6,4,2",,,5931091f-4c76-42d8-84dc-96bec9e3d597,
758ee225-16de-4e37-8a8e-6104e465cec8,Drafter B,"5,3,1",,,5b0c2434-932f-497b-8e37-861b4cd5e81a,
45d5ea39-7c80-4870-8ee7-caec9b915cb7,Drafter A,"11,7,4,1",TRUE,,8dcf801d-6780-4201-9c83-9dc2eb278572,
45d5ea39-7c80-4870-8ee7-caec9b915cb7,Drafter B,"9,8,5,2",,,25ce3648-2aa4-4992-a379-003d561b81d4,
45d5ea39-7c80-4870-8ee7-caec9b915cb7,Drafter C,"10,6,3",,TRUE,1472e9cc-4f46-44c8-b3b9-964944522c78,
406cbb15-8414-448c-ad3e-8bb1601c29dd,Drafter A,"7,6,4,2",,,1b78617e-e38d-4221-b146-8c65f654156a,
406cbb15-8414-448c-ad3e-8bb1601c29dd,Drafter B,"5,3,1",,,85cf9842-6abe-4e64-8ed4-e6a4f40ecb03,
0734774f-093d-4595-901d-725b15888dee,Drafter A,"7,6,3,1",,,1c811a65-6135-4cae-b4b5-3aa769e099fe,
0734774f-093d-4595-901d-725b15888dee,Drafter B,"5,4,2",,,b52abd6b-7ec2-42c8-bdef-403a83f76032,
d084fca9-d365-4ccc-80cb-7abb4279885e,Drafter A,"10,7,4,1",TRUE,,81937b1d-0621-4f38-b962-a4c1e476911c,
d084fca9-d365-4ccc-80cb-7abb4279885e,Drafter B,"11,8,5,2",,,c77d9c8e-2c45-4141-9764-bc303bea0206,
d084fca9-d365-4ccc-80cb-7abb4279885e,Drafter C,"13,12,9,6,3",,TRUE,dde00453-0852-41eb-b978-80a39ef83ad0,
63786f6f-611b-460b-aea0-4ab32b7c56d2,Drafter A,"7,6,4,2",,,78a7164a-c3e6-4fee-afa8-9f00ef584c8f,
63786f6f-611b-460b-aea0-4ab32b7c56d2,Drafter B,"5,3,1",,,c8f2614b-396b-4403-baf3-988ef537ba7f,
f2f05e0d-cb27-482a-9bcc-477943697ea1,Drafter A,"7,6,4,2",,,85cf9842-6abe-4e64-8ed4-e6a4f40ecb03,
f2f05e0d-cb27-482a-9bcc-477943697ea1,Drafter B,"5,3,1",,,4bf3b1d6-57be-431f-915b-0d4c3654671e,
fb936a2b-2c95-4aeb-be1f-c904cf5a82b5,Drafter A,"7,6,4,2",,,07b722b6-a508-4fbe-b524-c12fff9b39e1,
fb936a2b-2c95-4aeb-be1f-c904cf5a82b5,Drafter B,"5,3,1",,,28c02cfb-2949-4f42-b6a3-0a22674837f0,
b02de0c7-f836-4175-bd65-837caebd349e,Drafter A,"10,7,4,1",TRUE,,0d0adff2-005c-4eac-91f0-33e127d743b0,
b02de0c7-f836-4175-bd65-837caebd349e,Drafter B,"11,8,5,2",,,e1805464-57eb-431a-87a7-0a66a1bfcbb4,
b02de0c7-f836-4175-bd65-837caebd349e,Drafter C,"13,12,9,6,3",,TRUE,48936fdb-8ffb-4838-912d-1056e380c836,
1ecad990-0d14-40b8-b771-8bb5d2a4b71d,Drafter A,"8,7,5,3,1",,,c1d4eec2-0cdf-4336-870c-12a4f0948fca,
1ecad990-0d14-40b8-b771-8bb5d2a4b71d,Drafter B,"9,6,4,2",,,1a90a927-6e9b-41c7-b6bf-e411d057a3ee,
4e186448-1756-42a2-9fec-3eeeda953c6f,Drafter A,"7,4,1",TRUE,,669cebfa-73d4-494d-b3fb-8e8634548991,
4e186448-1756-42a2-9fec-3eeeda953c6f,Drafter B,"9,8,5,2",,,c8f2614b-396b-4403-baf3-988ef537ba7f,
4e186448-1756-42a2-9fec-3eeeda953c6f,Drafter C,"11,10,6,3",,TRUE,0d0adff2-005c-4eac-91f0-33e127d743b0,
efb2842f-95fa-4f8a-8da7-666e483bf402,Drafter A,"7,6,4,2",,,25ce3648-2aa4-4992-a379-003d561b81d4,
efb2842f-95fa-4f8a-8da7-666e483bf402,Drafter B,"5,3,1",,,8dcf801d-6780-4201-9c83-9dc2eb278572,
ec44d8d0-d087-4ab3-b369-919ae62d6e50,Drafter A,"7,6,4,2",,,53fbf7b7-0c92-40b6-b65b-247135205240,
ec44d8d0-d087-4ab3-b369-919ae62d6e50,Drafter B,"5,3,1",,,797106da-15dc-46a9-af3d-d5e2c000666f,
e058fa40-06b3-4cad-85f5-7bce2c57ff7b,Drafter A,"7,6,4,2",,,d161375a-334b-4d13-b311-f66604f0fdf4,
e058fa40-06b3-4cad-85f5-7bce2c57ff7b,Drafter B,"5,3,1",,,dde00453-0852-41eb-b978-80a39ef83ad0,
eda3aa26-b31e-4e8a-a388-eeefc2dc3335,Drafter A,"7,6,4,2",,,3e224573-2e15-4c1c-b110-28c4f5c73f38,
eda3aa26-b31e-4e8a-a388-eeefc2dc3335,Drafter B,"5,3,1",,,c3d039b1-c578-45b8-b6b3-dcb6a388f9de,
72098695-9c53-4e78-9569-82ec75836ff5,Drafter A,"7,6,4,2",,,fbd32f95-6cc9-4b15-80b1-ff7441aa226a,
72098695-9c53-4e78-9569-82ec75836ff5,Drafter B,"5,3,1",,,112f7fbb-4e1f-4e30-8ffd-4c2e5f9ff468,
784099e2-61e4-4149-8a20-e4892af765f1,Drafter A,"7,6,4,2",,,433692bd-f082-4fbb-a4cf-bd4a5b2b5aa9,
784099e2-61e4-4149-8a20-e4892af765f1,Drafter B,"5,3,1",,,e033d8ec-2723-4973-bbfb-4eadabfe9192,
8c489046-a821-45e0-b955-a7c1238e4543,Drafter A,"7,6,4,2",,,a43e40d6-390d-463c-9985-cf264bb890b4,
8c489046-a821-45e0-b955-a7c1238e4543,Drafter B,"5,3,1",,,bece77fe-c51d-4fd4-8180-8338d61ccecd,
e9dd1262-22ac-4494-ba00-15b8331d9ec3,Drafter A,"7,4,1",TRUE,,997d2284-f252-4fbd-89d4-78a08c3466bc,
e9dd1262-22ac-4494-ba00-15b8331d9ec3,Drafter B,"9,8,5,2",,,85cf9842-6abe-4e64-8ed4-e6a4f40ecb03,
e9dd1262-22ac-4494-ba00-15b8331d9ec3,Drafter C,"11,10,6,3",,TRUE,5931091f-4c76-42d8-84dc-96bec9e3d597,
c03b6f07-c3ef-4809-ba13-535cba7b6b1f,Drafter A,"7,6,4,2",,,81937b1d-0621-4f38-b962-a4c1e476911c,
c03b6f07-c3ef-4809-ba13-535cba7b6b1f,Drafter B,"5,3,1",,,8da51512-df62-4aa1-8b07-7f6ab848c7bf,
e42869f9-4893-4c86-aec0-b455619444df,Drafter A,"9,5,1",TRUE,,f84ec475-cba0-4525-a786-ccea39b90167,
e42869f9-4893-4c86-aec0-b455619444df,Drafter B,"10,6,2",,,86759d9f-5613-4578-b74d-14f80217c675,
e42869f9-4893-4c86-aec0-b455619444df,Drafter C,"11,7,3",,TRUE,842dc9ef-d7cd-491a-88b8-29f2b3bdd0e9,
e42869f9-4893-4c86-aec0-b455619444df,Drafter D,"13,12,8,4",,,b476b293-07f6-44f3-9a86-9500dbcbf26e,
4ae300c3-9184-4b9f-a03b-4c6c8f14eefe,Drafter A,"7,6,4,2",,,5931091f-4c76-42d8-84dc-96bec9e3d597,
4ae300c3-9184-4b9f-a03b-4c6c8f14eefe,Drafter B,"5,3,1",,,58207226-03a8-4883-bf00-338eb5124042,
06502999-2bc0-4bfa-b7e8-4e8185a3c040,Drafter A,"7,6,4,2",,,cab1d045-e789-4be8-a974-981204dee5c3,
06502999-2bc0-4bfa-b7e8-4e8185a3c040,Drafter B,"5,3,1",,,c7c0e0df-170f-4435-a66e-9d43ce04214e,
f3407027-957f-4693-a4fb-06f84e388fa1,Drafter A,"7,6,4,2",,,cebd157a-df24-47e8-b62c-6f798cbf357c,
f3407027-957f-4693-a4fb-06f84e388fa1,Drafter B,"5,3,1",,,da6a5e5c-e1a7-43c3-99b5-01256d2b0a78,
1896362b-2800-408e-9396-26e40de622c8,Drafter A,"10,7,4,1",TRUE,,a882ae6e-e3a8-44b1-9237-104ed6c2aab6,
1896362b-2800-408e-9396-26e40de622c8,Drafter B,"8,5,2",,,f32df372-3ab4-4a1e-9f07-47932515ceb8,
1896362b-2800-408e-9396-26e40de622c8,Drafter C,"9,6,3",,TRUE,a9f85bd0-6a35-4eca-929c-26f187ca2dd8,
40275c76-eeb7-4d3b-ae6f-0fd7aae511b0,Drafter A,"13,9,5,1",TRUE,,5931091f-4c76-42d8-84dc-96bec9e3d597,
40275c76-eeb7-4d3b-ae6f-0fd7aae511b0,Drafter B,"10,6,2",,,32fcb99d-ca2a-4c2b-9b53-400d07492ef7,
40275c76-eeb7-4d3b-ae6f-0fd7aae511b0,Drafter C,"11,7,3",,TRUE,76476f3e-5719-48ef-9b7c-6411b7b1a44c,
40275c76-eeb7-4d3b-ae6f-0fd7aae511b0,Drafter D,"12,8,4",,,17a61cb8-6c29-4ffd-9875-9f391c915884,
174236a7-5d53-41e0-b90c-90dee136de8c,Drafter A,"10,9,7,5,3,1",TRUE,,1472e9cc-4f46-44c8-b3b9-964944522c78,
174236a7-5d53-41e0-b90c-90dee136de8c,Drafter B,"8,6,4,2",,,07b722b6-a508-4fbe-b524-c12fff9b39e1,
063a11a5-4087-4ab2-9a4d-1834f69d003f,Drafter A,"22,18,14,9,5,1",TRUE,,28620fb5-e293-4479-9210-c32fe45bd450,
063a11a5-4087-4ab2-9a4d-1834f69d003f,Drafter B,"23,19,15,10,6,2",,,32fcb99d-ca2a-4c2b-9b53-400d07492ef7,
063a11a5-4087-4ab2-9a4d-1834f69d003f,Drafter C,"24,20,16,11,7,3",,TRUE,78a7164a-c3e6-4fee-afa8-9f00ef584c8f,
063a11a5-4087-4ab2-9a4d-1834f69d003f,Drafter D,"26,25,17,13,12,8,4",,,7a2992b9-756a-47b7-8274-6dfd8a9869a3,
0a2124fb-91ee-4110-8940-53e62ec7ef42,Drafter A,"10,9,7,5,3,1",TRUE,,126436e6-ff5a-4260-a4a9-1a78d12ef95e,
0a2124fb-91ee-4110-8940-53e62ec7ef42,Drafter B,"8,6,4,2",,,bf4a95ad-0cc5-4f36-a53a-1495b26ee2f5,
9ec9aa6d-8974-4c09-81a9-f01f37f6586c,Drafter A,"7,6,4,2",,,669cebfa-73d4-494d-b3fb-8e8634548991,
9ec9aa6d-8974-4c09-81a9-f01f37f6586c,Drafter B,"5,3,1",,,c8f2614b-396b-4403-baf3-988ef537ba7f,
e21180c6-1735-49c8-b8f9-372cf8ace08f,Drafter A,"7,4,1",TRUE,,b14387ef-2041-4846-bc61-ae73b64ecc48,
e21180c6-1735-49c8-b8f9-372cf8ace08f,Drafter B,"9,8,5,2",,,7c580ed3-30b0-49a5-b13c-00f9bcba7498,
e21180c6-1735-49c8-b8f9-372cf8ace08f,Drafter C,"11,10,6,3",,TRUE,e44fcbb4-4446-4edb-b4ba-d4031f18a361,
0b55f1ed-8c15-40b0-8842-df2b816620a8,Drafter A,"7,6,4,2",,,8b055f14-68d4-4eb4-8a35-d6445c0545cd,
0b55f1ed-8c15-40b0-8842-df2b816620a8,Drafter B,"5,3,1",,,f3f0f0b7-55cc-4c5d-9d32-4ea63675411b,
961df5a6-2e92-423b-b1f2-b66287b42f8f,Drafter A,"10,7,4,1",TRUE,,c1d4eec2-0cdf-4336-870c-12a4f0948fca,
961df5a6-2e92-423b-b1f2-b66287b42f8f,Drafter B,"11,8,5,2",,,f84ec475-cba0-4525-a786-ccea39b90167,
961df5a6-2e92-423b-b1f2-b66287b42f8f,Drafter C,"13,12,9,6,3",,TRUE,86759d9f-5613-4578-b74d-14f80217c675,
541f19f2-8dd3-4f54-bfb2-0f85ad891fa5,Drafter A,"27,24,21",TRUE,,433692bd-f082-4fbb-a4cf-bd4a5b2b5aa9,
541f19f2-8dd3-4f54-bfb2-0f85ad891fa5,Drafter B,"28,25,22",,,56f27ee2-7254-40fc-b00a-93717ca3d3fa,
541f19f2-8dd3-4f54-bfb2-0f85ad891fa5,Drafter C,"30,29,26,23",,TRUE,25ce3648-2aa4-4992-a379-003d561b81d4,
541f19f2-8dd3-4f54-bfb2-0f85ad891fa5,Drafter D,"17,14,11",TRUE,,1472e9cc-4f46-44c8-b3b9-964944522c78,
541f19f2-8dd3-4f54-bfb2-0f85ad891fa5,Drafter E,"18,15,12",,,6b983673-ae3d-4b82-afbf-c46ec9b20ef8,
541f19f2-8dd3-4f54-bfb2-0f85ad891fa5,Drafter F,"20,19,16,13",,TRUE,b7ac3621-c2ce-4745-96cf-8ba2a64f4798,
541f19f2-8dd3-4f54-bfb2-0f85ad891fa5,Drafter G,"10,7,4,1",TRUE,,c8f2614b-396b-4403-baf3-988ef537ba7f,
541f19f2-8dd3-4f54-bfb2-0f85ad891fa5,Drafter H,"8,5,2",,,f1c4cacc-db52-4954-afa8-f0e14e61b8db,
541f19f2-8dd3-4f54-bfb2-0f85ad891fa5,Drafter I,"9,6,3",,TRUE,0d0adff2-005c-4eac-91f0-33e127d743b0,
4c06af25-e21b-4784-a7f7-ce4acca7a800,Drafter A,"7,6,4,2",,,c1d4eec2-0cdf-4336-870c-12a4f0948fca,
4c06af25-e21b-4784-a7f7-ce4acca7a800,Drafter B,"5,3,1",,,5b0c2434-932f-497b-8e37-861b4cd5e81a,
db63ac6b-f814-4fe6-a932-6bb51b20f5e2,Drafter A,"7,4,1",TRUE,,f439ae27-0652-4b63-99f2-25e1bcc3c9c7,
db63ac6b-f814-4fe6-a932-6bb51b20f5e2,Drafter B,"9,8,5,2",,,fda8ae11-dd97-42db-957f-b4d04f0636e0,
db63ac6b-f814-4fe6-a932-6bb51b20f5e2,Drafter C,"11,10,6,3",,TRUE,85cf9842-6abe-4e64-8ed4-e6a4f40ecb03,
e9b089af-d439-4c5d-9438-79b3f35bd93d,Drafter A,"7,6,4,2",,,bece77fe-c51d-4fd4-8180-8338d61ccecd,
e9b089af-d439-4c5d-9438-79b3f35bd93d,Drafter B,"5,3,1",,,bdb90320-26b5-4f89-b830-a4ed0eb4d130,
f8dc0c0f-170f-4c66-93db-67ea534b9a29,Drafter A,"7,6,4,2",,,17a61cb8-6c29-4ffd-9875-9f391c915884,
f8dc0c0f-170f-4c66-93db-67ea534b9a29,Drafter B,"5,3,1",,,f0d9e370-4a3f-4382-9376-fa326b36fe43,
a980b77d-670d-400d-b53d-9dca84bc6134,Drafter A,"9,5,1",TRUE,,571dd2a8-1c43-43c3-a3e5-34a387125dcb,
a980b77d-670d-400d-b53d-9dca84bc6134,Drafter B,"10,6,2",,,cab1d045-e789-4be8-a974-981204dee5c3,
a980b77d-670d-400d-b53d-9dca84bc6134,Drafter C,"11,7,3",,TRUE,78a7164a-c3e6-4fee-afa8-9f00ef584c8f,
a980b77d-670d-400d-b53d-9dca84bc6134,Drafter D,"13,12,8,4",,,994f2851-7d5e-4fc4-b484-33bc0ed8c97d,
f37e690d-f0b7-4b4d-bd10-8d5f61f40599,Drafter A,"14,10,6,1",TRUE,,85cf9842-6abe-4e64-8ed4-e6a4f40ecb03,
f37e690d-f0b7-4b4d-bd10-8d5f61f40599,Drafter B,"19,18,15,11,7,2",,,5931091f-4c76-42d8-84dc-96bec9e3d597,
f37e690d-f0b7-4b4d-bd10-8d5f61f40599,Drafter C,"20,16,12,8,3",,TRUE,31b385ba-eb23-48fe-be84-e4e8c21b3c3b,
f37e690d-f0b7-4b4d-bd10-8d5f61f40599,Drafter D,"17,13,9,5,4",,,f84ec475-cba0-4525-a786-ccea39b90167,
f5e4c391-30cb-461f-923c-173d5c7ccf31,Drafter A,"7,6,4,2",,,32fcb99d-ca2a-4c2b-9b53-400d07492ef7,
f5e4c391-30cb-461f-923c-173d5c7ccf31,Drafter B,"5,3,1",,,76476f3e-5719-48ef-9b7c-6411b7b1a44c,
fba45494-c321-4d3b-91e7-f76168b1a97e,Drafter A,"7,6,4,2",,,e8d156f8-d1aa-4e76-b590-c684a49972f3,
fba45494-c321-4d3b-91e7-f76168b1a97e,Drafter B,"5,3,1",,,661bdf83-f1df-4d98-a2ed-f5aa9123fe76,
e0673da0-bc5c-455c-821c-604cfa5c3b67,Drafter A,"7,6,4,2",,,9958b24c-e9f1-45e1-95a3-21c24e45030b,
e0673da0-bc5c-455c-821c-604cfa5c3b67,Drafter B,"5,3,1",,,bd7bc3b0-7232-469d-80df-2f16b6238fbb,
e1fc7cda-ba19-442c-9645-69840172e1f8,Drafter A,"8,7,5,3,1",,,d95786b2-a811-48dc-bd18-b00b4d8738e8,
e1fc7cda-ba19-442c-9645-69840172e1f8,Drafter B,"6,4,2",,,c1d4eec2-0cdf-4336-870c-12a4f0948fca,
e5d28a19-eafd-4a8d-b81d-a404a84fbbd4,Drafter A,"10,7,4,1",TRUE,,ee55074b-ab4a-4e31-bac3-5d8ecdc1b764,
e5d28a19-eafd-4a8d-b81d-a404a84fbbd4,Drafter B,"9,6,3",,,8dcf801d-6780-4201-9c83-9dc2eb278572,
e5d28a19-eafd-4a8d-b81d-a404a84fbbd4,Drafter C,"8,5,2",,TRUE,b761306e-772c-47e9-a9a1-9e5c3bb3cf0f,
c3dc5452-c260-4790-8801-4d57a4097108,Drafter A,"7,6,4,2",,,8672555e-cb4f-4349-927c-73dabda2c515,
c3dc5452-c260-4790-8801-4d57a4097108,Drafter B,"5,3,1",,,b1f9fd01-2a3e-400f-b17e-546dd18aba4a,
ea3f881f-22d6-4d20-a952-17ae6ae21a3d,Drafter A,"7,6,4,2",,,126436e6-ff5a-4260-a4a9-1a78d12ef95e,
ea3f881f-22d6-4d20-a952-17ae6ae21a3d,Drafter B,"5,3,1",,,8a037532-2998-486d-8ab2-1135d3f19e4d,
fc8827af-d66e-4999-b29c-715e2a7dd43c,Drafter A,"7,6,4,2",,,112f7fbb-4e1f-4e30-8ffd-4c2e5f9ff468,
fc8827af-d66e-4999-b29c-715e2a7dd43c,Drafter B,"5,3,1",,,3beaa6c9-e2b0-45c3-9239-71c5f7893732,
be1d716c-1963-4707-9eb7-2c16655f8dde,Drafter A,"7,6,4,2",,,cb959f7e-4404-4b42-941b-dcebd35e42df,
be1d716c-1963-4707-9eb7-2c16655f8dde,Drafter B,"5,3,1",,,e180f87c-7fd4-4788-85c0-6057311e56cf,
cd23b278-0b93-4898-b0d0-80c67e40d784,Drafter A,"7,6,4,2",,,28c02cfb-2949-4f42-b6a3-0a22674837f0,
cd23b278-0b93-4898-b0d0-80c67e40d784,Drafter B,"5,3,1",,,dde00453-0852-41eb-b978-80a39ef83ad0,
8c63411e-a74e-495a-9420-b3385fef1424,Drafter A,"7,6,4,2",,,6dbaaa42-3673-42a5-a368-94a5cb9e30f3,
8c63411e-a74e-495a-9420-b3385fef1424,Drafter B,"5,3,1",,,56f27ee2-7254-40fc-b00a-93717ca3d3fa,
7ce19369-172d-4749-82b9-9b64344ef260,Drafter A,"10,7,4,1",TRUE,,1a90a927-6e9b-41c7-b6bf-e411d057a3ee,
7ce19369-172d-4749-82b9-9b64344ef260,Drafter B,"8,5,2",,,d161375a-334b-4d13-b311-f66604f0fdf4,
7ce19369-172d-4749-82b9-9b64344ef260,Drafter C,"9,6,3",,TRUE,dde00453-0852-41eb-b978-80a39ef83ad0,
f340509a-0019-4adb-b9cf-de1049648d80,Drafter A,"7,6,4,2",,,2dd0fe35-c4c6-4c15-a9f8-272ba3ad34c2,
f340509a-0019-4adb-b9cf-de1049648d80,Drafter B,"5,3,1",,,ce6fd3b5-37ce-4fa2-a030-ba65aab012d3,
870efb7f-c008-4545-9ffc-b5cd4ff9bdf4,Drafter A,"7,6,4,2",,,5931091f-4c76-42d8-84dc-96bec9e3d597,
870efb7f-c008-4545-9ffc-b5cd4ff9bdf4,Drafter B,"5,3,1",,,85cf9842-6abe-4e64-8ed4-e6a4f40ecb03,
41893c47-9b76-4d16-ba3b-9c2d60969ed6,Drafter A,"7,5,3,1",TRUE,,1472e9cc-4f46-44c8-b3b9-964944522c78,
41893c47-9b76-4d16-ba3b-9c2d60969ed6,Drafter B,"9,8,6,4,2",,,78a7164a-c3e6-4fee-afa8-9f00ef584c8f,
b829315c-e5bd-4a6f-8b42-a620b53761ad,Drafter A,"7,4,1",TRUE,,433692bd-f082-4fbb-a4cf-bd4a5b2b5aa9,
b829315c-e5bd-4a6f-8b42-a620b53761ad,Drafter B,"9,8,5,2",,,28c02cfb-2949-4f42-b6a3-0a22674837f0,
b829315c-e5bd-4a6f-8b42-a620b53761ad,Drafter C,"11,10,6,3",,TRUE,e033d8ec-2723-4973-bbfb-4eadabfe9192,
e1420d8d-80a9-447f-901f-d101120d159b,Drafter A,"7,6,4,2",,,07b722b6-a508-4fbe-b524-c12fff9b39e1,
e1420d8d-80a9-447f-901f-d101120d159b,Drafter B,"5,3,1",,,dc80cd3c-c597-4684-91b3-94c915ac329d,
883a5301-08a5-440d-8784-cb3e1751cb23,Drafter A,"10,7,4,1",TRUE,,669cebfa-73d4-494d-b3fb-8e8634548991,
883a5301-08a5-440d-8784-cb3e1751cb23,Drafter B,"11,8,5,2",,,c8f2614b-396b-4403-baf3-988ef537ba7f,
883a5301-08a5-440d-8784-cb3e1751cb23,Drafter C,"13,12,9,6,3",,TRUE,0d0adff2-005c-4eac-91f0-33e127d743b0,
4af7668b-66d3-4daf-8ff1-4eb2d477f0b3,Drafter A,"7,6,4,2",,,5d2de9ea-f249-4e81-9f93-0290d2d96bc1,
4af7668b-66d3-4daf-8ff1-4eb2d477f0b3,Drafter B,"5,3,1",,,f3f0f0b7-55cc-4c5d-9d32-4ea63675411b,
d3c47fd5-6572-410e-9e92-2a6079cbbef9,Drafter A,"7,6,4,2",,,536b4e0e-63c5-4ffb-b9db-27e2b7892cfc,
d3c47fd5-6572-410e-9e92-2a6079cbbef9,Drafter B,"5,3,1",,,3adb4905-0225-4d82-89c9-6a6bf30d0226,
3a0bc984-bb3c-4c07-8b4c-8eeaa35080d3,Drafter A,"7,6,4,2",,,9174e501-df94-4d95-b12f-bc51ad7a145f,
3a0bc984-bb3c-4c07-8b4c-8eeaa35080d3,Drafter B,"5,3,1",,,77d02192-8af5-4ae5-9e22-d94aff9a22c9,
4b08c0c9-6f91-4abb-9bdc-e7b811794fe0,Drafter A,"10,7,4,1",TRUE,,5931091f-4c76-42d8-84dc-96bec9e3d597,
4b08c0c9-6f91-4abb-9bdc-e7b811794fe0,Drafter B,"11,8,5,2",,,85cf9842-6abe-4e64-8ed4-e6a4f40ecb03,
4b08c0c9-6f91-4abb-9bdc-e7b811794fe0,Drafter C,"13,12,9,6,3",,TRUE,997d2284-f252-4fbd-89d4-78a08c3466bc,
47dfdd2c-6260-4386-ba8c-f98719286575,Drafter A,"10,7,4,1",TRUE,,f1c4cacc-db52-4954-afa8-f0e14e61b8db,
47dfdd2c-6260-4386-ba8c-f98719286575,Drafter B,"11,8,5,2",,,ee8ccaac-c083-47ad-8607-3ac21d624f02,
47dfdd2c-6260-4386-ba8c-f98719286575,Drafter C,"13,12,9,5,4",,TRUE,fb77d023-16e0-4825-b139-0976a7611d26,
16ec87ee-ee9d-4e75-b7eb-b5a8aa86b0e9,Drafter A,"7,6,4,2",,,433692bd-f082-4fbb-a4cf-bd4a5b2b5aa9,
16ec87ee-ee9d-4e75-b7eb-b5a8aa86b0e9,Drafter B,"5,3,1",,,6654e0a9-0e66-4327-8074-281ddb2a1cff,
488c30a6-81a4-4171-be69-89dab0f63826,Drafter A,"19,16,13,10,7,4,1",TRUE,,079a31ff-980f-4958-ae11-8ecf5e6e5813,
488c30a6-81a4-4171-be69-89dab0f63826,Drafter B,"20,17,14,11,8,5,2",,,5931091f-4c76-42d8-84dc-96bec9e3d597,
488c30a6-81a4-4171-be69-89dab0f63826,Drafter C,"22,21,18,15,12,9,6,3",,TRUE,f84ec475-cba0-4525-a786-ccea39b90167,
cfddee5d-b7b4-4297-b362-a3038e34f520,Drafter A,"7,6,4,2",,,0d0adff2-005c-4eac-91f0-33e127d743b0,
cfddee5d-b7b4-4297-b362-a3038e34f520,Drafter B,"5,3,1",,,731f7d23-eeae-4fd0-bb62-ac36e311e411,
4eddc9b5-4d19-4f47-9582-b9ee2079f281,Drafter A,"9,5,1",TRUE,,b14387ef-2041-4846-bc61-ae73b64ecc48,
4eddc9b5-4d19-4f47-9582-b9ee2079f281,Drafter B,"10,6,2",,,e44fcbb4-4446-4edb-b4ba-d4031f18a361,
4eddc9b5-4d19-4f47-9582-b9ee2079f281,Drafter C,"11,7,3",,TRUE,c77d9c8e-2c45-4141-9764-bc303bea0206,
4eddc9b5-4d19-4f47-9582-b9ee2079f281,Drafter D,"13,12,8,4",,,7c580ed3-30b0-49a5-b13c-00f9bcba7498,
056119f9-e38a-4b13-8f63-a08153396632,Drafter A,"7,6,4,2",,,78a7164a-c3e6-4fee-afa8-9f00ef584c8f,
056119f9-e38a-4b13-8f63-a08153396632,Drafter B,"5,3,1",,,31b385ba-eb23-48fe-be84-e4e8c21b3c3b,
dee48527-6e31-4c23-8a7e-f47b7ff6fb3b,Drafter A,"7,6,4,2",,,,645eea9b-6207-4e73-b2c0-333e1002f3b1
dee48527-6e31-4c23-8a7e-f47b7ff6fb3b,Drafter B,"5,3,1",,,,4f0a9b83-b204-48d4-a2bd-8af590c50d0f
aa718683-5027-4b53-807f-974865a3e7e5,Drafter A,"7,6,4,2",,,5931091f-4c76-42d8-84dc-96bec9e3d597,
aa718683-5027-4b53-807f-974865a3e7e5,Drafter B,"5,3,1",,,58207226-03a8-4883-bf00-338eb5124042,
07df4d48-e3bc-4286-9fcc-989d4d14a2a9,Drafter A,"7,6,4,2",,,cb959f7e-4404-4b42-941b-dcebd35e42df,
07df4d48-e3bc-4286-9fcc-989d4d14a2a9,Drafter B,"5,3,1",,,e180f87c-7fd4-4788-85c0-6057311e56cf,
dc9eb703-595d-4c37-aed7-7cf622c1bd3c,Drafter A,"7,6,4,2",,,f92ee9da-0a03-49ea-acaa-07320e7210dd,
dc9eb703-595d-4c37-aed7-7cf622c1bd3c,Drafter B,"5,3,1",,,ab685ae8-6d71-4619-9de7-68a6d03ed2ec,
7ea02fbb-4fec-4a44-94be-202d34e8133a,Drafter A,"10,7,4,1",TRUE,,8672555e-cb4f-4349-927c-73dabda2c515,
7ea02fbb-4fec-4a44-94be-202d34e8133a,Drafter B,"11,8,5,2",,,7a2992b9-756a-47b7-8274-6dfd8a9869a3,
7ea02fbb-4fec-4a44-94be-202d34e8133a,Drafter C,"13,12,9,6,3",,TRUE,0d0adff2-005c-4eac-91f0-33e127d743b0,
cc7289a8-5b62-46ad-a037-31f56cb85b78,Drafter A,"27,24,21",TRUE,,85cf9842-6abe-4e64-8ed4-e6a4f40ecb03,
cc7289a8-5b62-46ad-a037-31f56cb85b78,Drafter B,"28,25,22",,,126436e6-ff5a-4260-a4a9-1a78d12ef95e,
cc7289a8-5b62-46ad-a037-31f56cb85b78,Drafter C,"30,29,26,23",,TRUE,8a037532-2998-486d-8ab2-1135d3f19e4d,
cc7289a8-5b62-46ad-a037-31f56cb85b78,Drafter D,"17,14,11",TRUE,,dde00453-0852-41eb-b978-80a39ef83ad0,
cc7289a8-5b62-46ad-a037-31f56cb85b78,Drafter E,"18,15,12",,,4078e42b-928e-4423-947e-1d181db517e6,
cc7289a8-5b62-46ad-a037-31f56cb85b78,Drafter F,"20,19,16,13",,TRUE,07b722b6-a508-4fbe-b524-c12fff9b39e1,
cc7289a8-5b62-46ad-a037-31f56cb85b78,Drafter G,"10,7,4,1",TRUE,,669cebfa-73d4-494d-b3fb-8e8634548991,
cc7289a8-5b62-46ad-a037-31f56cb85b78,Drafter H,"8,5,2",,,77a295ea-4338-42bb-a80a-e0159de4c4ad,
cc7289a8-5b62-46ad-a037-31f56cb85b78,Drafter I,"9,6,3",,TRUE,c8f2614b-396b-4403-baf3-988ef537ba7f,
0c1bb114-cb03-4ca1-896c-15e8bef577b9,Drafter A,"18,15,12,11,8,5,1",TRUE,,c1d4eec2-0cdf-4336-870c-12a4f0948fca,
0c1bb114-cb03-4ca1-896c-15e8bef577b9,Drafter B,"19,16,13,9,6,2",,TRUE,5b0c2434-932f-497b-8e37-861b4cd5e81a,
0c1bb114-cb03-4ca1-896c-15e8bef577b9,Drafter C,"21,20,17,14,10,7,3",,TRUE,f84ec475-cba0-4525-a786-ccea39b90167,
9dc83800-ec99-4d8c-acad-d4052bcdf53c,Drafter A,"7,6,4,2",,,112f7fbb-4e1f-4e30-8ffd-4c2e5f9ff468,
9dc83800-ec99-4d8c-acad-d4052bcdf53c,Drafter B,"5,3,1",,,43c3e3c0-f187-4539-9358-181c54d0bae5,
cf679b7e-48a9-4fe7-b0eb-e1f1300e0f6b,Drafter A,"9,7,5,3,1",TRUE,,904bef4b-1c24-4e48-a139-8bac7b18d9ae,
cf679b7e-48a9-4fe7-b0eb-e1f1300e0f6b,Drafter B,"8,6,4,2",,,3d5bf71d-738e-4536-9a45-cdaea806dd7a,
2c6a0d1c-64cf-4198-a249-29a687da8385,Drafter A,"5,3,1",,,c1d4eec2-0cdf-4336-870c-12a4f0948fca,
2c6a0d1c-64cf-4198-a249-29a687da8385,Drafter B,"4,2",,,f84ec475-cba0-4525-a786-ccea39b90167,
ac675b5f-9fa0-4b9a-a593-9450064c3b8c,Drafter A,"9,5,1",TRUE,,25ce3648-2aa4-4992-a379-003d561b81d4,
ac675b5f-9fa0-4b9a-a593-9450064c3b8c,Drafter B,"10,6,2",,,c1d4eec2-0cdf-4336-870c-12a4f0948fca,
ac675b5f-9fa0-4b9a-a593-9450064c3b8c,Drafter C,"11,7,3",,TRUE,b6ee4302-a4c3-41eb-a738-712398cfe71d,
ac675b5f-9fa0-4b9a-a593-9450064c3b8c,Drafter D,"13,12,8,4",,,56f27ee2-7254-40fc-b00a-93717ca3d3fa,
37036c39-c04e-4429-b121-dd15e997fef1,Drafter A,"8,7,5,3,1",TRUE,,28620fb5-e293-4479-9210-c32fe45bd450,
37036c39-c04e-4429-b121-dd15e997fef1,Drafter B,"6,4,2",,,c8f2614b-396b-4403-baf3-988ef537ba7f,
27737541-eda0-470b-919c-a7239803aa1a,Drafter A,"19,16,13",TRUE,,c1d4eec2-0cdf-4336-870c-12a4f0948fca,
27737541-eda0-470b-919c-a7239803aa1a,Drafter B,"23,22,18,15",,,f1c4cacc-db52-4954-afa8-f0e14e61b8db,
27737541-eda0-470b-919c-a7239803aa1a,Drafter C,"21,20,17,14",,TRUE,f0d9e370-4a3f-4382-9376-fa326b36fe43,
27737541-eda0-470b-919c-a7239803aa1a,Drafter D,"12,7,4,1",TRUE,,48936fdb-8ffb-4838-912d-1056e380c836,
27737541-eda0-470b-919c-a7239803aa1a,Drafter E,"9,8,5,2",,,997d2284-f252-4fbd-89d4-78a08c3466bc,
27737541-eda0-470b-919c-a7239803aa1a,Drafter F,"11,10,6,3",,TRUE,0d0adff2-005c-4eac-91f0-33e127d743b0,
27737541-eda0-470b-919c-a7239803aa1a,Drafter G,24,,,ab8a4f3c-0663-4c07-b516-9761724d9d83,
28714caf-d0ac-4ebc-8905-57fa7f80cfed,Drafter A,"7,6,4,2",,,5931091f-4c76-42d8-84dc-96bec9e3d597,
28714caf-d0ac-4ebc-8905-57fa7f80cfed,Drafter B,"5,3,1",,,c1d4eec2-0cdf-4336-870c-12a4f0948fca,
519bbd21-d07b-413a-b833-5aa0e2b3ead2,Drafter A,"7,6,4,2",,,32fcb99d-ca2a-4c2b-9b53-400d07492ef7,
519bbd21-d07b-413a-b833-5aa0e2b3ead2,Drafter B,"5,3,1",,,17a61cb8-6c29-4ffd-9875-9f391c915884,
757be5f9-8ff3-4d50-9ac4-3e559278f8d5,Drafter A,"5,3,1",,,c1d4eec2-0cdf-4336-870c-12a4f0948fca,
757be5f9-8ff3-4d50-9ac4-3e559278f8d5,Drafter B,"4,2",,,f84ec475-cba0-4525-a786-ccea39b90167,
7a20eea3-d5b2-4531-9b73-07dc0328306a,Drafter A,"5,3,1",,,f84ec475-cba0-4525-a786-ccea39b90167,
7a20eea3-d5b2-4531-9b73-07dc0328306a,Drafter B,"4,2",,,c1d4eec2-0cdf-4336-870c-12a4f0948fca,
b168cae9-ab0f-486c-90c9-b22e2e9c188b,Drafter A,"5,3,1",,,f84ec475-cba0-4525-a786-ccea39b90167,
b168cae9-ab0f-486c-90c9-b22e2e9c188b,Drafter B,"4,2",,,c1d4eec2-0cdf-4336-870c-12a4f0948fca,
fb62a7da-953f-4500-96f1-ff98cd4bde52,Drafter A,"5,3,1",,,c1d4eec2-0cdf-4336-870c-12a4f0948fca,
fb62a7da-953f-4500-96f1-ff98cd4bde52,Drafter B,"4,2",,,f84ec475-cba0-4525-a786-ccea39b90167,
c67bf8d9-34ef-4677-ac36-3f33af3c4d40,Drafter A,"5,3,1",,,c1d4eec2-0cdf-4336-870c-12a4f0948fca,
c67bf8d9-34ef-4677-ac36-3f33af3c4d40,Drafter B,"4,2",,,f84ec475-cba0-4525-a786-ccea39b90167,
7fa6d2ac-57f4-43e2-a3a9-5ddbd0dd7882,Drafter A,"5,3,1",,,c1d4eec2-0cdf-4336-870c-12a4f0948fca,
7fa6d2ac-57f4-43e2-a3a9-5ddbd0dd7882,Drafter B,"4,2",,,f84ec475-cba0-4525-a786-ccea39b90167,
f44d3886-e2b6-49ca-8551-2d3eaab1f526,Drafter A,"5,3,1",,,f84ec475-cba0-4525-a786-ccea39b90167,
f44d3886-e2b6-49ca-8551-2d3eaab1f526,Drafter B,"4,2",,,c1d4eec2-0cdf-4336-870c-12a4f0948fca,
3784646c-3cd1-4b4f-bf4c-73ce38771b88,Drafter A,"5,3,1",,,f84ec475-cba0-4525-a786-ccea39b90167,
3784646c-3cd1-4b4f-bf4c-73ce38771b88,Drafter B,"4,2",,,c1d4eec2-0cdf-4336-870c-12a4f0948fca,
dea3fbcd-4e11-403f-8835-5abc7ec188db,Drafter A,"5,3,1",,,f84ec475-cba0-4525-a786-ccea39b90167,
dea3fbcd-4e11-403f-8835-5abc7ec188db,Drafter B,"4,2",,,c1d4eec2-0cdf-4336-870c-12a4f0948fca,
d49c5c4c-e241-40df-b0b1-ec790912fdaf,Drafter A,"5,3,1",,,c1d4eec2-0cdf-4336-870c-12a4f0948fca,
d49c5c4c-e241-40df-b0b1-ec790912fdaf,Drafter B,"4,2",,,f84ec475-cba0-4525-a786-ccea39b90167,
a3f55519-c1bd-4854-bc8e-71cf705ffd16,Drafter A,"5,3,1",,,c1d4eec2-0cdf-4336-870c-12a4f0948fca,
a3f55519-c1bd-4854-bc8e-71cf705ffd16,Drafter B,"4,2",,,f84ec475-cba0-4525-a786-ccea39b90167,
789c7e7d-ccf2-42be-9113-df35a16e6a52,Drafter A,"5,3,1",,,c1d4eec2-0cdf-4336-870c-12a4f0948fca,
789c7e7d-ccf2-42be-9113-df35a16e6a52,Drafter B,"4,2",,,f84ec475-cba0-4525-a786-ccea39b90167,
eda8ee9f-5819-464c-bd22-671f64617764,Drafter A,"5,3,1",,,c1d4eec2-0cdf-4336-870c-12a4f0948fca,
eda8ee9f-5819-464c-bd22-671f64617764,Drafter B,"4,2",,,f84ec475-cba0-4525-a786-ccea39b90167,
462032f7-11d3-4e7b-81cb-b3cdf4f1e603,Drafter A,"5,3,1",,,c1d4eec2-0cdf-4336-870c-12a4f0948fca,
462032f7-11d3-4e7b-81cb-b3cdf4f1e603,Drafter B,"4,2",,,f84ec475-cba0-4525-a786-ccea39b90167,
1d46dbb2-83db-4860-b5c5-8cf1a6868c33,Drafter A,"5,3,1",,,c1d4eec2-0cdf-4336-870c-12a4f0948fca,
1d46dbb2-83db-4860-b5c5-8cf1a6868c33,Drafter B,"4,2",,,f84ec475-cba0-4525-a786-ccea39b90167,
f1d09677-f34d-4d04-9aeb-dc7237e22900,Drafter A,"5,3,1",,,c1d4eec2-0cdf-4336-870c-12a4f0948fca,
f1d09677-f34d-4d04-9aeb-dc7237e22900,Drafter B,"4,2",,,f84ec475-cba0-4525-a786-ccea39b90167,
fc032427-08f7-41b0-85a2-97ac0e1e92ec,Drafter A,"5,3,1",,,f84ec475-cba0-4525-a786-ccea39b90167,
fc032427-08f7-41b0-85a2-97ac0e1e92ec,Drafter B,"4,2",,,c1d4eec2-0cdf-4336-870c-12a4f0948fca,
de66b805-93ae-42ca-9d0c-76dd2916d149,Drafter A,"5,3,1",,,f84ec475-cba0-4525-a786-ccea39b90167,
de66b805-93ae-42ca-9d0c-76dd2916d149,Drafter B,"4,2",,,c1d4eec2-0cdf-4336-870c-12a4f0948fca,
637cbca0-1ad3-4e57-8530-56ba654d92f2,Drafter A,"5,3,1",,,f84ec475-cba0-4525-a786-ccea39b90167,
637cbca0-1ad3-4e57-8530-56ba654d92f2,Drafter B,"4,2",,,c1d4eec2-0cdf-4336-870c-12a4f0948fca,
e2561c39-78fe-44ca-89a2-4a8c01549eca,Drafter A,"5,3,1",,,f84ec475-cba0-4525-a786-ccea39b90167,
e2561c39-78fe-44ca-89a2-4a8c01549eca,Drafter B,"4,2",,,c1d4eec2-0cdf-4336-870c-12a4f0948fca,
c80f8190-950a-4f02-b991-aa4b69a8e616,Drafter A,"5,3,1",,,c1d4eec2-0cdf-4336-870c-12a4f0948fca,
c80f8190-950a-4f02-b991-aa4b69a8e616,Drafter B,"4,2",,,f84ec475-cba0-4525-a786-ccea39b90167,
4b119a75-55c7-4f72-a28d-0c86bae1c4f8,Drafter A,"20,14,8,2",,TRUE,dde00453-0852-41eb-b978-80a39ef83ad0,
4b119a75-55c7-4f72-a28d-0c86bae1c4f8,Drafter B,"21,15,9,3",,TRUE,c1d4eec2-0cdf-4336-870c-12a4f0948fca,
4b119a75-55c7-4f72-a28d-0c86bae1c4f8,Drafter C,"22,16,10,4",,TRUE,5931091f-4c76-42d8-84dc-96bec9e3d597,
4b119a75-55c7-4f72-a28d-0c86bae1c4f8,Drafter D,"23,17,11,5",TRUE,TRUE,76476f3e-5719-48ef-9b7c-6411b7b1a44c,
4b119a75-55c7-4f72-a28d-0c86bae1c4f8,Drafter E,"24,18,12,6",,TRUE,f84ec475-cba0-4525-a786-ccea39b90167,
4b119a75-55c7-4f72-a28d-0c86bae1c4f8,Drafter F,"25,19,13,7,1",,TRUE,0d0adff2-005c-4eac-91f0-33e127d743b0,
b3518528-e980-41d3-8466-fcbda396c2b1,Drafter A,"20,14,8,2",,TRUE,dde00453-0852-41eb-b978-80a39ef83ad0,
b3518528-e980-41d3-8466-fcbda396c2b1,Drafter B,"21,15,9,3",,TRUE,c1d4eec2-0cdf-4336-870c-12a4f0948fca,
b3518528-e980-41d3-8466-fcbda396c2b1,Drafter C,"22,16,10,4",,TRUE,76476f3e-5719-48ef-9b7c-6411b7b1a44c,
b3518528-e980-41d3-8466-fcbda396c2b1,Drafter D,"23,17,11,5",,TRUE,f84ec475-cba0-4525-a786-ccea39b90167,
b3518528-e980-41d3-8466-fcbda396c2b1,Drafter E,"24,18,12,6",,TRUE,5931091f-4c76-42d8-84dc-96bec9e3d597,
b3518528-e980-41d3-8466-fcbda396c2b1,Drafter F,"25,19,13,7,1",,TRUE,0d0adff2-005c-4eac-91f0-33e127d743b0,
b8a65566-d801-4ad1-8794-52c98e94524e,Drafter A,"7,6,4,2",,,0d0adff2-005c-4eac-91f0-33e127d743b0,
b8a65566-d801-4ad1-8794-52c98e94524e,Drafter B,"5,3,1",,,5931091f-4c76-42d8-84dc-96bec9e3d597,
a002c1c4-ea6a-415b-baf4-9cae228348a1,Drafter A,"7,6,4,2",,,5931091f-4c76-42d8-84dc-96bec9e3d597,
a002c1c4-ea6a-415b-baf4-9cae228348a1,Drafter B,"5,3,1",,,0d0adff2-005c-4eac-91f0-33e127d743b0,
864eeb21-e743-46e8-9664-d904a8d163bf,Drafter A,"7,6,4,2",,,0d0adff2-005c-4eac-91f0-33e127d743b0,
864eeb21-e743-46e8-9664-d904a8d163bf,Drafter B,"5,3,1",,,5931091f-4c76-42d8-84dc-96bec9e3d597,
fc0841c5-7fe3-4f1e-a7c3-dc65f989cb1f,Drafter A,"7,6,4,2",,,b7ac3621-c2ce-4745-96cf-8ba2a64f4798,
fc0841c5-7fe3-4f1e-a7c3-dc65f989cb1f,Drafter B,"5,3,1",,,6b983673-ae3d-4b82-afbf-c46ec9b20ef8,
55cc1770-cdd4-456c-81cc-3c4ed57a47d0,Drafter A,"14,10,6,1",TRUE,,85cf9842-6abe-4e64-8ed4-e6a4f40ecb03,
55cc1770-cdd4-456c-81cc-3c4ed57a47d0,Drafter B,"19,18,15,11,7,2",,,5931091f-4c76-42d8-84dc-96bec9e3d597,
55cc1770-cdd4-456c-81cc-3c4ed57a47d0,Drafter C,"20,16,12,8,3",,TRUE,c1d4eec2-0cdf-4336-870c-12a4f0948fca,
55cc1770-cdd4-456c-81cc-3c4ed57a47d0,Drafter D,"17,13,9,5,4",,,7b1c5d9c-a0d1-494b-94da-abdda4d4fe3a,
a1fe8b24-a714-4d97-8b4e-249a8a0d6517,Drafter A,"7,6,4,2",,,78a7164a-c3e6-4fee-afa8-9f00ef584c8f,
a1fe8b24-a714-4d97-8b4e-249a8a0d6517,Drafter B,"5,3,1",,,f5729dc9-f67d-4f5d-9e16-6036d305a919,
858a7ec0-071f-4a64-a14f-a0df7d74c09b,Drafter A,"9,7,5,3,1",TRUE,,45b12350-b971-4ca6-a85f-85df8c3daf71,
858a7ec0-071f-4a64-a14f-a0df7d74c09b,Drafter B,"8,6,4,2",,,76476f3e-5719-48ef-9b7c-6411b7b1a44c,
3a270bb5-7230-4336-9e7e-6d203813c676,Drafter A,"7,6,4,2",,,28620fb5-e293-4479-9210-c32fe45bd450,
3a270bb5-7230-4336-9e7e-6d203813c676,Drafter B,"5,3,1",,,31b385ba-eb23-48fe-be84-e4e8c21b3c3b,
895651fe-b770-4988-b4b5-63f556dbefe0,Drafter A,"7,6,4,2",,,5931091f-4c76-42d8-84dc-96bec9e3d597,
895651fe-b770-4988-b4b5-63f556dbefe0,Drafter B,"5,3,1",TRUE,,3c07306e-ef9a-4d13-8eba-6e97ae3743a0,
b7e13872-75d5-4307-b09d-8dac31b91763,Drafter A,"7,6,4,2",,,3c07306e-ef9a-4d13-8eba-6e97ae3743a0,
b7e13872-75d5-4307-b09d-8dac31b91763,Drafter B,"5,3,1",,,d161375a-334b-4d13-b311-f66604f0fdf4,
10b5acfd-5755-4105-95dc-d4a41846e038,Drafter A,"7,6,4,2",,,5931091f-4c76-42d8-84dc-96bec9e3d597,
10b5acfd-5755-4105-95dc-d4a41846e038,Drafter B,"5,3,1",,,b4e0c1f8-5992-478f-ab8a-e8c0ad140495,
50e54d0e-c654-4a77-a574-46ed6eae786e,Drafter A,"11,7,4,1",TRUE,,58da69ee-15ed-46f1-a8e2-d89feccd768f,
50e54d0e-c654-4a77-a574-46ed6eae786e,Drafter B,"9,8,5,2",,,58207226-03a8-4883-bf00-338eb5124042,
50e54d0e-c654-4a77-a574-46ed6eae786e,Drafter C,"10,6,3",,TRUE,c1d4eec2-0cdf-4336-870c-12a4f0948fca,
b397c261-82f4-45f6-a2f3-d1ca7b71e320,Drafter A,"7,6,4,2",,,5931091f-4c76-42d8-84dc-96bec9e3d597,
b397c261-82f4-45f6-a2f3-d1ca7b71e320,Drafter B,"5,3,1",,,0d0adff2-005c-4eac-91f0-33e127d743b0,
b8dd69c3-ad9f-40df-a9c8-104442f2d4f8,Drafter A,"7,6,4,2",,,dde00453-0852-41eb-b978-80a39ef83ad0,
b8dd69c3-ad9f-40df-a9c8-104442f2d4f8,Drafter B,"5,3,1",,,07b722b6-a508-4fbe-b524-c12fff9b39e1,
2110e21a-a460-476c-941c-6b7c1d9e05cb,Drafter A,"5,3,1",,,f84ec475-cba0-4525-a786-ccea39b90167,
2110e21a-a460-476c-941c-6b7c1d9e05cb,Drafter B,"4,2",,,c1d4eec2-0cdf-4336-870c-12a4f0948fca,
423bb1b3-a5ce-45f9-9dac-0ae4893063b5,Drafter A,"7,6,4,2",,,997d2284-f252-4fbd-89d4-78a08c3466bc,
423bb1b3-a5ce-45f9-9dac-0ae4893063b5,Drafter B,"5,3,1",,,3c07306e-ef9a-4d13-8eba-6e97ae3743a0,
259b3b8b-5c49-4b17-b5b7-a1c56ed3a2b3,Drafter A,"7,6,4,2",,,3c07306e-ef9a-4d13-8eba-6e97ae3743a0,
259b3b8b-5c49-4b17-b5b7-a1c56ed3a2b3,Drafter B,"5,3,1",,,85cf9842-6abe-4e64-8ed4-e6a4f40ecb03,
b42ec08b-ca73-4509-ae98-7107d30ddf7a,Drafter A,"7,4,1",TRUE,,76476f3e-5719-48ef-9b7c-6411b7b1a44c,
b42ec08b-ca73-4509-ae98-7107d30ddf7a,Drafter B,"8,5,2",,,ba51c634-5ce3-43f7-b9df-e9a5e8b468bb,
b42ec08b-ca73-4509-ae98-7107d30ddf7a,Drafter C,"9,6,3",,TRUE,7c073b57-8c6f-4357-9772-63a05b936053,
06c876d1-b745-4da7-af0c-9d1a0b5b5bab,Drafter A,"9,4,1",TRUE,,443af912-1e5d-44a5-8f26-fd66a42f3651,
06c876d1-b745-4da7-af0c-9d1a0b5b5bab,Drafter B,"10,6,2",,,17a61cb8-6c29-4ffd-9875-9f391c915884,
06c876d1-b745-4da7-af0c-9d1a0b5b5bab,Drafter C,"11,7,3",,TRUE,32fcb99d-ca2a-4c2b-9b53-400d07492ef7,
06c876d1-b745-4da7-af0c-9d1a0b5b5bab,Drafter D,"13,12,8,4",TRUE,,5931091f-4c76-42d8-84dc-96bec9e3d597,
1d7885c9-7817-4eed-9697-c10a1d81ec56,Drafter A,"7,6,4,2",,,7a2992b9-756a-47b7-8274-6dfd8a9869a3,
1d7885c9-7817-4eed-9697-c10a1d81ec56,Drafter B,"5,3,1",,,bf4a95ad-0cc5-4f36-a53a-1495b26ee2f5,
7edfae24-a4b9-4d2f-8a31-ea39d5d1a114,Drafter A,"7,6,4,2",,,a59ba641-c783-4f2e-a765-01ab2e2b3d56,
7edfae24-a4b9-4d2f-8a31-ea39d5d1a114,Drafter B,"5,3,1",,,8addba12-be57-4ef3-b288-0a4fba948cd7,
8c889e41-578b-4726-be21-8d9d68007c96,Drafter A,"5,3,1",,,f84ec475-cba0-4525-a786-ccea39b90167,
8c889e41-578b-4726-be21-8d9d68007c96,Drafter B,"4,2",,,c1d4eec2-0cdf-4336-870c-12a4f0948fca,
b004312d-06a0-4b18-ac40-e95af6e7f43e,Drafter A,"7,5,3,1",,,f84ec475-cba0-4525-a786-ccea39b90167,
b004312d-06a0-4b18-ac40-e95af6e7f43e,Drafter B,"6,4,2",,,0d0adff2-005c-4eac-91f0-33e127d743b0,
89282881-489e-4ab9-90f1-10a17b12f03c,Drafter A,"7,6,4,2",,,c1d4eec2-0cdf-4336-870c-12a4f0948fca,
89282881-489e-4ab9-90f1-10a17b12f03c,Drafter B,"5,3,1",TRUE,,5931091f-4c76-42d8-84dc-96bec9e3d597,
