Id,DraftId,PartIndex,TotalPicks
b0ca4482-8fc9-4122-9315-5e00afbe09c7,32386f43-e767-4268-830d-cdd11b1ffae5,1,7
cb658293-b73c-402b-92f4-e5e78de68771,85efd689-b8d0-48d7-a7c9-39f1814d38ee,1,7
98ea8fa9-a31a-4bdc-a64d-ec98e541c7f8,a0414bd9-b808-4b72-8f73-de2a6e0bf9dd,1,13
9143a5b6-b496-4492-80c5-2255f05b22aa,6ce3836c-02a9-4a99-8b28-5cda096790b0,1,5
4fa419fd-dcc4-47c1-8bf4-d0928a7061ed,df598849-e608-45e2-a21f-5f64272a783c,1,7
b395f54e-b1ed-4f6f-b8e9-8a6630c75064,88a1fdc5-1551-4354-83de-cbb45eed125c,1,7
c29c74fb-b7d0-44de-8689-a09df0a3e462,a03f6f2d-f505-4051-ab29-a059bbe7564f,1,7
653a8296-afa5-45a0-bb13-471ac2182cfa,8c757241-8b40-4e21-8335-e66507ab3849,1,7
5f59f4e4-9563-47b5-b029-a6b2cf8c19a2,93582b7e-da97-46a3-a1fb-773845af3a96,1,5
79ff8d65-9002-4e74-993d-0d64499047c3,e62241ad-e76b-47ee-855c-041a5e753a11,1,5
f6485c12-a449-4353-8b02-36d466ca30de,28bc7cc2-5e42-43ab-b1c6-288e686f7cd1,1,5
ff8438db-41a9-40df-a45c-4639ae61bbc9,f1a9f3e1-1ecb-4bec-b389-b3b5e59b05a9,1,5
616d2ddc-95f2-4177-9659-5366ef8132b9,830e5494-852d-4027-bf31-ade4d9a155b9,1,13
f802a1fb-0b99-4639-8850-083d81f6b09c,80d44691-eb10-4d66-93a0-749294f77c07,1,21
2a42d51c-1d37-455f-bfc9-6eb634850944,71cf5c14-7ffc-440d-b643-c2ecd92969b5,1,7
27e394f9-1d9b-4f56-ab8b-3519bb600db4,c25dd6a1-0ee3-4334-833c-7952bcfb78fe,1,7
14c96a01-4f8c-42a9-892b-52543bd53698,a232e557-62f2-4122-ab57-327978c936bb,1,7
74671130-59fc-4a14-bd42-8ce6ae9eb92a,f6cd9fef-24ad-41a7-911d-e1f6067d56b7,1,7
3ff4cdd3-72f5-4e08-9032-d83f6060debc,7dac10ab-502e-4c25-8962-dd3bf22b3f41,1,7
7df14ab8-0698-4b7c-b032-9ccd8fe4b2ac,f87ee4f2-ccf1-4969-9eac-7dc9be5dce62,1,13
1ac0ebde-be91-4519-b5b1-e9b3a8fac082,ed884257-7f7d-432a-a905-6ad222242247,1,5
cc45603e-b86a-4b9d-b6b7-dec2ea9c8647,3588e7c1-42ed-4cee-b83e-9cf014309b10,1,7
1bef7dc3-bf51-411b-a378-8f7d1511f482,d8e6f551-acf7-4fc5-897a-260b010a45a9,1,13
639c5ae8-82ee-4d4d-b3e0-83b1d60babc9,0474d3c0-268d-47fc-9a29-44314c3e6480,1,7
d4b9bcdf-702a-48ea-b542-ed389c27daea,80393bb3-d348-4476-b5db-decad580de5f,1,7
1cb4f828-ab2d-41b1-9e0d-988d7515b1ea,e4b1f984-84e5-41ca-bea9-16d93fb97fdc,1,11
f55a27fe-2ea8-4bc1-ab39-d96ef9fe7bfa,7216c2d5-e176-4382-b048-10ac7ad25e1f,1,7
c82bfffd-92c2-4e4c-8c04-996b59926169,49a051d0-1af5-4601-96c9-73a6309781ad,1,7
d25e6628-035a-4a83-8b30-285920eda6e0,697fbe03-80e3-4abb-a833-6ae90ec62ec2,1,7
bdfa3e97-e789-4b69-9dc0-9e85900e9d3a,1ae73670-c26c-48e3-bcee-ed881a66cd9c,1,7
90b4c2f4-9212-422d-9ac0-2cb22c485c71,b345decb-a7e5-4d0b-ba7d-5f2c521f93a0,1,7
a03988fc-5d68-4216-bef6-eda384626b5a,bd10427f-c065-4db0-92a9-9e4282b03630,1,7
43cdcbdf-664a-4baf-9f22-47ff963e3e66,47aa102a-71e4-49c7-8d98-db0c0904dde3,1,7
c2f7e4f4-3f0d-482f-8ab1-b07c44587dbd,a7634dfd-371f-4b23-a358-a92e5bfa858f,1,16
8289c43b-0256-4437-ba1d-768500e4f60a,a11b7caf-c1ed-4353-9534-f546410b8bfc,1,20
840eca45-2c28-4288-9d4e-bcd615fb9d87,eadc2778-07d3-45db-9e19-65b52a2e3234,1,7
6aa6eab2-a807-4c9d-8655-33faf4996c6b,28ead34f-1422-4b3b-a35f-39b4d213987a,1,10
00f89674-00fc-4294-a18c-18f4e5c9ec0d,b1fddc5e-57fb-468c-a972-1bf05664b36b,1,11
4966f571-26ef-4e2f-9d9e-5448c3d885df,09df42df-0b32-4201-9725-526aee897927,1,20
0395ee90-06ac-407c-8d90-8154b9284d3d,323f3d10-46aa-4b02-b415-b2c78ffedc35,1,18
4b12af70-e561-4c0c-8b38-23747f12a337,c75efe9f-05ce-400b-a59b-9002a167204a,1,7
551bc6fe-dbed-4969-b541-6428ee96ed3e,ea28379e-8b51-4d8c-ba30-d327cac1af05,1,7
a92554ac-b8b4-40c0-ac8d-805305d01618,7f4b5b4c-066f-4199-a0ba-ab23fc434c8a,1,11
6135f826-9970-4e55-8f7a-5084b47ee83f,450121bd-52cf-4602-93fb-ec0e45189ab6,1,8
92e65ae7-02b0-421c-8eec-4514f90df6cd,db4f2e2a-90f3-4003-a7a5-b2403140cfa0,1,5
35e7a866-9a44-4a1c-9e28-ca1af1114802,249b6e36-93ac-4544-a09c-09e467efa20a,1,7
6b9e0e38-c133-4fe9-ae44-0d6b9943e8d3,53ca0528-d400-4006-b085-bb611e964d43,1,7
ba860abc-f05b-4439-9d08-759dacc26063,138c61c1-b50e-4541-b232-0f3690b9f864,1,7
427ac612-5175-4961-9e5b-21e70b3bd56e,10aa256c-6a5f-4270-b825-660d2807d30a,1,7
05cc0993-6082-444a-99d3-8c2bb4a5081c,77216d25-4a74-4b3a-82c8-516999fe711b,1,5
02cbbb53-9a9d-49ad-9645-4ccfdb8ffbb4,526ad671-8154-4ec4-b6fd-a85f178f1aa1,1,7
158f4255-9c7a-4cd4-bcbb-66547111926a,d2405792-9185-4316-b906-9c7b5cc883af,1,7
5bab73bf-e864-4814-85b0-46308d21896d,3eacfbe9-0089-48bd-90cb-a8ce1bb72f16,1,7
e82a68c8-4ad0-4fb0-932f-74aaa0c179e4,8a762c79-147d-4633-a96a-1307abf923bb,1,9
62305bde-2ad0-48ad-aab5-c97e749bbf76,55a81771-c33e-427b-bbaa-a2f7c190926d,1,5
eccbdab5-be2c-4158-9baa-02c3aef4409f,f00bc083-4048-4d3a-8853-adaf99e0d155,1,5
f488917c-b332-484a-859f-681f150579ba,a99a2240-6c8a-4ebf-8b02-78ba9d57178a,1,7
8a0308a5-8bb8-4c19-8ff6-e8667a19a459,a11830de-769b-459e-af87-808650614a87,1,5
4709f179-04e9-406a-892d-32d2049e621d,e043ebdb-0bd7-4de7-92e6-03a93485d2de,1,9
d4403bde-f213-4d94-9bf0-31690d7eebd0,e1a97f66-d36e-4190-a0bf-2ff3eb823389,1,7
53c821a9-e251-494d-b42c-8be6319f4c18,a16a1d3d-d722-4faf-b3e7-61a4105df705,1,22
5c057f43-2ede-4661-b7cd-2c3670243242,4a244445-1e66-4789-9a49-5aba6b56d596,1,7
0089052e-f6c0-4145-8af9-c0dd523e610a,2cf6a05f-855b-4275-bf04-be17158325ee,1,7
7f3179e1-1e10-46ed-8e5f-72b1b5b38d15,b32b2777-584f-4b90-9af6-e3a327631c52,1,7
7aff8fa9-99cf-46f5-8e2b-fa07e52591e0,68e35ab4-4a07-4179-883f-6fe9ce3a0f1d,1,7
c1a79bef-cddb-4064-bf19-e7f28960d8d3,30340497-be6a-4b4c-8026-6274e4e1c8ff,1,7
15154a45-5c4c-48c6-ad4f-944faaea45cc,6af38676-d011-4ba9-830d-427b4278dcbc,1,11
6262b675-1880-4f71-9a6f-928e0ba7af8b,647bbe5d-5873-436d-b0d9-20fe9455c240,1,5
1cc775c7-1e5e-4247-8c5f-16201dd81bcb,f2491ed0-eb3a-451b-8bae-83a2adea7e81,1,7
c2a5d7e8-779c-4548-92b8-45c0b99ac937,4d9b9db2-917c-4fe4-9f72-3b8dc6650874,1,11
116367e0-454d-4527-a6e0-d123155d2581,6a26d062-d3c5-4436-bee6-b64603a6940a,1,7
c5c5a688-1dbf-4fe6-ab93-565956494869,8366838a-29b4-4fa7-9b33-5e82c655a65f,1,7
8a419028-6c67-410e-99c2-79ec50527eb0,5738014a-5108-4f0b-8598-c50c37a324cd,1,7
103aec81-1d23-4e71-bd53-f7145566620a,78b3013f-6bce-404d-96c3-f23bc45d1ac9,1,9
b9db2c7b-9652-4450-a3c0-20d653660641,46c5bad0-f057-4dfe-aa9c-9ee63a594ce2,1,7
9de741de-313f-4318-8285-e86b0d3416f3,65ad8d3c-f62c-4fff-ba8c-cdc48d1f3f25,1,13
3e90d2dd-9259-4779-aae8-24b313463666,0e7390a6-cfe1-4564-b522-6494497000cc,1,7
63df0196-1261-40e2-b99b-7565730bcc3a,9e7dece2-c9d3-4756-9126-1a9beeba7d4b,1,7
e78051ba-ec5e-4d61-aee5-b6f94ae813f9,f592eefe-cca9-47be-b89a-bd28c20ec5c0,1,7
327e2cfc-d888-4f96-bace-418836277874,a53e93ad-d781-44ee-95b5-4c4768387ff3,1,5
9f0c98f3-556c-4026-8705-b9311cf3a568,a8cd488d-a7de-4b64-b26d-b0fb8d90397f,1,7
1d0b52c7-b97f-41a7-8b8f-8326c9672f6d,d3d45e54-dec3-4cc4-ba3c-6bcc9e4bbe13,1,7
99684a06-eff2-4cd8-b5ad-7a269ef863fa,974ba839-38bf-4035-a761-f250ef007a40,1,5
500643fc-ce70-4df3-a6fc-44604dd61a77,fff98f66-b2ec-495b-a49b-9d5a671e8c24,1,13
85146e42-efc7-4ba0-802c-564c69cdeb55,e7619aca-74ec-4ca7-99e0-7217583faa25,1,7
26e64d58-3f66-4b5f-81db-d02b3f4e0520,117cdc3b-394d-4860-9c66-96ef8f087005,1,7
d47b95ed-4915-44a6-a508-9f8670bc8b35,5c9b1a87-8a97-49d6-b24a-eec66c9e45fb,1,7
91d8eb97-c768-401f-bcdf-1a54da0fa688,fbdb9775-3a5c-4756-a6f0-d35c83453250,1,7
4102b26f-c3e0-472e-bc6c-d9ebdee562b3,a6a5d182-cbb7-4851-bbcd-f3b4910e7a79,1,7
090784a1-274a-429e-a46d-2dc3b9f0cc5d,e8249396-1a1a-4aa1-a062-45bf923a793b,1,12
ba7c427e-f3da-406b-a02a-0d539e8873f7,e8249396-1a1a-4aa1-a062-45bf923a793b,2,12
562625d5-aae8-4c50-9edc-9f1541a953fe,af4b7064-b86a-4104-aced-e91ba03da82a,1,5
d45ced5d-2df6-4a3b-a66a-ee82896d0a57,cdc1b36c-e73d-4e7e-a85d-16c4f05dcc2f,1,5
05977b70-19cc-4f45-8bee-48b504e0bc57,9f69bd23-a2d2-4d18-be11-72a61c35cdb9,1,5
67d41993-6ff0-4224-9ddc-a4879ee7b84f,7012cec0-8ca3-4f3d-8900-4bc3c8a24aa1,1,7
c1b2cda2-cf68-4501-8590-faa476444075,3ae28710-af89-4d61-8e1b-d5d252e166b1,1,7
876f4776-6b98-4cd6-aaf3-9334c166d7b4,144ae507-96d4-424b-a098-8bf38741e7ba,1,7
5a3f2d4f-ec39-4532-8a5e-493cef92a311,31e8bae2-02fc-44a7-9832-92420205e3eb,1,7
a1dfd5ba-352c-4095-a218-a591268e15a6,10eeea71-24ef-4542-a47d-8bf190c3e939,1,7
71667da2-b9b9-4a5a-bf83-0208694095ca,18b37052-4535-4649-8fcd-4eacf8603385,1,7
15a5ff41-c984-44ce-93e2-918b3efcb33a,c669c00a-0ad1-4ea7-8011-ec7ce1cc3ef5,1,7
00b96b3d-351a-4fea-aaf3-e13a8d52cf00,783cd350-251b-40d2-a82a-1e19530e3ac4,1,20
5be0b629-6305-4b4b-8869-aa89d3ed9e80,d28b3def-2d8a-4148-b663-6062bfdeeb23,1,7
535fd065-2192-4d96-96b9-1098931446e5,c06430fd-2ba2-4a28-91b9-7896650899a6,1,7
6e0e7341-f994-41ff-8c75-4488a7dfc829,eeef2600-15d1-416e-afcd-5d1c0e57617e,1,7
3d8515f0-7216-48a3-9c67-1ece27476bcc,e6b48aec-647b-4557-b6a0-e9f76b8fbc98,1,5
3c92db9b-291f-4297-acce-ba71f415fe2e,d51b1e43-4121-4de2-863c-cf3853187f20,1,5
6d953235-b9be-4fa9-9d32-636f6a8e5a96,451f5dd2-6d01-4a34-a05d-9c569a9a03de,1,7
6171d31a-066e-4e62-a689-a56c1c166e4d,d6a42926-2d01-4af1-a136-d2250789c800,1,7
d394e071-28f8-43c2-bbcb-d823bc20026e,ebd431a3-7bec-4ae9-90aa-c25a7acd2891,1,7
dedc70a3-0828-4574-99a0-8c711718267a,63388810-2643-41d2-9a69-1c93651bf3e4,1,20
dabcf90a-2af8-4e3a-b0f9-8a85afd26af8,42cc56ac-a9ae-41bd-9745-68a2bf9362fb,1,10
85eb8140-0432-42d8-8bf9-8531eee82ae8,42cc56ac-a9ae-41bd-9745-68a2bf9362fb,2,10
3b382330-2b1a-4afe-bb48-66c2c9b5d154,6b3cb308-838d-4e13-952f-7d422278c069,1,7
5b4044b4-a772-4b42-a1d7-4688fee4c7ba,503706f4-7184-4dce-89ef-05c2ba9eaf6b,1,20
96fce133-2775-4326-833b-4debf3cec330,b2a8ab4c-494f-42cc-8531-8c2583ac4a67,1,7
bd9aa43b-d030-43e5-a89a-f55b558ad8ea,918d5de8-bfa6-4050-a34b-36ed89a847e1,1,7
4834a672-1947-42fb-8572-ef8d7b3d124b,29139dcb-b4be-4319-b626-e03584d3537d,1,7
83958876-17c4-41a9-ad80-e7bd63a8412a,3c09fb5c-8108-4b4c-9b08-77a836814ac6,1,7
8bf056cd-e81f-48d1-830d-cccf3620cf56,f8d983c0-4d4f-4fa3-aa7b-42ab877bf01c,1,7
aa3a56a1-f6d1-4488-b514-0e64ff499c66,8386ca20-6b09-4b77-811f-893fdbd19a66,1,5
b64ca49d-5b91-4784-806d-619602b159ff,26f0c3a2-e6ec-44ac-ac56-275f0ff94f8e,1,7
df4c9f52-ff47-4ebd-90b1-118d26c13d62,d055c8f0-c2d4-48b8-a4d1-f2e188186528,1,7
08208805-fe64-4aae-bd4c-43f221bef423,35f894e9-642d-44d9-adce-8c16fa69992a,1,7
408e0811-5da5-493f-8f33-b866c728878a,b7f59742-f51f-4dd0-b08c-ac3091ad7802,1,7
6111960e-2e60-45e7-8e0a-dcb59e35ee29,38ab5f31-064f-4038-994a-40d5befd8572,1,11
38be85f5-f974-4c1b-b35b-291b92ffd182,400d5869-fc99-4f88-9dd6-fbbe4b3a67e5,1,5
0a9a3876-8e5e-44b5-b300-f4955ca22b3d,951669da-7574-45e4-b137-5d3e5c223732,1,7
b3fc21c0-dbab-43ca-b2fc-680bef10ca11,77c28491-cb2f-4f02-8731-a2dbcd344918,1,7
8d290d81-f920-41a2-9b49-4ecf8ed4e631,46271d68-2d03-4d7d-92b8-9bfd8d076e4c,1,7
85920bb5-1833-4239-b59d-b92f539af37d,878eb446-72a0-4b08-aa9d-a165ae0ec6c1,1,7
0d8adc91-672c-4346-bbcd-043daa8dfbfb,1bde2149-1f79-4e9d-b90c-150789c1a2c8,1,7
63679453-f332-4ea5-a6f2-ab5391aa42a5,9f2425ed-17fc-4746-b4a4-9073251b2f57,1,7
b9cfd0aa-8835-4f4c-938a-59ae8833d486,0754606f-4e74-4655-b3e8-ff567481e294,1,7
f5d75a39-6014-4400-bbcf-5e07160abd1f,9f6851bb-6275-4835-ab81-ca0dcb28ffd4,1,7
74a3f3c9-0ac4-48af-917c-c349e33aa676,9ed444d6-0938-43a8-97da-8d11b863f1bb,1,5
0339c306-c42c-47f0-bf1b-67a8ee451cff,a91a6e7e-d2bc-44f8-bbc3-f4dc57127910,1,7
36ba917f-10ef-4071-87f6-2cd6af9f4146,d295a410-df94-4687-b78c-bb3ed5e294a9,1,13
eddb78a3-40b6-4371-972c-2853e588a8d0,d295a410-df94-4687-b78c-bb3ed5e294a9,2,13
3454b39d-a937-4189-aca0-b2b6de65afe2,253b856d-459e-44da-afeb-a1b03ee53a43,1,7
faa9b3c9-fb4d-479c-aa96-02df9a015004,07a15e33-ffca-4224-87e8-46073efec33a,1,7
107619da-01a1-4c03-9bf4-9d8cb4e2d504,56d6fc65-4a4f-4a16-b746-b8ec56d6c837,1,7
cca75499-c4ea-44ed-bf0d-85a1e82c550e,dada16ee-59cd-4d63-bc5d-47491aef571f,1,7
66284a6b-f848-41b6-b0bb-89684a79fc1c,5c1326ed-7fa1-4cd0-b336-a8a968c69b70,1,7
e6b577ec-589a-427a-ad16-71d3d92fbbb1,caf63b0d-df86-4ce6-91cf-b71190ec6db0,1,7
f72d9730-ef2f-455a-9c4e-abacfe7ae3de,a4bd3e53-80c8-4614-b5ff-06480eeed4fa,1,7
4dbf8115-feff-42fa-be1d-06c7ae764006,33ce92e4-4a86-4c67-b75d-79f6f1380867,1,22
bc76a069-7340-4928-8f6a-e889fa2e624e,3eb452f6-037d-4cb9-b0d3-15a96d391adc,1,11
85acb70f-d519-49f2-9d48-c5a32e554280,c93ef049-aeca-4112-baf1-8ffe36152d57,1,7
b1a65cdb-4cce-4c25-8ee9-6a013dbad144,6214e864-de17-4b4b-a357-a7b461fe8658,1,7
68f1638a-235c-4834-b812-21892f315abf,3e787702-e24f-4a0d-b2b4-4ee9b284f102,1,7
6286483d-74cb-477c-8463-21668488b14a,910e76dd-4f7c-449d-8769-a815ae6041a9,1,7
cc642d84-cffe-48e7-a737-cc56048daa72,d9bd3ac3-0b83-4fd9-9d52-f12549d418c2,1,7
cbc9b44c-cca4-4a92-82c6-05a01c7d7f82,677c1b04-67be-4e08-b35a-8e92105e77fe,1,7
c7eaebb7-5d92-4ab0-b113-058758134a71,53fddd02-54ca-478a-930c-f069b30cf9c9,1,7
b48e568a-5e3f-44a2-9137-80baf63f8275,021d8222-b169-4f9b-8cfa-0163d08a6b62,1,7
150f5547-ba17-41f4-b427-14690347eb74,bf9d9ebf-a513-480b-85b7-94c448b1b689,1,7
429da0a6-d7af-4c74-bb97-79b006b5b3bb,3e32b2e2-448a-4baf-864a-750cd7dbf505,1,20
7e11ce11-8421-4eb9-ade3-9d98f38bd6d9,06083dda-00ab-4215-a597-ff70227c0bd2,1,10
d33bede2-6ece-456c-a4bd-2cff82e176d4,06083dda-00ab-4215-a597-ff70227c0bd2,2,10
b2a9de32-fd14-4d8e-b3f5-1d925d5055bc,dde4bf07-2b1c-47d9-8595-c1840ff175a5,1,7
c0be539e-4780-484c-8b77-7aeb00af362b,922208d2-4f92-45a9-abac-113b2171e5c3,1,7
d5c2a448-6454-4f23-a198-0a558c9dd230,2bba3076-b4e3-4249-b610-45e6b94d7de6,1,7
a7f5d8a5-56b1-4edb-a17d-8c39ddf4d5e3,22052206-bc08-4dc7-aba7-a10bf5b5f7ce,1,7
ed04bcc0-d56d-48ef-92e4-a6b801022917,547b404c-ae95-432c-bf3e-589a2f888c91,1,7
49ebe612-2fc4-48f1-9df4-9c79ca589157,69951fdc-89e4-4d4f-90e1-a37afb8db8d7,1,7
e9569f22-cf20-412b-b3b7-c16e58de671c,c7a21276-9981-41a0-9e12-01c48502dcc8,1,11
29bdc1c2-b129-4b1b-986f-d52a7aeb6271,e529f6ed-1e70-4d50-b89e-61e1d9d5fff0,1,13
bd9a227e-e61a-4cd1-b3dd-cfcee1f9ca66,97c3343e-3faa-4b10-807d-46e05892ccd5,1,7
60c8ebb0-0f2b-4052-b7ac-d26f68572a60,54fb4fc9-4d9b-422a-8241-9644e740e59c,1,7
d7da7a9b-c688-45cc-a91f-177ed921f7d3,f14a2717-31fa-4246-9a94-286812c79122,1,7
4d517c92-07eb-4fbc-bee9-45235300f4f9,13397a29-c491-4052-809c-2c793c2b4f64,1,7
b02681c3-8767-4995-b2c3-9b000f45d7a3,47af1943-96ec-4d68-81b9-fb200f9a03f0,1,13
932e4db2-038c-4ff4-8e28-9556fb0aca31,835e78f2-4666-43d8-98df-73464feaf464,1,13
2a111c9d-987c-4b9b-be5c-5fdd6a6728ad,5cb30946-79ef-4dc5-8ca8-fa83ddd6286f,1,10
4bdaf729-51c0-4505-b3d3-895d1b817744,d3cc9324-7fc4-4801-8b2c-4dc583bfecdb,1,7
0df0015c-e274-4da6-9fc2-d2bd6996431b,375e1dea-ec7c-40c4-b631-fe87b9382bb7,1,5
e4b30269-7bf2-4eb5-9e6a-05c247e4b82f,7579285a-3b28-4f08-8acd-f2e70d4d547e,1,7
f20888d3-45f3-4149-bc65-d33112a45025,8f771395-1bcf-4a54-83d2-2e8c9543c18b,1,11
491cd416-029b-4a9f-a234-1ec9dbe4b98e,a5aae4d9-2ec3-4fae-a77a-a863f2c718f8,1,11
01a31bfc-96d9-4704-b14f-69235814d0d3,a5aae4d9-2ec3-4fae-a77a-a863f2c718f8,2,12
62a05ebb-066a-4135-a3a8-a5c711d2f6fe,a5aae4d9-2ec3-4fae-a77a-a863f2c718f8,3,11
64e66df4-3616-48ff-9d3b-c01e030bee3c,43dc286a-6f65-4714-9259-ef910ad269a6,1,7
70d00c11-c59f-4ca7-8a45-c2f8dc0c5707,03f83e2c-3925-41bd-90be-e8bb60dde23c,1,7
1138b959-4803-402c-8991-d36e88ecb42b,33697c54-2e50-4c21-80e0-d679cc83bb5b,1,20
0e95524d-b662-4850-9b27-054ffb27c38a,896d0371-4ef7-4d42-bee4-3922ca33f575,1,7
ef79d024-fd68-4ece-a334-8f1e8b9202bb,defa306e-1bd4-440a-9ff5-1d9af35cbe9d,1,7
404cdf8b-f760-4d94-94e3-e096ffb0cbba,8a631c4b-916b-4723-8bfa-c4ab2baa2617,1,13
838751c1-a8b1-418d-bbb0-1557c97a8c08,e9cdc2ee-e320-4457-a966-903c406ac74a,1,7
9733d17c-c443-4396-add0-b41ef5a86fa2,8cfedb6b-38b2-4d7a-ba6f-13ce1e8be7d7,1,7
5a0f6128-9732-4006-95fe-d77092ce0502,dc8964c5-6650-438b-bdb3-24012b9c6ca1,1,13
a8bd84fc-16cb-4a7d-872e-67f637c6c19d,7feeeced-1ab9-421a-819b-69ec76deb3ba,1,25
002f76c8-53c6-41a4-906a-9ab21c6446b7,5fe78b83-894a-4001-8384-c8ae57fd8c5d,1,7
93e57ebb-4b5e-4b97-bdf8-496d77914b20,9abceeb1-0d25-47b8-a67b-e9aae978a7d9,1,5
f9f7b0f7-e919-4a17-a1c3-0328b4a48072,d6b22e85-139b-40ee-a152-d0ae2f3ce226,1,7
da4578da-cb0a-4632-91af-e1bad23804a7,a06df285-e5e0-4dd9-a5ff-2a9881d9198d,1,10
beaa10a4-1cf4-4e50-8f88-3e117530030a,acbb20fe-1d7f-4a81-a64c-109f961aa445,1,5
1149e080-e8d8-4642-92ae-f8dcb52ca33f,cc8a3dd8-f1e4-4bf0-890f-afb463cbed84,1,7
831a8053-ec4f-4531-a497-548407b6da7b,aaf198a2-dd51-4c9f-a0e5-32e8053ae22f,1,7
e8481a0d-9733-4c62-a8ac-3faad9ec4309,3dfa5437-fafc-4180-9c22-8d542d6915dc,1,13
09eb1e72-f521-4386-95bb-f3cc6af5a117,81bf79f6-72b1-4264-bbc0-84b610abc69b,1,5
c534c555-6c2a-4698-a253-f6fa8eaf2bdb,297da054-5c5a-450d-a077-433c6cd0c118,1,7
95212086-e3af-4c0a-b15e-68124b5a0e03,1ddb44ea-7598-4d19-a6ca-0605192cd76f,1,7
e5983cf1-12a9-457a-a450-b5dbe8d03432,67d674bd-4862-4513-93de-b2223240ed2d,1,25
88e86510-c3d9-4f42-80af-9377a96f2bf5,1e598182-5797-48f3-a7fd-6262fd0d5a44,1,13
07c992dd-5afd-4f92-9e22-c8faa2fa302d,9bcd5fcb-f349-4c0d-9351-b360edf3350e,1,7
c709662e-8886-48b5-8aef-54c2299c90a7,dc9415c5-7cdc-48e9-9bd8-0c3f41d59a60,1,7
c2b88bbb-0931-4131-bee8-f0b2d55b3440,99b67ad5-767d-4d2e-937b-6396413811cc,1,7
21fb8457-3fa2-4de6-88bb-f9357444b05e,39eac0ae-a206-4fd4-beee-f9d6b257dfc0,1,13
213be9ee-d48d-4ed1-b009-74c13d5dcdb2,fd794b27-df5c-4ea8-93e2-72e27d4e0756,1,7
ba067934-e4ff-43ed-8f70-b4dd15ce83f3,fc029407-d1a4-4962-bc96-9a28cd93c173,1,5
50b5fa44-3b9e-4f89-8012-751e3bb167ae,e85554eb-016c-4011-b736-d8dde5be866e,1,7
5d8beb3a-ccf7-41fd-afe9-30b0b82c8d64,dfd8689a-fcb0-4099-96b5-90f6551c8039,1,7
159a971d-39a6-49d3-87d4-c5ed3981cb67,efb7cf0f-e8ff-49c1-80ee-8392a7bb83ea,1,7
da00593e-b65c-4f1a-af3f-9abbb8a96958,e5be71cf-d991-41ac-996a-f88db567c5f2,1,7
f2055eb5-bb0e-4c6b-b21e-16c7d6b63fd4,67039917-4e60-4d8c-8e59-c66238201d88,1,7
2a614c78-5966-4234-b551-01b2b268fd40,d36f97b6-d6a0-4741-b06e-bccfbfdb621e,1,7
c43b0431-b83c-461f-bb4c-3156b6c3e961,ec526468-89f5-4b7c-bd21-ecce07853220,1,13
9654f6ed-1e24-4489-a770-9e1f8141c304,9b8bcd27-dd4d-4461-baff-cc3cd6941b4c,1,7
f99d7bee-cf86-43cb-aca7-3d7360df7e6d,f6c55a58-801e-4e32-81e2-b98c4e4ba58b,1,7
2c9a229b-f595-4874-afc4-2c21dd98e899,dbed636d-8e7f-496c-907e-8b012649ad8e,1,7
ef4cee43-16da-4361-aa84-73f28bb64b54,91a4ffcf-2c95-4563-90f1-2769f72c575c,1,7
d58b4677-c26a-4881-91f2-00882fc5e20f,fdab7eef-e486-4c11-bcff-a7f37874bab7,1,7
0b712629-25d2-43c3-8914-fc1535364de8,aa038bb4-4b29-4e36-9138-5560b19b6d7b,1,7
6e8bb072-1f44-4363-9a5b-c4cfd534d7fc,2f0b45bf-e1f4-45cb-944e-fccee2d0dcdb,1,7
a621ac30-4448-42c4-988d-bd0c82db60eb,5b34604a-404a-4951-92e0-7b117b48e707,1,5
423fa9d1-a81f-444e-bfda-d30ec2ed78fa,c3deb2bf-e222-4850-a561-903b9e0affc2,1,7
00cd549c-89a4-4aa2-a6bd-fa7719b3194d,ef933e38-5df1-4197-8075-1f64b1a46871,1,7
8aebe9fe-6eb4-45fc-840b-908e13a8c412,63627fba-b871-4640-88df-4edde83984e6,1,7
fa84fcc8-6693-46be-a47d-90185d3b7960,9b58438c-832e-4ca5-a5d8-e89c7d6f7764,1,5
2845291c-fafc-4b3a-a7de-fd2c16a70a4c,c9ef9714-4e55-45a7-add3-b03b7b59179f,1,7
67fab14e-f408-4bf2-993a-aeb3e421d3db,68bd0b9d-f928-47c7-be5f-94c18d34f014,1,5
b7020143-8eb1-42c9-ac19-0024a12ff66b,0f480291-42cd-4de7-8477-7d8dd6e713cd,1,7
e09db760-b591-4616-bd5c-9b209af145a7,627ce97d-3895-42f5-ad4c-8d0a750f81aa,1,7
323ed2d0-ba79-446b-8f37-1b9a9f6cad7f,b05fb914-d305-4307-90fd-5d7fe6b471ce,1,7
3d2ab1b8-d960-4b68-8c5a-8e40a8cd7955,db9d722a-619e-4257-b594-e6e79941eae9,1,8
8dd93ad1-0f30-40c5-b0d5-820e3a1d8327,cf30c944-0e91-448b-92f0-628293dce8a0,1,7
a68c8d18-793f-4023-91c1-c4c01c3c2dc5,d586fc24-6291-4521-a29b-fc6852e088a7,1,11
8fac0ea7-86cc-4635-8f85-1a774baa2111,a4546d89-01f7-4c4c-8e93-84c0b2582616,1,7
077efd48-28ce-4f4c-8668-b8c451771bb0,b75bc471-101c-4a39-a519-41f3efccaf10,1,5
50038364-676c-4731-aa57-e3f84dd5b3a4,f88a3cde-d149-4e94-92ef-953dc03edbe3,1,7
dbeb9bcb-4dae-448e-b8ff-c0ce2807a0c7,916cd2f3-b603-4d2b-94b8-5fc5f66ce9fe,1,7
8ac5178f-57d1-451f-8ecc-f1b4ad0dc6e0,8cbce425-f4d3-4386-a9b5-e6cb4b9f2605,1,7
1404e078-09a0-45af-a0ba-f6eeb5575c6c,50f9b683-a1cc-4737-8a78-8dbadacb2db5,1,7
9c81c8bf-4e81-43b0-bbc3-ab879c156782,bed16451-5501-4af8-9497-770383430bb5,1,7
197be3fc-e545-4ed7-bf05-9bea3b24d4b3,4a7db6e5-4876-4d77-8ceb-145405bfdfe6,1,7
2792d0c0-7804-458a-950b-296c29ce2ddd,6f00ca47-189f-4268-adf6-e87cb8d9bc57,1,10
227a1caf-b63a-49f8-87ce-7d6ad01231ac,6f00ca47-189f-4268-adf6-e87cb8d9bc57,2,10
55daf8f8-0d21-4e5c-896f-ad24735fddb3,6f00ca47-189f-4268-adf6-e87cb8d9bc57,3,10
c07b1638-b37d-4006-b075-bab9bf3c9e96,713d68ff-f402-4601-9c0b-c614ed4def0e,1,7
c9dc51aa-5ebc-46e0-afd6-7805b6b2e770,1c87ea9e-6023-4c78-8ca8-e1348dc51818,1,17
56ab1df0-cd44-41e1-a4cd-23d419651a39,74df5527-3e9e-4b83-bd6d-a0de06e7a476,1,7
f449f8aa-825b-4b4b-81e5-ce3e08bc14d0,ea8171f0-bd2e-44c8-beb5-d632e611ed5f,1,5
44ec3509-2aea-4e52-9738-c8739a1949d0,099d28dd-26f3-4074-98ad-620975a0f920,1,5
c64991d1-1f7f-46cc-97f2-76349a041961,6f6ebb18-1b60-4027-bc68-3d4403b05e2f,1,7
a853e117-8b38-429e-b6d8-eb17828b92bc,f980e0d9-2ecc-4352-8198-6875f836fec5,1,7
8480d948-5e3a-48a9-89ef-fdfb0f33ae40,162887bc-9c5d-4e2b-9aca-8ed2e58ab670,1,5
beed852b-2afe-47b1-969a-8ab9245251cc,ba19277d-c847-45be-bd75-b4cd2455116c,1,5
1841137c-980f-4519-bf02-ca6c45e32150,d7ab4637-8376-491f-8f1a-c8a3651405d1,1,7
6e4d344a-5c1b-473d-84d5-548a540674fb,99b55149-adb7-4ebd-becf-23959e854640,1,11
415d1631-cd31-4182-ba7a-cb0e05f657ff,8d05e361-a381-453b-b5f1-a5a0dce736dd,1,7
01db790e-c0fd-48c7-b258-3654ada1881a,6c28036b-2896-438f-8f82-5e97a7c827c7,1,10
44531a73-398a-4a16-a1a8-1722c1726901,6c28036b-2896-438f-8f82-5e97a7c827c7,2,10
dd909cd7-c476-4a1c-a3cc-16620a514d06,6c28036b-2896-438f-8f82-5e97a7c827c7,3,10
50fbe45d-c4fc-4e8c-b809-daac884d89d1,c3b498e9-a239-4122-a1e4-dc69a2e829ae,1,7
295aec99-6f21-4a41-b4ce-1198a6c75b32,fac8db87-2002-430e-8540-9e9d25df31aa,1,7
2678061f-1f0f-4f22-96e5-aac582e02874,a422f5f7-7b4f-41cf-b825-e91299695fa0,1,7
e2d7c038-eb6b-40cd-badd-7df754a3fae2,25952d95-6ddf-421d-af78-9e68cf93e922,1,7
0be4f8ad-61bb-4b32-b773-3e88760c782d,ff363d88-a497-4362-804b-a2c9511d666f,1,11
ceafa457-8b25-440f-a445-7b0db65b838c,600b2796-0f03-4eca-84f0-a696a4da0729,1,7
a06f7fd4-4023-460d-8c69-f2f7a92435fe,e6c00d50-f4ba-4b71-b5c1-3a75969dd094,1,5
81e4c09f-d0fa-4079-8960-3f4c9f90856e,cb21e476-29ec-4b96-aced-9901772256e0,1,5
21caa02a-6adf-4e76-b3b4-7c1f184582de,1c07172a-d0fc-46b7-a599-8d1289d02128,1,7
a9f38779-51ec-40d4-b4ff-d01b073b201c,302b2148-cc0f-4e7e-8f3b-b2ef762dab74,1,7
ea003cb6-04eb-461b-9421-b48bb6ba3076,e1647c90-8118-4c32-8ace-3af5f395be35,1,11
9abc9fc5-1ef8-4d2d-a80b-171bc4274126,9f720d3d-2b15-43b3-ab81-a3aafa8d9603,1,7
de1d7c2e-6cf0-4449-873a-8c96dd8b7934,9d907787-44de-4239-9a5a-b978486bc4b8,1,13
b9b82fc9-8ca1-4978-862d-50d69b7a1181,8e7e454e-4acf-4d48-a57a-9b4427d00b83,1,7
7750bab9-9b91-4ff3-9843-ff6482aff10d,486148f6-b0a2-409b-960f-275277d2bf65,1,5
f7817e8f-b097-43d0-b470-78ef824f0495,8220f8d0-5cde-40e3-b1a1-b1609e453d3a,1,7
19dbfb23-1c00-4ee0-a00a-afea478cdf1b,16a24fbd-dbd2-4623-85bd-ccff53b1d175,1,7
138905d5-c103-4c19-847b-a52c57065d32,73c2ebbd-4005-4aa5-bbb0-d5c71a62f530,1,7
fb2e48a4-3d84-4cf4-bb6b-9a08b09533c7,f2fc3063-21a8-4e8c-878a-a9177e25b593,1,7
99d00384-e4e8-43f3-9991-68234098a658,76966fee-5797-4ed9-8a60-73d79df4c269,1,7
c1d559ea-e2bc-4206-b605-2c358af31533,0b064375-dddb-425b-85e5-4d4db36cb3ff,1,7
54ee12ae-4b23-4563-8f21-59c9694b9229,fe806757-3b4e-49d0-98ac-12970faffa7c,1,7
03f09103-ab1d-4933-9a05-989882398807,16f220f1-c7ff-4628-997e-2e31e31d79a7,1,7
2217e26f-4a34-4464-af51-cab413c5cf4e,8a3d1569-fde9-45a8-96e9-414343cd9204,1,7
fa547f50-d3cd-45f8-ba16-13f099ad302f,e9466fe6-83c1-4e20-a875-a92d18092cf2,1,7
b23b0536-6072-46b4-a44b-0fb72ce59b07,e21637af-828a-4793-9ae0-1ebb8122c11f,1,7
f552c258-f0f0-455d-b4cd-eb4ee22e2605,300d1a69-7bfe-4d5c-927f-e2efa08ff742,1,7
bb538abf-a85d-47f0-8128-e6438f443bb4,faf5fb50-3452-4aa6-8517-7629ec5846ed,1,7
10b1f9d3-505b-45ac-82bf-f447501f4edd,9cb66ce6-348c-4be8-ab7d-ad3bf2ee101a,1,13
a7869564-2c0f-4674-b7ba-622bf9bc42d8,b2c197ca-a269-498f-a7dc-5642cd5825ee,1,13
af845ec8-176a-4ba0-82cc-b820bc2db517,6eec7b4d-06e0-4916-a091-da264eb57133,1,20
a39c1113-b0b8-4c48-aa5a-0660e3a82344,8f1ca106-4b3a-4f62-82df-a1a847053299,1,7
3e2ffc27-4390-4137-a5f7-e1a42dee66e9,ce63d118-38af-442f-b245-be645b796226,1,5
c0fb2b46-0c73-418b-8ad5-32ec3b37e6c4,4d8c1fc2-5d64-4009-942e-8f4881561ed2,1,7
967721cd-999d-45cd-bcbc-d9fe99edf116,c7b2f9fe-e314-461a-a7d6-f47a7dc1cc91,1,7
c50107ff-4b41-491f-91e6-9a9f16df5eb4,19965126-7d2f-424c-90d1-c315f5080c99,1,11
403c98ff-df0b-4d44-af84-6015e050db83,0579ebca-89d5-4fd4-8158-34561a0adc27,1,7
ebd5352e-9b87-42b7-8fdf-aae1ba61f108,50ea7a7b-798e-4ab3-8b45-2593e6a740b9,1,18
6d30d571-bf1f-4244-bdd1-8de20c0a3dcb,73568f45-7b16-4dbc-9e66-b05b9f3d56d9,1,5
8329ff1b-c709-4f4f-9d84-629020935681,f45ccefe-c158-4bd1-8803-31a229f78c10,1,13
f3c18176-edb4-47b9-9968-93330d1ad6f6,4e54656c-9a28-4d31-9021-ad28ebca8824,1,11
8e6abc1f-5d66-479a-8aaf-d0f28e4b198c,e0b6ece6-86fc-479a-b38a-abc145d8acef,1,13
46506846-4cda-4771-a3a7-da5b56f93ed5,c7321f65-ffc3-431e-88cb-339b7a79b841,1,7
4c9fe0ca-9e09-4a46-96ea-d34a38ce889e,98f7d2c8-4acb-44d5-97cc-16ae7046b746,1,7
bd69ca37-6ed8-4bbe-8786-ecf58f73884b,2211c7d8-5482-4c5e-a814-c64260d0e438,1,7
6b0e8bcc-9c01-46a0-bbb1-90911179b446,d47c10da-441a-447e-8702-6b658d29bf7a,1,11
e22e30ca-5b24-4bf0-a982-37ddc8eec2eb,8a437997-f5e0-4f89-a691-fd8457422337,1,7
662d4968-e08a-49e4-8359-4bcd46424fd2,d0113431-158d-4b47-8a85-c8d273dab112,1,13
af3ea06c-a71d-4adb-806a-acd01118d6aa,d2b290e0-71b3-4b6b-8e29-f8a89798f60d,1,22
bed5bc03-f356-4dc2-b82e-9078fc4594c1,d2b290e0-71b3-4b6b-8e29-f8a89798f60d,2,22
2971d103-0f3f-417f-aeef-fc43e70c6d9b,8615b1eb-5e08-4018-be57-49dea1724315,1,7
3e304c79-98da-47d2-87c4-f644538b5a9e,812b0ef8-7124-470d-8acd-aee50fc8202f,1,10
4a8f860d-61b0-402b-ae15-39dfc360c008,c48d94a8-10d6-4a98-8b0e-cfb9f0be67ff,1,7
d9dbdc8a-a32c-48ab-bfb9-ada827b93590,4a20dafc-cb75-4858-b938-b16b406af897,1,21
c4570070-9a3e-4fb9-b299-ee7a9340545b,83bb9106-d6d0-446d-b344-8c597c0b5b09,1,7
b7feb808-1f0e-4c35-b944-611d35da436d,60842e15-04d9-4808-b655-09175f439903,1,7
9ad8f5d5-71d9-4975-b670-8ba86d5f55d9,23dc7540-0b19-42f0-9471-479332a585a5,1,7
c39ab5f3-cb27-4f88-bbe0-1b5ed5d8ab51,cfefffc4-377f-4034-972e-c36acdfe4e7d,1,13
2026908a-9c3a-40dd-be6f-0bce4db01ca9,b3c06513-ee8a-4e66-9374-9910c815ce2e,1,9
3951d7bc-c19d-4d68-8e97-81a75a8b2a00,90368a14-f377-4dbf-82a9-d150c098a18e,1,7
ec0167e9-016e-4e1f-8815-e0a1758de09e,55687878-d913-4caa-a21d-54c983743d42,1,5
4160799b-29d2-4074-9cbb-4c36204418ae,a903b13e-9bd4-4e80-8fc7-f1727e81caac,1,10
97478618-ee49-49fa-9b38-55d679b0223c,fe8d1f9c-c915-498a-8ce8-089383df55a5,1,7
3ae35902-c7b1-439c-a8ca-5f227103d542,5122b935-c03b-4df7-ab07-b97f68b7ce45,1,5
14e2d211-71e4-47ab-955b-19f3c2a0cf9e,38468ccc-3fe8-475d-99ef-75c587bd6969,1,5
49d0699d-4f9d-4b57-9968-d4442c2bba80,c24f0ae3-7360-4f16-b1b1-3e61b27ea81d,1,7
ad4c11bc-0e5f-4839-9721-012b011cc8c5,315c10c7-981b-430c-a4b1-f1b2b37233bf,1,13
e9a10d4e-7621-45ce-a08f-116b51c74496,bd99691c-fa85-4a0f-985b-9656fda72e25,1,7
9119f64a-33c4-493a-9dce-a83323cdc48a,c5261d95-0487-4bd6-82f6-a21f982eb92f,1,7
c1ab5c89-de51-48fc-ac3c-b96246e912cb,26b1018c-10cc-444a-996c-d7a50fceb2f8,1,7
5ad5c904-d460-4ec1-ae17-eb02c581f103,598aa07f-5b44-4577-a39f-6491ab844a8a,1,5
c7c9b22f-4dd1-4022-b8de-f62e83e1c041,fe10cf03-f9a7-48d4-9a0d-0e4642cdc61a,1,5
5c40c1c1-f8c0-4e2d-a0be-52f534aff6ea,5befc72f-0d6e-4aea-addc-be50b6c1a02e,1,7
602105dd-0bcc-4a26-bd8a-45eef1e58bc9,98c98d68-702e-41cd-8fa4-c8e212a68546,1,7
8c145c4a-4ff9-4387-8fd6-bb1867005ae9,52b183af-f695-4198-b932-1a23e8eb6ec0,1,5
d292bad3-00ec-4d5c-9c02-58255a587e9d,e341c35f-08c8-40e5-81d8-3db30014cefe,1,5
bf4220ae-8fea-4503-9227-ff6aefd0db74,9d5d0738-21f6-40f1-a51d-a8d913d8646f,1,7
5c58f5d7-02e9-4470-a9d4-1c6bae87d037,a1a0f749-0ccd-442f-ba2b-3ae571bb33c6,1,13
c9d6a290-3852-49bd-aaca-982a12574a02,de0a36c2-4fae-404d-ad19-5d00f23e6989,1,7
b4db911d-a9fb-4f6f-879d-bbf292b991c0,a01bc796-e43b-41a2-a762-e516814c1841,1,9
1b19d556-c9f6-4f77-be58-9d6966af3b67,d072c1ff-c9fb-4de5-84be-ea96abc7e22b,1,7
2b1e6c86-cd94-41e8-9e80-e1d86d66c1b2,8e616bc9-1d1c-49e4-9c68-d033faaa28d6,1,20
2c29c942-71d9-4045-8651-3ab73d560f2f,5ed8392a-b17c-4d68-8580-79a59e53d59f,1,9
018c31f0-32f5-432e-9122-dc8f29d9a997,7d513d21-73f2-4db0-8c9d-44f44f02d90d,1,7
a0f9cb4d-3976-4f59-81c6-214e029bc2b8,0ec35dc6-3ec6-4285-a4e3-914afe3b656d,1,13
4ab07e56-85d7-497a-816c-9914aead35a5,6921db42-e5a1-4f6b-9fd3-eea25d0ca633,1,7
5f01dc25-b790-4a4b-9b7c-1e6eff5dc696,11be3620-da93-41ac-bf36-1ac52855a154,1,7
2c4b5e2a-6095-41c3-a4e1-ea88082722ae,af726a83-173b-4c09-9d45-e8253f9de0e9,1,7
30eee2f7-2357-4c2e-9c9b-c986505d9902,ebefe012-413c-4685-b9d1-70256a142d17,1,12
112b78c8-72d5-48e5-8fa4-6accd5a3c8d2,b5aedaca-4697-4139-b3d5-077941abd9a2,1,11
31a0b99e-d5d2-4278-aa94-a888e56920bc,6d250ee7-39ec-41b5-bc46-1c6575c61416,1,7
7069876d-bdbe-4216-9a0e-810e820d7b97,0c34af1f-cdea-4733-b689-49216be2f852,1,8
65900095-8b19-466f-8487-2c802ab214c1,3077ea32-3625-4710-a209-255dfed11a1c,1,7
c90ef44d-55bd-4c2d-bd01-0348f05c05d6,af5fd1ec-65d3-42fc-9f02-e82dd069a8c9,1,7
edc60386-8b58-4d98-a53a-d030557bd8b3,ea8a8ef5-6372-4faf-a73f-eb0512abef2e,1,7
2e26debf-5fa8-454b-a7bc-f7d63acb8d48,be9d72df-8d9f-4707-8ff2-8f899379c360,1,7
4a511e40-45a4-45a4-be20-b9c0cac3e12c,5e2157bf-fdd5-4fe1-9cf1-0d92a3037178,1,7
3f0446f6-6896-4f9d-a3b9-00936c83f868,ec546253-93dd-4894-895a-166c5b2abfe7,1,7
61d8db01-8b11-462c-ac86-2f4abb3b0878,6b925ced-9f3d-4016-adce-d102351d9e2c,1,13
a626db6d-2e27-4ec6-a268-ae3046395cea,1a069714-7e86-49bc-8eee-2460a510fd1b,1,7
16b5c7f4-e6c7-43bc-a16b-27c04df9d71d,6787d46f-10c5-4b97-9d60-4091b1653e23,1,5
60a10566-febf-45e5-b961-4ec1ed1041fa,1ccd634c-66e7-41ee-a07c-920a48b17423,1,7
076d6fb1-bb5e-411e-848b-8d1e402811b3,357ca841-6152-4baf-b38c-a98b1feed053,1,5
ac2fcc9d-548a-4cb9-a6ab-a79d6c99f2c2,85523722-f66d-4be0-97b5-38d144bdfb64,1,7
e97269d9-c6ad-4144-8701-a044a6875a7f,74d7f307-a872-49da-bb03-83df1bbe0e00,1,7
b70e7abf-4c8e-4f08-9921-09994959e835,323e4bd2-a468-49b5-b4a5-0fbe17d50244,1,7
9bdb4f60-66e6-4aa1-8c0b-7cc6ba7869a1,c0044d5c-39d0-4826-a9ff-ae6d4cd04ac1,1,20
1f1c148d-4c05-47fa-a8e1-9ffd5a5cf3e3,a469a0bb-b5e5-44cd-b6e1-5a6f5c48feb9,1,7
78bf267f-5060-44ed-9427-ba0dd678f64f,595023b6-d236-467a-83d9-1f07cebb6b6e,1,5
219e3cae-cd14-4ecc-aa04-525d2e27c78e,c6fa1762-d5f4-4cd1-87b6-ca78d5f4d6c3,1,9
6fd86573-06ec-476f-9024-52b9e3191ed3,355c2291-80a9-4c33-bd85-7664f9a897a8,1,30
9593d358-e604-4d4c-8515-c57227cf7784,72eba291-b6fe-4e1c-aa0d-faa5384b467b,1,7
2944339a-0f0f-4421-bf0b-d5adf1b692c6,6828cb01-0b86-4fa1-9fa6-646acc71849e,1,7
c02c8a8e-4142-4cf0-9563-1f2a914fe6ab,636c615a-3ae5-4045-930d-bea21f4b8dc7,1,16
6756fb0e-76b3-4717-9111-7ae15bcd8fc7,5da29ec2-275a-486c-8fae-badab3ac8f47,1,9
139a5628-dfd7-4985-96b0-e078c9287b32,87f97803-50f7-4785-89bd-0b93ea3d0333,1,7
85b40a52-3d28-46ab-9513-77939ba3b347,faab1d5b-7e9a-41ac-a0fc-aa7f3a5f7fc2,1,7
69ac0565-5fcc-415f-a078-8c304792ad64,9dbc1993-41b6-48a4-aef9-4414d8cfc1d0,1,7
c04879d1-a982-4bfe-9656-37bcdb0d419e,b7d6ff6f-2dd3-4363-adef-5bf2e8fe6256,1,7
7f04acf4-6700-47f7-86cd-71cc80b901f6,317b0b9a-e523-4ebd-98a9-98918095d88d,1,8
6757b00d-25c4-4167-8d15-fa9a55eba825,a9074f10-3a23-4a59-a634-a0f64f1dd988,1,7
0628028b-2696-4e58-9b9f-0c0d9b0af5c8,c5d06d78-f98b-4352-829c-7ac5510a1d3a,1,12
a81276ef-0fe0-4445-9d11-d46e33e77c21,49ec3cfd-da6e-4f56-bd05-0ac67cfc4f34,1,7
8f44d4ba-cbf2-4db3-85cc-99bd1b3d3c7e,f3f8f799-d395-4e53-97f2-7514d0daf536,1,7
f2863d5f-c137-4b97-89ab-8f8447c3ac5c,cf5a3ba4-44aa-4f76-86d9-737725f30284,1,7
4945bd67-80a0-4e28-bde7-d4a9280f8330,ac8f6ef4-3223-4226-b358-b6cd3a3b8e33,1,7
28e9dc8a-1173-428c-8438-32f42a515d61,2d9e2836-39fb-47ed-9ab6-d40a08c4c1a8,1,7
fb9f0505-ddc0-4589-be70-c306c132e5e1,25bb2b67-3d7f-4871-baf4-51ffa3d77a63,1,7
b5534c4c-d02c-45ea-9484-80538440e796,8878e7b7-f07b-46bc-91ad-0706addcfce6,1,7
b2ab75e7-513f-44ec-9b4d-c851a4f7d2fe,425d40c8-892c-479e-b3aa-88cde6ba7357,1,5
91997b34-f672-4480-82aa-aee211449c22,d8f91d3d-d590-4bec-9db0-9acbc6718888,1,13
c7addc87-a51f-447b-9d98-aa25313b5858,d8f91d3d-d590-4bec-9db0-9acbc6718888,2,13
9637be6e-11d6-464d-9ff7-ff4d860f9fb7,5a3ab606-4e9a-4990-9a24-237e731b4c20,1,7
b055321e-9bfe-4cb5-befb-559ab03035c5,948d154e-363f-4677-95cb-6fe0260049b7,1,5
5ad2f731-dde8-4a31-901d-5851d40ebcc5,617a280b-ec34-4329-a405-83ea9a748c53,1,7
cbb4c70f-db49-4dd2-b2ab-b4624cefa3f7,3be7fbc9-64d8-476b-b4c3-58c632b08f67,1,5
dc11271d-8fc5-435a-be61-e688809539ca,47218f20-ce24-4fbc-9ec2-5a303335cece,1,7
17b69999-4ba7-4a93-b10d-9b763c4778a4,40536309-f349-44cc-ac31-88b11b218225,1,11
6169141a-7f22-4ff5-952e-8b18722b4bf4,995994e0-3786-4dd5-9c7b-0a7300ce8589,1,5
b1579666-fe38-4d10-8c3a-267ae6c6db23,e5b9261f-4839-4d5e-9d49-b456bf659b11,1,7
3f7fd304-2a7c-44ee-90ff-8bd85654c457,05f5ef35-a085-4505-94fe-bd6e9b271691,1,7
f3c16bac-590a-4513-94dc-90c423c6b4e0,4010b329-c2b6-4217-8718-94dcd7d74764,1,5
319eecf4-e803-4c28-bf10-87404b7bfe9c,3d39537e-9cb8-4946-8f66-c65c5642756c,1,20
dcebf0ef-deaf-4cc2-9727-478dfab5afc8,d5b4c009-4aaf-4c9f-b7e2-735630e94e9b,1,7
00ab3f70-0b41-400a-8489-8a8d9642c07e,c30d08cb-6799-4c01-843f-357c6157be5b,1,7
2206036c-6014-46c5-b13a-4718a3f3e23a,4a518229-113a-4f2f-a687-1678c1b8bab2,1,7
a9b00863-0231-4f77-88f2-e795a43f2001,2d2d935b-6173-430e-9fbd-2a4e8645b823,1,7
69230b56-cf8d-4ced-b88d-0d070d9edf92,bfa97ed2-edb1-4f7d-bec8-d2575a689ac1,1,10
2299ec0e-103c-4eb0-9582-114114bfae47,7f6461c3-e316-4d17-b10a-fe4ddf5a435e,1,5
41a12f41-1a13-48f0-975a-a68860b307a5,84f92d8c-a6b2-4e94-ab3d-6b7b0fcc0a9e,1,7
754e0bb0-9a0c-4e1e-a891-2fb77abdce8c,4e8b675c-a2d6-4611-a6ce-850710482afb,1,7
4c7d99af-d491-44af-ac69-fe6a0b8e3bf5,dce54f7e-bddd-41b8-90eb-4c68d47f5f80,1,7
25acf1ef-e986-492a-b967-c7e484c31759,96dc67f2-011a-4ae6-ae2c-59f15336d97c,1,7
8fd7e39e-e4ba-4080-8f99-9d378fd48204,0333905c-04f1-41ef-8bc2-8524b7fc40a2,1,8
d6170bee-0999-4de1-9553-83b114d14c6a,fe602d29-5351-41ff-9ee4-589051c13728,1,7
a188a03d-c9dc-4d0a-b558-7852c8a8aa7f,d957a8c4-c2d0-4cbb-898b-5ca199fdef1f,1,5
aa373a79-e1e4-40fa-8230-15ed65fb9cb1,555bd336-219b-4d34-8987-591e9db89ecd,1,13
1744eb9b-2543-4641-ae45-25ca741c9329,3e1b0bbd-7f1f-4e62-88ee-041f94deaefb,1,7
92218938-d044-4503-ace7-85b1c6e0692e,c568c601-c594-4d09-aefd-60835fffc5e7,1,5
30101e3b-35df-460d-b17d-bf64a0cd8a2f,f3185436-63da-46e3-84e6-aad5c0cc300c,1,5
5b6d6a6b-b5c5-418e-af93-b6eecf6643f0,2a7c0d23-0c89-4f5b-9c41-f77ab1702250,1,5
21a6b7ee-92c3-42bf-afe4-3cbe8a5e24ad,94cda846-7f1c-48a6-9b83-74300bc58bb6,1,5
a956400e-2d35-4b85-bd34-38d4472108d5,cace339d-5195-4fe6-8f55-a61b4f5fe67a,1,13
005b192d-e1f1-410f-a174-a1e163418ee3,81afadb4-7416-40ec-9e01-adc4bd6eebfb,1,7
1823fc01-8195-4856-98aa-3f0cb01db5b3,56416e2b-bae6-469a-b6eb-4fe5909ae1c8,1,7
e93dd52c-64af-4be6-ab00-1774165f569a,0baf1697-4f58-476e-8c6e-fed56dd63109,1,11
33f5234c-74bd-47da-ad7a-37c85a6a1840,850d1e28-39fb-46e2-b286-ccdcedb2399a,1,7
feaef851-ea01-4129-9283-5991dc177bef,f4eff735-1f2c-46ed-aca5-d9c3b0d0de91,1,7
318425ec-315b-4994-bfee-fcea4f07cea4,b1626d79-83a0-4ba6-8fad-e390820d072d,1,7
f7b09231-9e8e-441d-ba4a-0229d8a3f38d,aec7bb37-72ec-4a6e-9cb5-387978576fe7,1,7
0a5f49e5-029d-4f2d-925e-2afac56dbf77,9bf34cbc-51b7-4153-8c38-ce7910c230a2,1,5
63de9045-5606-4a35-b730-f09a2b2e6a67,b2dbed71-fc6e-4b22-bfce-6ce382cb0459,1,7
71e91dfa-ee41-48b6-a068-dec386199c16,c23199f2-25e3-4729-8152-1e08ad48213a,1,7
b93caee1-9343-4fb4-b308-84daf2d525db,39ed0c30-f242-46ca-ab35-6df1ff72617c,1,5
253e0f91-ee4f-4bcf-a4fe-18de2efc8803,9d88e5a5-b183-4677-b0f4-eb992d2910bf,1,13
3d1b8d54-0363-4d5a-85cf-6f2ee519b868,47aa782b-950d-4eea-a032-deeea4cc4abf,1,5
4d8d4937-c76e-463e-a5ba-47130b270f8e,208b0ba0-2265-48b5-92d4-1069e25fcdf8,1,7
76522425-c1aa-4433-9cf5-3190647f20a4,d74c1515-07a3-4591-a8aa-37167360e62a,1,7
33172f30-5d76-4000-9d86-c7d1cd036555,c9d40795-fbed-4e95-9aba-dd29cfef85a2,1,5
9cd4e0a3-4e6d-4dda-b88a-faad39f7a827,07438466-1781-409b-9c19-bd7abfac1f8b,1,5
1ad9ef52-f4f2-4153-9874-01ea633792da,ea5afabd-674c-4d0a-89f7-4a7d168b2cf6,1,13
f1416e65-5e22-4db5-8b3d-8e6007bb11e6,5b2db817-b0f6-482b-a3ec-b6390dd5af25,1,17
6bd7bdb3-3ec9-4620-9f8d-4b87af6836b1,ab3efd0d-a81e-4a68-ad3e-4fe22263365d,1,7
b2c04557-1e7b-4fc6-8793-e4a10fdc4351,59701264-ef3c-42f7-8727-b944aac7bcac,1,7
024e47d9-cd26-4668-b807-ec77bcfeec50,08a2f07c-e220-4ea7-8120-13a6cafdef6f,1,11
4b9d7385-6279-4af1-bc59-d2bc38dd4931,6a12749f-aa8f-4584-a188-4286caa9ec9b,1,8
f8167e0b-8592-4b22-85bf-74addd5cade5,9842bb4e-aa23-42a9-87b8-e7f4d93c20f7,1,15
b968ee1d-8ba1-4379-b0f2-81ff4ea3cb4a,bac6da16-e77e-449d-8d57-73c8a0366548,1,13
dfb19bcf-5256-403c-8c0e-833520cc6ef3,536b7a6e-8415-40ae-ba1a-f6aec835d7c3,1,16
ee315779-9339-4f28-b78b-bcbe441e85ee,c2b94923-e726-49b8-927d-f027b53ec61e,1,10
cd3d47be-4859-4909-92df-3761c25a5f44,ae0d3003-196a-46aa-8009-b4a8b3797949,1,7
ae07f619-dc5e-47c6-bbee-f02bb5c38002,39caa14d-a65b-4b9b-bf5f-eac523e76039,1,13
98ab937b-185a-49e1-8e8c-857b39ef0b48,3159cf23-57b3-4bc7-b8d4-a04d16057a01,1,11
c0218cf3-e4a3-4480-bc3f-3b3ddb657bcf,b90b0b93-c909-471a-b959-e5b3aaec1aa1,1,7
a8d87bb1-d5d7-4a5e-92d3-951193b0835c,59701264-ef3c-42f7-8727-b944aac7bcac,2,7
3bc9b5c0-09c1-4213-8a9f-0d2d3ae0ba3a,59701264-ef3c-42f7-8727-b944aac7bcac,3,7
aa2ceb93-b691-42b5-baa3-73d71c79dc52,59701264-ef3c-42f7-8727-b944aac7bcac,4,14
8f9df578-523f-ec44-8da3-47e9bd7c7983,d659abc2-5f5a-bd42-9fc1-889bf8c96333,1,0
e4342f08-a7df-8841-8820-340719cbeff3,09f430cf-5488-5a42-9176-bf2eb49907ce,1,0
96663402-2994-6f48-a62c-f6c8fb41ff75,58ceb2f3-6c7e-944f-acd2-0dda4cde67ed,1,0
de8f868b-f4e3-934b-aff6-6007dae203d5,7d6110e2-e6b2-0e4f-8708-08f5464796eb,1,0
cb684129-6d19-ad47-88d0-74d24ff5734b,c3e63c82-c303-3c4b-9e61-dc67f30ff0e1,1,0
472b52b0-428b-d445-9565-0600d591b69a,5f815312-9c01-7f47-9fe3-3946333ed29d,1,0
14b3ff51-9e04-4e41-9687-72440ce40603,ef3074aa-fd6d-5d47-9274-92b612c4e078,1,0
8ae2233e-4c57-5540-8af0-5518f7f0927d,5d4cb69d-698c-6f4b-a2f7-87df6cb1b5a4,1,0
ea52d224-389d-3b45-aa0b-ddf88303896d,996294f1-2567-cd40-9589-02856e146a5d,1,0
852850c8-c451-45f2-96b9-cc5caf0fea87,53321646-fc6e-41de-902b-33dfcf1f2fa5,1,5
ae1e83fe-5751-e146-8c04-4592ca4c2071,82b7c206-a594-5f4a-b373-7fe31e602189,1,0
ca6542a8-ef89-1143-bfcd-177d0b4f7ab1,5d9ea70b-6803-4245-8d1b-53e74fa5616d,1,0
eeedc53a-b0c9-4a55-93dd-b282a5accb13,86253551-683b-4623-af74-70158cb45e93,1,7
7aee47a5-1226-490d-a8ab-aff8252bc105,cf2f98a2-86d7-45dc-80a3-89275c48c892,1,9
35e7b586-9501-44ab-b9a0-32efe131ff8e,6853eb01-85f7-4fe0-82b7-eb47ae563899,1,20
