draft_id,host_id
878eb446-72a0-4b08-aa9d-a165ae0ec6c1,27038fdf-2c78-4f8d-978e-47d60ee254ac
878eb446-72a0-4b08-aa9d-a165ae0ec6c1,c23b3a58-fcb9-469e-ae6c-71cc4b8081d6
ea8a8ef5-6372-4faf-a73f-eb0512abef2e,27038fdf-2c78-4f8d-978e-47d60ee254ac
302b2148-cc0f-4e7e-8f3b-b2ef762dab74,27038fdf-2c78-4f8d-978e-47d60ee254ac
302b2148-cc0f-4e7e-8f3b-b2ef762dab74,c23b3a58-fcb9-469e-ae6c-71cc4b8081d6
5c9b1a87-8a97-49d6-b24a-eec66c9e45fb,27038fdf-2c78-4f8d-978e-47d60ee254ac
5c9b1a87-8a97-49d6-b24a-eec66c9e45fb,c23b3a58-fcb9-469e-ae6c-71cc4b8081d6
53ca0528-d400-4006-b085-bb611e964d43,27038fdf-2c78-4f8d-978e-47d60ee254ac
53ca0528-d400-4006-b085-bb611e964d43,c23b3a58-fcb9-469e-ae6c-71cc4b8081d6
9e7dece2-c9d3-4756-9126-1a9beeba7d4b,27038fdf-2c78-4f8d-978e-47d60ee254ac
9e7dece2-c9d3-4756-9126-1a9beeba7d4b,c23b3a58-fcb9-469e-ae6c-71cc4b8081d6
1bde2149-1f79-4e9d-b90c-150789c1a2c8,27038fdf-2c78-4f8d-978e-47d60ee254ac
1bde2149-1f79-4e9d-b90c-150789c1a2c8,c23b3a58-fcb9-469e-ae6c-71cc4b8081d6
18b37052-4535-4649-8fcd-4eacf8603385,27038fdf-2c78-4f8d-978e-47d60ee254ac
18b37052-4535-4649-8fcd-4eacf8603385,c23b3a58-fcb9-469e-ae6c-71cc4b8081d6
0e7390a6-cfe1-4564-b522-6494497000cc,27038fdf-2c78-4f8d-978e-47d60ee254ac
0e7390a6-cfe1-4564-b522-6494497000cc,c23b3a58-fcb9-469e-ae6c-71cc4b8081d6
e5be71cf-d991-41ac-996a-f88db567c5f2,27038fdf-2c78-4f8d-978e-47d60ee254ac
e5be71cf-d991-41ac-996a-f88db567c5f2,c23b3a58-fcb9-469e-ae6c-71cc4b8081d6
3588e7c1-42ed-4cee-b83e-9cf014309b10,27038fdf-2c78-4f8d-978e-47d60ee254ac
3588e7c1-42ed-4cee-b83e-9cf014309b10,c23b3a58-fcb9-469e-ae6c-71cc4b8081d6
fac8db87-2002-430e-8540-9e9d25df31aa,27038fdf-2c78-4f8d-978e-47d60ee254ac
fac8db87-2002-430e-8540-9e9d25df31aa,c23b3a58-fcb9-469e-ae6c-71cc4b8081d6
49ec3cfd-da6e-4f56-bd05-0ac67cfc4f34,27038fdf-2c78-4f8d-978e-47d60ee254ac
49ec3cfd-da6e-4f56-bd05-0ac67cfc4f34,c23b3a58-fcb9-469e-ae6c-71cc4b8081d6
3e787702-e24f-4a0d-b2b4-4ee9b284f102,27038fdf-2c78-4f8d-978e-47d60ee254ac
3e787702-e24f-4a0d-b2b4-4ee9b284f102,c23b3a58-fcb9-469e-ae6c-71cc4b8081d6
f4eff735-1f2c-46ed-aca5-d9c3b0d0de91,27038fdf-2c78-4f8d-978e-47d60ee254ac
f4eff735-1f2c-46ed-aca5-d9c3b0d0de91,c23b3a58-fcb9-469e-ae6c-71cc4b8081d6
7579285a-3b28-4f08-8acd-f2e70d4d547e,27038fdf-2c78-4f8d-978e-47d60ee254ac
7579285a-3b28-4f08-8acd-f2e70d4d547e,c23b3a58-fcb9-469e-ae6c-71cc4b8081d6
a469a0bb-b5e5-44cd-b6e1-5a6f5c48feb9,27038fdf-2c78-4f8d-978e-47d60ee254ac
a469a0bb-b5e5-44cd-b6e1-5a6f5c48feb9,c23b3a58-fcb9-469e-ae6c-71cc4b8081d6
07a15e33-ffca-4224-87e8-46073efec33a,27038fdf-2c78-4f8d-978e-47d60ee254ac
5c1326ed-7fa1-4cd0-b336-a8a968c69b70,27038fdf-2c78-4f8d-978e-47d60ee254ac
5c1326ed-7fa1-4cd0-b336-a8a968c69b70,1913c3df-8d88-426a-8878-ceef89d7d0b7
910e76dd-4f7c-449d-8769-a815ae6041a9,27038fdf-2c78-4f8d-978e-47d60ee254ac
910e76dd-4f7c-449d-8769-a815ae6041a9,c23b3a58-fcb9-469e-ae6c-71cc4b8081d6
43dc286a-6f65-4714-9259-ef910ad269a6,27038fdf-2c78-4f8d-978e-47d60ee254ac
43dc286a-6f65-4714-9259-ef910ad269a6,c23b3a58-fcb9-469e-ae6c-71cc4b8081d6
2d9e2836-39fb-47ed-9ab6-d40a08c4c1a8,27038fdf-2c78-4f8d-978e-47d60ee254ac
2d9e2836-39fb-47ed-9ab6-d40a08c4c1a8,c23b3a58-fcb9-469e-ae6c-71cc4b8081d6
9f2425ed-17fc-4746-b4a4-9073251b2f57,27038fdf-2c78-4f8d-978e-47d60ee254ac
9f2425ed-17fc-4746-b4a4-9073251b2f57,c23b3a58-fcb9-469e-ae6c-71cc4b8081d6
d7ab4637-8376-491f-8f1a-c8a3651405d1,c23b3a58-fcb9-469e-ae6c-71cc4b8081d6
f88a3cde-d149-4e94-92ef-953dc03edbe3,27038fdf-2c78-4f8d-978e-47d60ee254ac
f88a3cde-d149-4e94-92ef-953dc03edbe3,c23b3a58-fcb9-469e-ae6c-71cc4b8081d6
84f92d8c-a6b2-4e94-ab3d-6b7b0fcc0a9e,27038fdf-2c78-4f8d-978e-47d60ee254ac
84f92d8c-a6b2-4e94-ab3d-6b7b0fcc0a9e,c23b3a58-fcb9-469e-ae6c-71cc4b8081d6
fe8d1f9c-c915-498a-8ce8-089383df55a5,27038fdf-2c78-4f8d-978e-47d60ee254ac
fe8d1f9c-c915-498a-8ce8-089383df55a5,c23b3a58-fcb9-469e-ae6c-71cc4b8081d6
c06430fd-2ba2-4a28-91b9-7896650899a6,27038fdf-2c78-4f8d-978e-47d60ee254ac
c06430fd-2ba2-4a28-91b9-7896650899a6,c23b3a58-fcb9-469e-ae6c-71cc4b8081d6
30340497-be6a-4b4c-8026-6274e4e1c8ff,27038fdf-2c78-4f8d-978e-47d60ee254ac
30340497-be6a-4b4c-8026-6274e4e1c8ff,c23b3a58-fcb9-469e-ae6c-71cc4b8081d6
fd794b27-df5c-4ea8-93e2-72e27d4e0756,27038fdf-2c78-4f8d-978e-47d60ee254ac
fd794b27-df5c-4ea8-93e2-72e27d4e0756,c23b3a58-fcb9-469e-ae6c-71cc4b8081d6
83bb9106-d6d0-446d-b344-8c597c0b5b09,b7a2ac33-d4da-4554-a189-ca9091553fec
503706f4-7184-4dce-89ef-05c2ba9eaf6b,27038fdf-2c78-4f8d-978e-47d60ee254ac
503706f4-7184-4dce-89ef-05c2ba9eaf6b,c23b3a58-fcb9-469e-ae6c-71cc4b8081d6
74df5527-3e9e-4b83-bd6d-a0de06e7a476,27038fdf-2c78-4f8d-978e-47d60ee254ac
74df5527-3e9e-4b83-bd6d-a0de06e7a476,c23b3a58-fcb9-469e-ae6c-71cc4b8081d6
c0044d5c-39d0-4826-a9ff-ae6d4cd04ac1,27038fdf-2c78-4f8d-978e-47d60ee254ac
c0044d5c-39d0-4826-a9ff-ae6d4cd04ac1,c23b3a58-fcb9-469e-ae6c-71cc4b8081d6
6b3cb308-838d-4e13-952f-7d422278c069,27038fdf-2c78-4f8d-978e-47d60ee254ac
249b6e36-93ac-4544-a09c-09e467efa20a,27038fdf-2c78-4f8d-978e-47d60ee254ac
249b6e36-93ac-4544-a09c-09e467efa20a,c23b3a58-fcb9-469e-ae6c-71cc4b8081d6
1ae73670-c26c-48e3-bcee-ed881a66cd9c,27038fdf-2c78-4f8d-978e-47d60ee254ac
1ae73670-c26c-48e3-bcee-ed881a66cd9c,c23b3a58-fcb9-469e-ae6c-71cc4b8081d6
3c09fb5c-8108-4b4c-9b08-77a836814ac6,27038fdf-2c78-4f8d-978e-47d60ee254ac
3c09fb5c-8108-4b4c-9b08-77a836814ac6,c23b3a58-fcb9-469e-ae6c-71cc4b8081d6
09df42df-0b32-4201-9725-526aee897927,c23b3a58-fcb9-469e-ae6c-71cc4b8081d6
09df42df-0b32-4201-9725-526aee897927,70681282-7a1e-4c53-a813-77416861bae1
85523722-f66d-4be0-97b5-38d144bdfb64,27038fdf-2c78-4f8d-978e-47d60ee254ac
85523722-f66d-4be0-97b5-38d144bdfb64,c23b3a58-fcb9-469e-ae6c-71cc4b8081d6
d6a42926-2d01-4af1-a136-d2250789c800,27038fdf-2c78-4f8d-978e-47d60ee254ac
29139dcb-b4be-4319-b626-e03584d3537d,27038fdf-2c78-4f8d-978e-47d60ee254ac
29139dcb-b4be-4319-b626-e03584d3537d,b7a2ac33-d4da-4554-a189-ca9091553fec
60842e15-04d9-4808-b655-09175f439903,c23b3a58-fcb9-469e-ae6c-71cc4b8081d6
60842e15-04d9-4808-b655-09175f439903,93371181-338e-4a76-a485-365a7e12ed8c
a9074f10-3a23-4a59-a634-a0f64f1dd988,27038fdf-2c78-4f8d-978e-47d60ee254ac
a9074f10-3a23-4a59-a634-a0f64f1dd988,c23b3a58-fcb9-469e-ae6c-71cc4b8081d6
d28b3def-2d8a-4148-b663-6062bfdeeb23,27038fdf-2c78-4f8d-978e-47d60ee254ac
d28b3def-2d8a-4148-b663-6062bfdeeb23,c23b3a58-fcb9-469e-ae6c-71cc4b8081d6
10eeea71-24ef-4542-a47d-8bf190c3e939,27038fdf-2c78-4f8d-978e-47d60ee254ac
10eeea71-24ef-4542-a47d-8bf190c3e939,c23b3a58-fcb9-469e-ae6c-71cc4b8081d6
7012cec0-8ca3-4f3d-8900-4bc3c8a24aa1,27038fdf-2c78-4f8d-978e-47d60ee254ac
7012cec0-8ca3-4f3d-8900-4bc3c8a24aa1,b7a2ac33-d4da-4554-a189-ca9091553fec
8e616bc9-1d1c-49e4-9c68-d033faaa28d6,27038fdf-2c78-4f8d-978e-47d60ee254ac
8e616bc9-1d1c-49e4-9c68-d033faaa28d6,c23b3a58-fcb9-469e-ae6c-71cc4b8081d6
0b064375-dddb-425b-85e5-4d4db36cb3ff,27038fdf-2c78-4f8d-978e-47d60ee254ac
0b064375-dddb-425b-85e5-4d4db36cb3ff,c23b3a58-fcb9-469e-ae6c-71cc4b8081d6
53fddd02-54ca-478a-930c-f069b30cf9c9,70681282-7a1e-4c53-a813-77416861bae1
19965126-7d2f-424c-90d1-c315f5080c99,27038fdf-2c78-4f8d-978e-47d60ee254ac
19965126-7d2f-424c-90d1-c315f5080c99,c23b3a58-fcb9-469e-ae6c-71cc4b8081d6
5a3ab606-4e9a-4990-9a24-237e731b4c20,27038fdf-2c78-4f8d-978e-47d60ee254ac
5a3ab606-4e9a-4990-9a24-237e731b4c20,a3d4e4e4-e0c4-43a0-acc7-6a9efa10d7f9
6214e864-de17-4b4b-a357-a7b461fe8658,27038fdf-2c78-4f8d-978e-47d60ee254ac
6214e864-de17-4b4b-a357-a7b461fe8658,c23b3a58-fcb9-469e-ae6c-71cc4b8081d6
f45ccefe-c158-4bd1-8803-31a229f78c10,d01d6ec4-e750-4988-925b-0834eab7c166
f45ccefe-c158-4bd1-8803-31a229f78c10,2fee6500-3318-49e9-9027-dc7d246c2fbf
6eec7b4d-06e0-4916-a091-da264eb57133,70681282-7a1e-4c53-a813-77416861bae1
10aa256c-6a5f-4270-b825-660d2807d30a,27038fdf-2c78-4f8d-978e-47d60ee254ac
10aa256c-6a5f-4270-b825-660d2807d30a,c23b3a58-fcb9-469e-ae6c-71cc4b8081d6
e4b1f984-84e5-41ca-bea9-16d93fb97fdc,27038fdf-2c78-4f8d-978e-47d60ee254ac
e4b1f984-84e5-41ca-bea9-16d93fb97fdc,c23b3a58-fcb9-469e-ae6c-71cc4b8081d6
d9bd3ac3-0b83-4fd9-9d52-f12549d418c2,27038fdf-2c78-4f8d-978e-47d60ee254ac
d9bd3ac3-0b83-4fd9-9d52-f12549d418c2,c23b3a58-fcb9-469e-ae6c-71cc4b8081d6
98c98d68-702e-41cd-8fa4-c8e212a68546,27038fdf-2c78-4f8d-978e-47d60ee254ac
98c98d68-702e-41cd-8fa4-c8e212a68546,c23b3a58-fcb9-469e-ae6c-71cc4b8081d6
6921db42-e5a1-4f6b-9fd3-eea25d0ca633,27038fdf-2c78-4f8d-978e-47d60ee254ac
1ccd634c-66e7-41ee-a07c-920a48b17423,27038fdf-2c78-4f8d-978e-47d60ee254ac
1ccd634c-66e7-41ee-a07c-920a48b17423,c23b3a58-fcb9-469e-ae6c-71cc4b8081d6
f8d983c0-4d4f-4fa3-aa7b-42ab877bf01c,c23b3a58-fcb9-469e-ae6c-71cc4b8081d6
850d1e28-39fb-46e2-b286-ccdcedb2399a,27038fdf-2c78-4f8d-978e-47d60ee254ac
850d1e28-39fb-46e2-b286-ccdcedb2399a,c23b3a58-fcb9-469e-ae6c-71cc4b8081d6
916cd2f3-b603-4d2b-94b8-5fc5f66ce9fe,27038fdf-2c78-4f8d-978e-47d60ee254ac
916cd2f3-b603-4d2b-94b8-5fc5f66ce9fe,c23b3a58-fcb9-469e-ae6c-71cc4b8081d6
9d5d0738-21f6-40f1-a51d-a8d913d8646f,27038fdf-2c78-4f8d-978e-47d60ee254ac
9d5d0738-21f6-40f1-a51d-a8d913d8646f,c23b3a58-fcb9-469e-ae6c-71cc4b8081d6
7d513d21-73f2-4db0-8c9d-44f44f02d90d,27038fdf-2c78-4f8d-978e-47d60ee254ac
7d513d21-73f2-4db0-8c9d-44f44f02d90d,c23b3a58-fcb9-469e-ae6c-71cc4b8081d6
b7f59742-f51f-4dd0-b08c-ac3091ad7802,27038fdf-2c78-4f8d-978e-47d60ee254ac
b7f59742-f51f-4dd0-b08c-ac3091ad7802,2e276947-946d-4127-b257-b1f467977678
56d6fc65-4a4f-4a16-b746-b8ec56d6c837,27038fdf-2c78-4f8d-978e-47d60ee254ac
56d6fc65-4a4f-4a16-b746-b8ec56d6c837,c23b3a58-fcb9-469e-ae6c-71cc4b8081d6
c7b2f9fe-e314-461a-a7d6-f47a7dc1cc91,27038fdf-2c78-4f8d-978e-47d60ee254ac
c7b2f9fe-e314-461a-a7d6-f47a7dc1cc91,c23b3a58-fcb9-469e-ae6c-71cc4b8081d6
b2a8ab4c-494f-42cc-8531-8c2583ac4a67,27038fdf-2c78-4f8d-978e-47d60ee254ac
b2a8ab4c-494f-42cc-8531-8c2583ac4a67,c23b3a58-fcb9-469e-ae6c-71cc4b8081d6
54fb4fc9-4d9b-422a-8241-9644e740e59c,27038fdf-2c78-4f8d-978e-47d60ee254ac
54fb4fc9-4d9b-422a-8241-9644e740e59c,c23b3a58-fcb9-469e-ae6c-71cc4b8081d6
323e4bd2-a468-49b5-b4a5-0fbe17d50244,27038fdf-2c78-4f8d-978e-47d60ee254ac
323e4bd2-a468-49b5-b4a5-0fbe17d50244,c23b3a58-fcb9-469e-ae6c-71cc4b8081d6
dc8964c5-6650-438b-bdb3-24012b9c6ca1,27038fdf-2c78-4f8d-978e-47d60ee254ac
dc8964c5-6650-438b-bdb3-24012b9c6ca1,c23b3a58-fcb9-469e-ae6c-71cc4b8081d6
a422f5f7-7b4f-41cf-b825-e91299695fa0,27038fdf-2c78-4f8d-978e-47d60ee254ac
a422f5f7-7b4f-41cf-b825-e91299695fa0,a3d4e4e4-e0c4-43a0-acc7-6a9efa10d7f9
11be3620-da93-41ac-bf36-1ac52855a154,27038fdf-2c78-4f8d-978e-47d60ee254ac
11be3620-da93-41ac-bf36-1ac52855a154,c23b3a58-fcb9-469e-ae6c-71cc4b8081d6
50ea7a7b-798e-4ab3-8b45-2593e6a740b9,d01d6ec4-e750-4988-925b-0834eab7c166
1a069714-7e86-49bc-8eee-2460a510fd1b,27038fdf-2c78-4f8d-978e-47d60ee254ac
1a069714-7e86-49bc-8eee-2460a510fd1b,5e8fa0ec-5263-4ffe-88c0-76250ba97d89
f6c55a58-801e-4e32-81e2-b98c4e4ba58b,27038fdf-2c78-4f8d-978e-47d60ee254ac
f6c55a58-801e-4e32-81e2-b98c4e4ba58b,c23b3a58-fcb9-469e-ae6c-71cc4b8081d6
144ae507-96d4-424b-a098-8bf38741e7ba,27038fdf-2c78-4f8d-978e-47d60ee254ac
144ae507-96d4-424b-a098-8bf38741e7ba,c23b3a58-fcb9-469e-ae6c-71cc4b8081d6
96dc67f2-011a-4ae6-ae2c-59f15336d97c,27038fdf-2c78-4f8d-978e-47d60ee254ac
96dc67f2-011a-4ae6-ae2c-59f15336d97c,c23b3a58-fcb9-469e-ae6c-71cc4b8081d6
fdab7eef-e486-4c11-bcff-a7f37874bab7,27038fdf-2c78-4f8d-978e-47d60ee254ac
fdab7eef-e486-4c11-bcff-a7f37874bab7,c23b3a58-fcb9-469e-ae6c-71cc4b8081d6
c30d08cb-6799-4c01-843f-357c6157be5b,27038fdf-2c78-4f8d-978e-47d60ee254ac
c30d08cb-6799-4c01-843f-357c6157be5b,c23b3a58-fcb9-469e-ae6c-71cc4b8081d6
80393bb3-d348-4476-b5db-decad580de5f,27038fdf-2c78-4f8d-978e-47d60ee254ac
80393bb3-d348-4476-b5db-decad580de5f,c23b3a58-fcb9-469e-ae6c-71cc4b8081d6
a0414bd9-b808-4b72-8f73-de2a6e0bf9dd,27038fdf-2c78-4f8d-978e-47d60ee254ac
a0414bd9-b808-4b72-8f73-de2a6e0bf9dd,d01d6ec4-e750-4988-925b-0834eab7c166
42cc56ac-a9ae-41bd-9745-68a2bf9362fb,27038fdf-2c78-4f8d-978e-47d60ee254ac
42cc56ac-a9ae-41bd-9745-68a2bf9362fb,c23b3a58-fcb9-469e-ae6c-71cc4b8081d6
cc8a3dd8-f1e4-4bf0-890f-afb463cbed84,27038fdf-2c78-4f8d-978e-47d60ee254ac
cc8a3dd8-f1e4-4bf0-890f-afb463cbed84,c23b3a58-fcb9-469e-ae6c-71cc4b8081d6
5befc72f-0d6e-4aea-addc-be50b6c1a02e,27038fdf-2c78-4f8d-978e-47d60ee254ac
5befc72f-0d6e-4aea-addc-be50b6c1a02e,c23b3a58-fcb9-469e-ae6c-71cc4b8081d6
ff363d88-a497-4362-804b-a2c9511d666f,27038fdf-2c78-4f8d-978e-47d60ee254ac
ff363d88-a497-4362-804b-a2c9511d666f,c23b3a58-fcb9-469e-ae6c-71cc4b8081d6
b7d6ff6f-2dd3-4363-adef-5bf2e8fe6256,c23b3a58-fcb9-469e-ae6c-71cc4b8081d6
b7d6ff6f-2dd3-4363-adef-5bf2e8fe6256,7980c516-ee2b-469c-bac0-997042753262
ac8f6ef4-3223-4226-b358-b6cd3a3b8e33,27038fdf-2c78-4f8d-978e-47d60ee254ac
ac8f6ef4-3223-4226-b358-b6cd3a3b8e33,c23b3a58-fcb9-469e-ae6c-71cc4b8081d6
0579ebca-89d5-4fd4-8158-34561a0adc27,27038fdf-2c78-4f8d-978e-47d60ee254ac
0579ebca-89d5-4fd4-8158-34561a0adc27,c23b3a58-fcb9-469e-ae6c-71cc4b8081d6
c5d06d78-f98b-4352-829c-7ac5510a1d3a,27038fdf-2c78-4f8d-978e-47d60ee254ac
c5d06d78-f98b-4352-829c-7ac5510a1d3a,c23b3a58-fcb9-469e-ae6c-71cc4b8081d6
a4bd3e53-80c8-4614-b5ff-06480eeed4fa,27038fdf-2c78-4f8d-978e-47d60ee254ac
a4bd3e53-80c8-4614-b5ff-06480eeed4fa,c23b3a58-fcb9-469e-ae6c-71cc4b8081d6
627ce97d-3895-42f5-ad4c-8d0a750f81aa,27038fdf-2c78-4f8d-978e-47d60ee254ac
8f1ca106-4b3a-4f62-82df-a1a847053299,27038fdf-2c78-4f8d-978e-47d60ee254ac
8f1ca106-4b3a-4f62-82df-a1a847053299,c23b3a58-fcb9-469e-ae6c-71cc4b8081d6
caf63b0d-df86-4ce6-91cf-b71190ec6db0,27038fdf-2c78-4f8d-978e-47d60ee254ac
caf63b0d-df86-4ce6-91cf-b71190ec6db0,c23b3a58-fcb9-469e-ae6c-71cc4b8081d6
33ce92e4-4a86-4c67-b75d-79f6f1380867,27038fdf-2c78-4f8d-978e-47d60ee254ac
33ce92e4-4a86-4c67-b75d-79f6f1380867,c23b3a58-fcb9-469e-ae6c-71cc4b8081d6
c9ef9714-4e55-45a7-add3-b03b7b59179f,27038fdf-2c78-4f8d-978e-47d60ee254ac
c9ef9714-4e55-45a7-add3-b03b7b59179f,c23b3a58-fcb9-469e-ae6c-71cc4b8081d6
49a051d0-1af5-4601-96c9-73a6309781ad,27038fdf-2c78-4f8d-978e-47d60ee254ac
49a051d0-1af5-4601-96c9-73a6309781ad,c23b3a58-fcb9-469e-ae6c-71cc4b8081d6
9d907787-44de-4239-9a5a-b978486bc4b8,27038fdf-2c78-4f8d-978e-47d60ee254ac
9d907787-44de-4239-9a5a-b978486bc4b8,c23b3a58-fcb9-469e-ae6c-71cc4b8081d6
617a280b-ec34-4329-a405-83ea9a748c53,27038fdf-2c78-4f8d-978e-47d60ee254ac
a7634dfd-371f-4b23-a358-a92e5bfa858f,c23b3a58-fcb9-469e-ae6c-71cc4b8081d6
b1fddc5e-57fb-468c-a972-1bf05664b36b,27038fdf-2c78-4f8d-978e-47d60ee254ac
b1fddc5e-57fb-468c-a972-1bf05664b36b,b7a2ac33-d4da-4554-a189-ca9091553fec
e9466fe6-83c1-4e20-a875-a92d18092cf2,27038fdf-2c78-4f8d-978e-47d60ee254ac
e9466fe6-83c1-4e20-a875-a92d18092cf2,c23b3a58-fcb9-469e-ae6c-71cc4b8081d6
dada16ee-59cd-4d63-bc5d-47491aef571f,27038fdf-2c78-4f8d-978e-47d60ee254ac
dada16ee-59cd-4d63-bc5d-47491aef571f,c23b3a58-fcb9-469e-ae6c-71cc4b8081d6
5e2157bf-fdd5-4fe1-9cf1-0d92a3037178,27038fdf-2c78-4f8d-978e-47d60ee254ac
5e2157bf-fdd5-4fe1-9cf1-0d92a3037178,c23b3a58-fcb9-469e-ae6c-71cc4b8081d6
6af38676-d011-4ba9-830d-427b4278dcbc,27038fdf-2c78-4f8d-978e-47d60ee254ac
6af38676-d011-4ba9-830d-427b4278dcbc,c23b3a58-fcb9-469e-ae6c-71cc4b8081d6
8a437997-f5e0-4f89-a691-fd8457422337,27038fdf-2c78-4f8d-978e-47d60ee254ac
8a437997-f5e0-4f89-a691-fd8457422337,c23b3a58-fcb9-469e-ae6c-71cc4b8081d6
68e35ab4-4a07-4179-883f-6fe9ce3a0f1d,27038fdf-2c78-4f8d-978e-47d60ee254ac
68e35ab4-4a07-4179-883f-6fe9ce3a0f1d,c23b3a58-fcb9-469e-ae6c-71cc4b8081d6
88a1fdc5-1551-4354-83de-cbb45eed125c,27038fdf-2c78-4f8d-978e-47d60ee254ac
88a1fdc5-1551-4354-83de-cbb45eed125c,c23b3a58-fcb9-469e-ae6c-71cc4b8081d6
a91a6e7e-d2bc-44f8-bbc3-f4dc57127910,27038fdf-2c78-4f8d-978e-47d60ee254ac
a91a6e7e-d2bc-44f8-bbc3-f4dc57127910,c23b3a58-fcb9-469e-ae6c-71cc4b8081d6
dce54f7e-bddd-41b8-90eb-4c68d47f5f80,27038fdf-2c78-4f8d-978e-47d60ee254ac
dce54f7e-bddd-41b8-90eb-4c68d47f5f80,c23b3a58-fcb9-469e-ae6c-71cc4b8081d6
47aa102a-71e4-49c7-8d98-db0c0904dde3,27038fdf-2c78-4f8d-978e-47d60ee254ac
47aa102a-71e4-49c7-8d98-db0c0904dde3,c23b3a58-fcb9-469e-ae6c-71cc4b8081d6
451f5dd2-6d01-4a34-a05d-9c569a9a03de,27038fdf-2c78-4f8d-978e-47d60ee254ac
451f5dd2-6d01-4a34-a05d-9c569a9a03de,c23b3a58-fcb9-469e-ae6c-71cc4b8081d6
600b2796-0f03-4eca-84f0-a696a4da0729,27038fdf-2c78-4f8d-978e-47d60ee254ac
600b2796-0f03-4eca-84f0-a696a4da0729,c23b3a58-fcb9-469e-ae6c-71cc4b8081d6
8615b1eb-5e08-4018-be57-49dea1724315,c23b3a58-fcb9-469e-ae6c-71cc4b8081d6
8615b1eb-5e08-4018-be57-49dea1724315,06c46c4f-dcf2-44c1-992e-7750351c170d
b345decb-a7e5-4d0b-ba7d-5f2c521f93a0,27038fdf-2c78-4f8d-978e-47d60ee254ac
b345decb-a7e5-4d0b-ba7d-5f2c521f93a0,c23b3a58-fcb9-469e-ae6c-71cc4b8081d6
0754606f-4e74-4655-b3e8-ff567481e294,27038fdf-2c78-4f8d-978e-47d60ee254ac
6a26d062-d3c5-4436-bee6-b64603a6940a,27038fdf-2c78-4f8d-978e-47d60ee254ac
6a26d062-d3c5-4436-bee6-b64603a6940a,c23b3a58-fcb9-469e-ae6c-71cc4b8081d6
a11b7caf-c1ed-4353-9534-f546410b8bfc,27038fdf-2c78-4f8d-978e-47d60ee254ac
e85554eb-016c-4011-b736-d8dde5be866e,27038fdf-2c78-4f8d-978e-47d60ee254ac
e85554eb-016c-4011-b736-d8dde5be866e,c23b3a58-fcb9-469e-ae6c-71cc4b8081d6
de0a36c2-4fae-404d-ad19-5d00f23e6989,27038fdf-2c78-4f8d-978e-47d60ee254ac
de0a36c2-4fae-404d-ad19-5d00f23e6989,c23b3a58-fcb9-469e-ae6c-71cc4b8081d6
af726a83-173b-4c09-9d45-e8253f9de0e9,27038fdf-2c78-4f8d-978e-47d60ee254ac
af726a83-173b-4c09-9d45-e8253f9de0e9,c23b3a58-fcb9-469e-ae6c-71cc4b8081d6
39eac0ae-a206-4fd4-beee-f9d6b257dfc0,27038fdf-2c78-4f8d-978e-47d60ee254ac
39eac0ae-a206-4fd4-beee-f9d6b257dfc0,c23b3a58-fcb9-469e-ae6c-71cc4b8081d6
eadc2778-07d3-45db-9e19-65b52a2e3234,27038fdf-2c78-4f8d-978e-47d60ee254ac
eadc2778-07d3-45db-9e19-65b52a2e3234,c23b3a58-fcb9-469e-ae6c-71cc4b8081d6
b1626d79-83a0-4ba6-8fad-e390820d072d,27038fdf-2c78-4f8d-978e-47d60ee254ac
b1626d79-83a0-4ba6-8fad-e390820d072d,c23b3a58-fcb9-469e-ae6c-71cc4b8081d6
d0113431-158d-4b47-8a85-c8d273dab112,2fee6500-3318-49e9-9027-dc7d246c2fbf
d0113431-158d-4b47-8a85-c8d273dab112,3f5e55d3-ef6d-446d-80f5-1cb8481af55f
b32b2777-584f-4b90-9af6-e3a327631c52,27038fdf-2c78-4f8d-978e-47d60ee254ac
b32b2777-584f-4b90-9af6-e3a327631c52,c23b3a58-fcb9-469e-ae6c-71cc4b8081d6
253b856d-459e-44da-afeb-a1b03ee53a43,27038fdf-2c78-4f8d-978e-47d60ee254ac
253b856d-459e-44da-afeb-a1b03ee53a43,c23b3a58-fcb9-469e-ae6c-71cc4b8081d6
aec7bb37-72ec-4a6e-9cb5-387978576fe7,27038fdf-2c78-4f8d-978e-47d60ee254ac
aec7bb37-72ec-4a6e-9cb5-387978576fe7,c23b3a58-fcb9-469e-ae6c-71cc4b8081d6
b05fb914-d305-4307-90fd-5d7fe6b471ce,27038fdf-2c78-4f8d-978e-47d60ee254ac
b05fb914-d305-4307-90fd-5d7fe6b471ce,c23b3a58-fcb9-469e-ae6c-71cc4b8081d6
2f0b45bf-e1f4-45cb-944e-fccee2d0dcdb,27038fdf-2c78-4f8d-978e-47d60ee254ac
2f0b45bf-e1f4-45cb-944e-fccee2d0dcdb,c23b3a58-fcb9-469e-ae6c-71cc4b8081d6
50f9b683-a1cc-4737-8a78-8dbadacb2db5,27038fdf-2c78-4f8d-978e-47d60ee254ac
50f9b683-a1cc-4737-8a78-8dbadacb2db5,c23b3a58-fcb9-469e-ae6c-71cc4b8081d6
56416e2b-bae6-469a-b6eb-4fe5909ae1c8,27038fdf-2c78-4f8d-978e-47d60ee254ac
56416e2b-bae6-469a-b6eb-4fe5909ae1c8,c23b3a58-fcb9-469e-ae6c-71cc4b8081d6
c669c00a-0ad1-4ea7-8011-ec7ce1cc3ef5,27038fdf-2c78-4f8d-978e-47d60ee254ac
c669c00a-0ad1-4ea7-8011-ec7ce1cc3ef5,c23b3a58-fcb9-469e-ae6c-71cc4b8081d6
efb7cf0f-e8ff-49c1-80ee-8392a7bb83ea,27038fdf-2c78-4f8d-978e-47d60ee254ac
bf9d9ebf-a513-480b-85b7-94c448b1b689,27038fdf-2c78-4f8d-978e-47d60ee254ac
bf9d9ebf-a513-480b-85b7-94c448b1b689,56c13080-3f26-41e5-bbc1-a62f859aeee9
783cd350-251b-40d2-a82a-1e19530e3ac4,27038fdf-2c78-4f8d-978e-47d60ee254ac
783cd350-251b-40d2-a82a-1e19530e3ac4,c23b3a58-fcb9-469e-ae6c-71cc4b8081d6
faab1d5b-7e9a-41ac-a0fc-aa7f3a5f7fc2,27038fdf-2c78-4f8d-978e-47d60ee254ac
faab1d5b-7e9a-41ac-a0fc-aa7f3a5f7fc2,c23b3a58-fcb9-469e-ae6c-71cc4b8081d6
697fbe03-80e3-4abb-a833-6ae90ec62ec2,27038fdf-2c78-4f8d-978e-47d60ee254ac
697fbe03-80e3-4abb-a833-6ae90ec62ec2,c23b3a58-fcb9-469e-ae6c-71cc4b8081d6
2d2d935b-6173-430e-9fbd-2a4e8645b823,27038fdf-2c78-4f8d-978e-47d60ee254ac
2d2d935b-6173-430e-9fbd-2a4e8645b823,c23b3a58-fcb9-469e-ae6c-71cc4b8081d6
77c28491-cb2f-4f02-8731-a2dbcd344918,27038fdf-2c78-4f8d-978e-47d60ee254ac
77c28491-cb2f-4f02-8731-a2dbcd344918,c23b3a58-fcb9-469e-ae6c-71cc4b8081d6
bed16451-5501-4af8-9497-770383430bb5,27038fdf-2c78-4f8d-978e-47d60ee254ac
bed16451-5501-4af8-9497-770383430bb5,c23b3a58-fcb9-469e-ae6c-71cc4b8081d6
e1647c90-8118-4c32-8ace-3af5f395be35,27038fdf-2c78-4f8d-978e-47d60ee254ac
e1647c90-8118-4c32-8ace-3af5f395be35,d01d6ec4-e750-4988-925b-0834eab7c166
91a4ffcf-2c95-4563-90f1-2769f72c575c,27038fdf-2c78-4f8d-978e-47d60ee254ac
91a4ffcf-2c95-4563-90f1-2769f72c575c,c23b3a58-fcb9-469e-ae6c-71cc4b8081d6
d6b22e85-139b-40ee-a152-d0ae2f3ce226,27038fdf-2c78-4f8d-978e-47d60ee254ac
d6b22e85-139b-40ee-a152-d0ae2f3ce226,c23b3a58-fcb9-469e-ae6c-71cc4b8081d6
9cb66ce6-348c-4be8-ab7d-ad3bf2ee101a,27038fdf-2c78-4f8d-978e-47d60ee254ac
9cb66ce6-348c-4be8-ab7d-ad3bf2ee101a,c23b3a58-fcb9-469e-ae6c-71cc4b8081d6
d8f91d3d-d590-4bec-9db0-9acbc6718888,27038fdf-2c78-4f8d-978e-47d60ee254ac
d8f91d3d-d590-4bec-9db0-9acbc6718888,c23b3a58-fcb9-469e-ae6c-71cc4b8081d6
f3f8f799-d395-4e53-97f2-7514d0daf536,27038fdf-2c78-4f8d-978e-47d60ee254ac
f3f8f799-d395-4e53-97f2-7514d0daf536,c23b3a58-fcb9-469e-ae6c-71cc4b8081d6
26b1018c-10cc-444a-996c-d7a50fceb2f8,27038fdf-2c78-4f8d-978e-47d60ee254ac
26b1018c-10cc-444a-996c-d7a50fceb2f8,b7a2ac33-d4da-4554-a189-ca9091553fec
4a518229-113a-4f2f-a687-1678c1b8bab2,27038fdf-2c78-4f8d-978e-47d60ee254ac
4a518229-113a-4f2f-a687-1678c1b8bab2,c23b3a58-fcb9-469e-ae6c-71cc4b8081d6
c48d94a8-10d6-4a98-8b0e-cfb9f0be67ff,27038fdf-2c78-4f8d-978e-47d60ee254ac
c48d94a8-10d6-4a98-8b0e-cfb9f0be67ff,e8dd9d13-d53e-4793-9446-5b57bfd711ed
22052206-bc08-4dc7-aba7-a10bf5b5f7ce,27038fdf-2c78-4f8d-978e-47d60ee254ac
22052206-bc08-4dc7-aba7-a10bf5b5f7ce,c23b3a58-fcb9-469e-ae6c-71cc4b8081d6
e21637af-828a-4793-9ae0-1ebb8122c11f,27038fdf-2c78-4f8d-978e-47d60ee254ac
e21637af-828a-4793-9ae0-1ebb8122c11f,c23b3a58-fcb9-469e-ae6c-71cc4b8081d6
23dc7540-0b19-42f0-9471-479332a585a5,27038fdf-2c78-4f8d-978e-47d60ee254ac
23dc7540-0b19-42f0-9471-479332a585a5,d01d6ec4-e750-4988-925b-0834eab7c166
d36f97b6-d6a0-4741-b06e-bccfbfdb621e,b7a2ac33-d4da-4554-a189-ca9091553fec
df598849-e608-45e2-a21f-5f64272a783c,27038fdf-2c78-4f8d-978e-47d60ee254ac
fe602d29-5351-41ff-9ee4-589051c13728,27038fdf-2c78-4f8d-978e-47d60ee254ac
fe602d29-5351-41ff-9ee4-589051c13728,c23b3a58-fcb9-469e-ae6c-71cc4b8081d6
0baf1697-4f58-476e-8c6e-fed56dd63109,27038fdf-2c78-4f8d-978e-47d60ee254ac
4e8b675c-a2d6-4611-a6ce-850710482afb,27038fdf-2c78-4f8d-978e-47d60ee254ac
4e8b675c-a2d6-4611-a6ce-850710482afb,b2eed5a0-f5ce-4049-9ba0-777af73f5054
8c757241-8b40-4e21-8335-e66507ab3849,27038fdf-2c78-4f8d-978e-47d60ee254ac
8c757241-8b40-4e21-8335-e66507ab3849,c23b3a58-fcb9-469e-ae6c-71cc4b8081d6
677c1b04-67be-4e08-b35a-8e92105e77fe,27038fdf-2c78-4f8d-978e-47d60ee254ac
677c1b04-67be-4e08-b35a-8e92105e77fe,c23b3a58-fcb9-469e-ae6c-71cc4b8081d6
c3deb2bf-e222-4850-a561-903b9e0affc2,27038fdf-2c78-4f8d-978e-47d60ee254ac
c3deb2bf-e222-4850-a561-903b9e0affc2,0608ad09-8cb7-44ff-87f4-c3d12696fc02
4a7db6e5-4876-4d77-8ceb-145405bfdfe6,27038fdf-2c78-4f8d-978e-47d60ee254ac
4a7db6e5-4876-4d77-8ceb-145405bfdfe6,c23b3a58-fcb9-469e-ae6c-71cc4b8081d6
69951fdc-89e4-4d4f-90e1-a37afb8db8d7,27038fdf-2c78-4f8d-978e-47d60ee254ac
69951fdc-89e4-4d4f-90e1-a37afb8db8d7,c23b3a58-fcb9-469e-ae6c-71cc4b8081d6
323f3d10-46aa-4b02-b415-b2c78ffedc35,27038fdf-2c78-4f8d-978e-47d60ee254ac
323f3d10-46aa-4b02-b415-b2c78ffedc35,5e8fa0ec-5263-4ffe-88c0-76250ba97d89
a99a2240-6c8a-4ebf-8b02-78ba9d57178a,27038fdf-2c78-4f8d-978e-47d60ee254ac
a99a2240-6c8a-4ebf-8b02-78ba9d57178a,c23b3a58-fcb9-469e-ae6c-71cc4b8081d6
5738014a-5108-4f0b-8598-c50c37a324cd,27038fdf-2c78-4f8d-978e-47d60ee254ac
5738014a-5108-4f0b-8598-c50c37a324cd,f8a2d711-686f-468b-ba4a-fe1c8f778a84
63388810-2643-41d2-9a69-1c93651bf3e4,27038fdf-2c78-4f8d-978e-47d60ee254ac
63388810-2643-41d2-9a69-1c93651bf3e4,1a7c3d1f-8cb0-4bdc-9f16-116f815cc804
defa306e-1bd4-440a-9ff5-1d9af35cbe9d,27038fdf-2c78-4f8d-978e-47d60ee254ac
defa306e-1bd4-440a-9ff5-1d9af35cbe9d,c23b3a58-fcb9-469e-ae6c-71cc4b8081d6
c7321f65-ffc3-431e-88cb-339b7a79b841,27038fdf-2c78-4f8d-978e-47d60ee254ac
c7321f65-ffc3-431e-88cb-339b7a79b841,c23b3a58-fcb9-469e-ae6c-71cc4b8081d6
c25dd6a1-0ee3-4334-833c-7952bcfb78fe,27038fdf-2c78-4f8d-978e-47d60ee254ac
c25dd6a1-0ee3-4334-833c-7952bcfb78fe,c23b3a58-fcb9-469e-ae6c-71cc4b8081d6
85efd689-b8d0-48d7-a7c9-39f1814d38ee,27038fdf-2c78-4f8d-978e-47d60ee254ac
85efd689-b8d0-48d7-a7c9-39f1814d38ee,c23b3a58-fcb9-469e-ae6c-71cc4b8081d6
72eba291-b6fe-4e1c-aa0d-faa5384b467b,27038fdf-2c78-4f8d-978e-47d60ee254ac
72eba291-b6fe-4e1c-aa0d-faa5384b467b,c23b3a58-fcb9-469e-ae6c-71cc4b8081d6
6f6ebb18-1b60-4027-bc68-3d4403b05e2f,27038fdf-2c78-4f8d-978e-47d60ee254ac
6f6ebb18-1b60-4027-bc68-3d4403b05e2f,741f99bb-d949-4525-8f59-a07da0042aa3
63627fba-b871-4640-88df-4edde83984e6,27038fdf-2c78-4f8d-978e-47d60ee254ac
63627fba-b871-4640-88df-4edde83984e6,c23b3a58-fcb9-469e-ae6c-71cc4b8081d6
8a3d1569-fde9-45a8-96e9-414343cd9204,27038fdf-2c78-4f8d-978e-47d60ee254ac
8a3d1569-fde9-45a8-96e9-414343cd9204,c23b3a58-fcb9-469e-ae6c-71cc4b8081d6
ec526468-89f5-4b7c-bd21-ecce07853220,c23b3a58-fcb9-469e-ae6c-71cc4b8081d6
ec526468-89f5-4b7c-bd21-ecce07853220,d01d6ec4-e750-4988-925b-0834eab7c166
3eacfbe9-0089-48bd-90cb-a8ce1bb72f16,27038fdf-2c78-4f8d-978e-47d60ee254ac
3eacfbe9-0089-48bd-90cb-a8ce1bb72f16,c23b3a58-fcb9-469e-ae6c-71cc4b8081d6
f6cd9fef-24ad-41a7-911d-e1f6067d56b7,27038fdf-2c78-4f8d-978e-47d60ee254ac
f6cd9fef-24ad-41a7-911d-e1f6067d56b7,c23b3a58-fcb9-469e-ae6c-71cc4b8081d6
aaf198a2-dd51-4c9f-a0e5-32e8053ae22f,27038fdf-2c78-4f8d-978e-47d60ee254ac
aaf198a2-dd51-4c9f-a0e5-32e8053ae22f,c23b3a58-fcb9-469e-ae6c-71cc4b8081d6
80d44691-eb10-4d66-93a0-749294f77c07,27038fdf-2c78-4f8d-978e-47d60ee254ac
80d44691-eb10-4d66-93a0-749294f77c07,c23b3a58-fcb9-469e-ae6c-71cc4b8081d6
ef933e38-5df1-4197-8075-1f64b1a46871,27038fdf-2c78-4f8d-978e-47d60ee254ac
ef933e38-5df1-4197-8075-1f64b1a46871,c23b3a58-fcb9-469e-ae6c-71cc4b8081d6
f980e0d9-2ecc-4352-8198-6875f836fec5,27038fdf-2c78-4f8d-978e-47d60ee254ac
f980e0d9-2ecc-4352-8198-6875f836fec5,c23b3a58-fcb9-469e-ae6c-71cc4b8081d6
8220f8d0-5cde-40e3-b1a1-b1609e453d3a,27038fdf-2c78-4f8d-978e-47d60ee254ac
8220f8d0-5cde-40e3-b1a1-b1609e453d3a,c23b3a58-fcb9-469e-ae6c-71cc4b8081d6
9f720d3d-2b15-43b3-ab81-a3aafa8d9603,27038fdf-2c78-4f8d-978e-47d60ee254ac
9f720d3d-2b15-43b3-ab81-a3aafa8d9603,c23b3a58-fcb9-469e-ae6c-71cc4b8081d6
ebefe012-413c-4685-b9d1-70256a142d17,27038fdf-2c78-4f8d-978e-47d60ee254ac
ebefe012-413c-4685-b9d1-70256a142d17,c23b3a58-fcb9-469e-ae6c-71cc4b8081d6
46c5bad0-f057-4dfe-aa9c-9ee63a594ce2,27038fdf-2c78-4f8d-978e-47d60ee254ac
46c5bad0-f057-4dfe-aa9c-9ee63a594ce2,c23b3a58-fcb9-469e-ae6c-71cc4b8081d6
d586fc24-6291-4521-a29b-fc6852e088a7,27038fdf-2c78-4f8d-978e-47d60ee254ac
d586fc24-6291-4521-a29b-fc6852e088a7,c23b3a58-fcb9-469e-ae6c-71cc4b8081d6
f592eefe-cca9-47be-b89a-bd28c20ec5c0,27038fdf-2c78-4f8d-978e-47d60ee254ac
f592eefe-cca9-47be-b89a-bd28c20ec5c0,7980c516-ee2b-469c-bac0-997042753262
f592eefe-cca9-47be-b89a-bd28c20ec5c0,d28caca4-8fac-4378-9942-dc6762b9f7d9
7216c2d5-e176-4382-b048-10ac7ad25e1f,27038fdf-2c78-4f8d-978e-47d60ee254ac
7216c2d5-e176-4382-b048-10ac7ad25e1f,d01d6ec4-e750-4988-925b-0834eab7c166
0474d3c0-268d-47fc-9a29-44314c3e6480,27038fdf-2c78-4f8d-978e-47d60ee254ac
1e598182-5797-48f3-a7fd-6262fd0d5a44,27038fdf-2c78-4f8d-978e-47d60ee254ac
1e598182-5797-48f3-a7fd-6262fd0d5a44,c23b3a58-fcb9-469e-ae6c-71cc4b8081d6
8cfedb6b-38b2-4d7a-ba6f-13ce1e8be7d7,27038fdf-2c78-4f8d-978e-47d60ee254ac
8cfedb6b-38b2-4d7a-ba6f-13ce1e8be7d7,c23b3a58-fcb9-469e-ae6c-71cc4b8081d6
8e7e454e-4acf-4d48-a57a-9b4427d00b83,27038fdf-2c78-4f8d-978e-47d60ee254ac
8e7e454e-4acf-4d48-a57a-9b4427d00b83,c23b3a58-fcb9-469e-ae6c-71cc4b8081d6
ebd431a3-7bec-4ae9-90aa-c25a7acd2891,27038fdf-2c78-4f8d-978e-47d60ee254ac
ebd431a3-7bec-4ae9-90aa-c25a7acd2891,c23b3a58-fcb9-469e-ae6c-71cc4b8081d6
99b55149-adb7-4ebd-becf-23959e854640,27038fdf-2c78-4f8d-978e-47d60ee254ac
99b55149-adb7-4ebd-becf-23959e854640,c23b3a58-fcb9-469e-ae6c-71cc4b8081d6
03f83e2c-3925-41bd-90be-e8bb60dde23c,27038fdf-2c78-4f8d-978e-47d60ee254ac
03f83e2c-3925-41bd-90be-e8bb60dde23c,c23b3a58-fcb9-469e-ae6c-71cc4b8081d6
fff98f66-b2ec-495b-a49b-9d5a671e8c24,27038fdf-2c78-4f8d-978e-47d60ee254ac
922208d2-4f92-45a9-abac-113b2171e5c3,27038fdf-2c78-4f8d-978e-47d60ee254ac
922208d2-4f92-45a9-abac-113b2171e5c3,c23b3a58-fcb9-469e-ae6c-71cc4b8081d6
dc9415c5-7cdc-48e9-9bd8-0c3f41d59a60,27038fdf-2c78-4f8d-978e-47d60ee254ac
dc9415c5-7cdc-48e9-9bd8-0c3f41d59a60,b646ab7f-1a60-43c6-ae98-ec17454582cb
40536309-f349-44cc-ac31-88b11b218225,27038fdf-2c78-4f8d-978e-47d60ee254ac
40536309-f349-44cc-ac31-88b11b218225,c23b3a58-fcb9-469e-ae6c-71cc4b8081d6
636c615a-3ae5-4045-930d-bea21f4b8dc7,27038fdf-2c78-4f8d-978e-47d60ee254ac
636c615a-3ae5-4045-930d-bea21f4b8dc7,c23b3a58-fcb9-469e-ae6c-71cc4b8081d6
e529f6ed-1e70-4d50-b89e-61e1d9d5fff0,27038fdf-2c78-4f8d-978e-47d60ee254ac
e529f6ed-1e70-4d50-b89e-61e1d9d5fff0,c23b3a58-fcb9-469e-ae6c-71cc4b8081d6
98f7d2c8-4acb-44d5-97cc-16ae7046b746,27038fdf-2c78-4f8d-978e-47d60ee254ac
98f7d2c8-4acb-44d5-97cc-16ae7046b746,56c13080-3f26-41e5-bbc1-a62f859aeee9
d055c8f0-c2d4-48b8-a4d1-f2e188186528,27038fdf-2c78-4f8d-978e-47d60ee254ac
d055c8f0-c2d4-48b8-a4d1-f2e188186528,c23b3a58-fcb9-469e-ae6c-71cc4b8081d6
a5aae4d9-2ec3-4fae-a77a-a863f2c718f8,27038fdf-2c78-4f8d-978e-47d60ee254ac
a5aae4d9-2ec3-4fae-a77a-a863f2c718f8,c23b3a58-fcb9-469e-ae6c-71cc4b8081d6
06083dda-00ab-4215-a597-ff70227c0bd2,5e8fa0ec-5263-4ffe-88c0-76250ba97d89
99b67ad5-767d-4d2e-937b-6396413811cc,27038fdf-2c78-4f8d-978e-47d60ee254ac
99b67ad5-767d-4d2e-937b-6396413811cc,c23b3a58-fcb9-469e-ae6c-71cc4b8081d6
138c61c1-b50e-4541-b232-0f3690b9f864,27038fdf-2c78-4f8d-978e-47d60ee254ac
138c61c1-b50e-4541-b232-0f3690b9f864,c23b3a58-fcb9-469e-ae6c-71cc4b8081d6
db9d722a-619e-4257-b594-e6e79941eae9,27038fdf-2c78-4f8d-978e-47d60ee254ac
db9d722a-619e-4257-b594-e6e79941eae9,c23b3a58-fcb9-469e-ae6c-71cc4b8081d6
aa038bb4-4b29-4e36-9138-5560b19b6d7b,27038fdf-2c78-4f8d-978e-47d60ee254ac
aa038bb4-4b29-4e36-9138-5560b19b6d7b,c23b3a58-fcb9-469e-ae6c-71cc4b8081d6
90368a14-f377-4dbf-82a9-d150c098a18e,27038fdf-2c78-4f8d-978e-47d60ee254ac
90368a14-f377-4dbf-82a9-d150c098a18e,c23b3a58-fcb9-469e-ae6c-71cc4b8081d6
8d05e361-a381-453b-b5f1-a5a0dce736dd,27038fdf-2c78-4f8d-978e-47d60ee254ac
8d05e361-a381-453b-b5f1-a5a0dce736dd,c23b3a58-fcb9-469e-ae6c-71cc4b8081d6
f2fc3063-21a8-4e8c-878a-a9177e25b593,27038fdf-2c78-4f8d-978e-47d60ee254ac
e043ebdb-0bd7-4de7-92e6-03a93485d2de,27038fdf-2c78-4f8d-978e-47d60ee254ac
e043ebdb-0bd7-4de7-92e6-03a93485d2de,c23b3a58-fcb9-469e-ae6c-71cc4b8081d6
a03f6f2d-f505-4051-ab29-a059bbe7564f,27038fdf-2c78-4f8d-978e-47d60ee254ac
a03f6f2d-f505-4051-ab29-a059bbe7564f,d01d6ec4-e750-4988-925b-0834eab7c166
cf30c944-0e91-448b-92f0-628293dce8a0,27038fdf-2c78-4f8d-978e-47d60ee254ac
cf30c944-0e91-448b-92f0-628293dce8a0,c23b3a58-fcb9-469e-ae6c-71cc4b8081d6
4d9b9db2-917c-4fe4-9f72-3b8dc6650874,27038fdf-2c78-4f8d-978e-47d60ee254ac
4d9b9db2-917c-4fe4-9f72-3b8dc6650874,c23b3a58-fcb9-469e-ae6c-71cc4b8081d6
25952d95-6ddf-421d-af78-9e68cf93e922,27038fdf-2c78-4f8d-978e-47d60ee254ac
25952d95-6ddf-421d-af78-9e68cf93e922,c23b3a58-fcb9-469e-ae6c-71cc4b8081d6
c3b498e9-a239-4122-a1e4-dc69a2e829ae,27038fdf-2c78-4f8d-978e-47d60ee254ac
c3b498e9-a239-4122-a1e4-dc69a2e829ae,c23b3a58-fcb9-469e-ae6c-71cc4b8081d6
555bd336-219b-4d34-8987-591e9db89ecd,27038fdf-2c78-4f8d-978e-47d60ee254ac
555bd336-219b-4d34-8987-591e9db89ecd,c23b3a58-fcb9-469e-ae6c-71cc4b8081d6
fe806757-3b4e-49d0-98ac-12970faffa7c,27038fdf-2c78-4f8d-978e-47d60ee254ac
fe806757-3b4e-49d0-98ac-12970faffa7c,c23b3a58-fcb9-469e-ae6c-71cc4b8081d6
46271d68-2d03-4d7d-92b8-9bfd8d076e4c,27038fdf-2c78-4f8d-978e-47d60ee254ac
46271d68-2d03-4d7d-92b8-9bfd8d076e4c,c23b3a58-fcb9-469e-ae6c-71cc4b8081d6
4a244445-1e66-4789-9a49-5aba6b56d596,27038fdf-2c78-4f8d-978e-47d60ee254ac
4a244445-1e66-4789-9a49-5aba6b56d596,c23b3a58-fcb9-469e-ae6c-71cc4b8081d6
d8e6f551-acf7-4fc5-897a-260b010a45a9,27038fdf-2c78-4f8d-978e-47d60ee254ac
d8e6f551-acf7-4fc5-897a-260b010a45a9,c23b3a58-fcb9-469e-ae6c-71cc4b8081d6
8a762c79-147d-4633-a96a-1307abf923bb,27038fdf-2c78-4f8d-978e-47d60ee254ac
8a762c79-147d-4633-a96a-1307abf923bb,c52589c8-3042-4f61-afe6-e4dc1a1afeac
4e54656c-9a28-4d31-9021-ad28ebca8824,27038fdf-2c78-4f8d-978e-47d60ee254ac
4e54656c-9a28-4d31-9021-ad28ebca8824,c23b3a58-fcb9-469e-ae6c-71cc4b8081d6
9f6851bb-6275-4835-ab81-ca0dcb28ffd4,27038fdf-2c78-4f8d-978e-47d60ee254ac
dbed636d-8e7f-496c-907e-8b012649ad8e,27038fdf-2c78-4f8d-978e-47d60ee254ac
dbed636d-8e7f-496c-907e-8b012649ad8e,c23b3a58-fcb9-469e-ae6c-71cc4b8081d6
87f97803-50f7-4785-89bd-0b93ea3d0333,27038fdf-2c78-4f8d-978e-47d60ee254ac
87f97803-50f7-4785-89bd-0b93ea3d0333,c23b3a58-fcb9-469e-ae6c-71cc4b8081d6
4d8c1fc2-5d64-4009-942e-8f4881561ed2,27038fdf-2c78-4f8d-978e-47d60ee254ac
4d8c1fc2-5d64-4009-942e-8f4881561ed2,c23b3a58-fcb9-469e-ae6c-71cc4b8081d6
faf5fb50-3452-4aa6-8517-7629ec5846ed,27038fdf-2c78-4f8d-978e-47d60ee254ac
faf5fb50-3452-4aa6-8517-7629ec5846ed,c23b3a58-fcb9-469e-ae6c-71cc4b8081d6
1ddb44ea-7598-4d19-a6ca-0605192cd76f,27038fdf-2c78-4f8d-978e-47d60ee254ac
1ddb44ea-7598-4d19-a6ca-0605192cd76f,c23b3a58-fcb9-469e-ae6c-71cc4b8081d6
af5fd1ec-65d3-42fc-9f02-e82dd069a8c9,27038fdf-2c78-4f8d-978e-47d60ee254ac
af5fd1ec-65d3-42fc-9f02-e82dd069a8c9,c23b3a58-fcb9-469e-ae6c-71cc4b8081d6
38ab5f31-064f-4038-994a-40d5befd8572,27038fdf-2c78-4f8d-978e-47d60ee254ac
38ab5f31-064f-4038-994a-40d5befd8572,c23b3a58-fcb9-469e-ae6c-71cc4b8081d6
38ab5f31-064f-4038-994a-40d5befd8572,b646ab7f-1a60-43c6-ae98-ec17454582cb
c93ef049-aeca-4112-baf1-8ffe36152d57,27038fdf-2c78-4f8d-978e-47d60ee254ac
c93ef049-aeca-4112-baf1-8ffe36152d57,c23b3a58-fcb9-469e-ae6c-71cc4b8081d6
f87ee4f2-ccf1-4969-9eac-7dc9be5dce62,d01d6ec4-e750-4988-925b-0834eab7c166
021d8222-b169-4f9b-8cfa-0163d08a6b62,27038fdf-2c78-4f8d-978e-47d60ee254ac
021d8222-b169-4f9b-8cfa-0163d08a6b62,c23b3a58-fcb9-469e-ae6c-71cc4b8081d6
32386f43-e767-4268-830d-cdd11b1ffae5,27038fdf-2c78-4f8d-978e-47d60ee254ac
32386f43-e767-4268-830d-cdd11b1ffae5,c23b3a58-fcb9-469e-ae6c-71cc4b8081d6
76966fee-5797-4ed9-8a60-73d79df4c269,27038fdf-2c78-4f8d-978e-47d60ee254ac
76966fee-5797-4ed9-8a60-73d79df4c269,c23b3a58-fcb9-469e-ae6c-71cc4b8081d6
812b0ef8-7124-470d-8acd-aee50fc8202f,27038fdf-2c78-4f8d-978e-47d60ee254ac
812b0ef8-7124-470d-8acd-aee50fc8202f,c23b3a58-fcb9-469e-ae6c-71cc4b8081d6
b2c197ca-a269-498f-a7dc-5642cd5825ee,27038fdf-2c78-4f8d-978e-47d60ee254ac
b2c197ca-a269-498f-a7dc-5642cd5825ee,c23b3a58-fcb9-469e-ae6c-71cc4b8081d6
a06df285-e5e0-4dd9-a5ff-2a9881d9198d,27038fdf-2c78-4f8d-978e-47d60ee254ac
a06df285-e5e0-4dd9-a5ff-2a9881d9198d,c23b3a58-fcb9-469e-ae6c-71cc4b8081d6
d295a410-df94-4687-b78c-bb3ed5e294a9,27038fdf-2c78-4f8d-978e-47d60ee254ac
d295a410-df94-4687-b78c-bb3ed5e294a9,c23b3a58-fcb9-469e-ae6c-71cc4b8081d6
28ead34f-1422-4b3b-a35f-39b4d213987a,27038fdf-2c78-4f8d-978e-47d60ee254ac
28ead34f-1422-4b3b-a35f-39b4d213987a,c23b3a58-fcb9-469e-ae6c-71cc4b8081d6
6d250ee7-39ec-41b5-bc46-1c6575c61416,27038fdf-2c78-4f8d-978e-47d60ee254ac
6d250ee7-39ec-41b5-bc46-1c6575c61416,c23b3a58-fcb9-469e-ae6c-71cc4b8081d6
b5aedaca-4697-4139-b3d5-077941abd9a2,27038fdf-2c78-4f8d-978e-47d60ee254ac
b5aedaca-4697-4139-b3d5-077941abd9a2,c23b3a58-fcb9-469e-ae6c-71cc4b8081d6
e7619aca-74ec-4ca7-99e0-7217583faa25,27038fdf-2c78-4f8d-978e-47d60ee254ac
e7619aca-74ec-4ca7-99e0-7217583faa25,c23b3a58-fcb9-469e-ae6c-71cc4b8081d6
6c28036b-2896-438f-8f82-5e97a7c827c7,27038fdf-2c78-4f8d-978e-47d60ee254ac
6c28036b-2896-438f-8f82-5e97a7c827c7,c23b3a58-fcb9-469e-ae6c-71cc4b8081d6
6c28036b-2896-438f-8f82-5e97a7c827c7,601c3f82-3dad-486a-aadc-4564a54a3d1b
297da054-5c5a-450d-a077-433c6cd0c118,27038fdf-2c78-4f8d-978e-47d60ee254ac
297da054-5c5a-450d-a077-433c6cd0c118,601c3f82-3dad-486a-aadc-4564a54a3d1b
7f4b5b4c-066f-4199-a0ba-ab23fc434c8a,27038fdf-2c78-4f8d-978e-47d60ee254ac
7f4b5b4c-066f-4199-a0ba-ab23fc434c8a,c23b3a58-fcb9-469e-ae6c-71cc4b8081d6
3077ea32-3625-4710-a209-255dfed11a1c,27038fdf-2c78-4f8d-978e-47d60ee254ac
3077ea32-3625-4710-a209-255dfed11a1c,c23b3a58-fcb9-469e-ae6c-71cc4b8081d6
c24f0ae3-7360-4f16-b1b1-3e61b27ea81d,27038fdf-2c78-4f8d-978e-47d60ee254ac
c24f0ae3-7360-4f16-b1b1-3e61b27ea81d,f5d0a374-01c6-4b30-a1df-dabe3ab24cda
c24f0ae3-7360-4f16-b1b1-3e61b27ea81d,fb72f02e-ce1d-4af6-9ca5-d6fa920e2551
6b925ced-9f3d-4016-adce-d102351d9e2c,27038fdf-2c78-4f8d-978e-47d60ee254ac
6b925ced-9f3d-4016-adce-d102351d9e2c,c23b3a58-fcb9-469e-ae6c-71cc4b8081d6
3e32b2e2-448a-4baf-864a-750cd7dbf505,c23b3a58-fcb9-469e-ae6c-71cc4b8081d6
f2491ed0-eb3a-451b-8bae-83a2adea7e81,27038fdf-2c78-4f8d-978e-47d60ee254ac
f2491ed0-eb3a-451b-8bae-83a2adea7e81,f8a2d711-686f-468b-ba4a-fe1c8f778a84
f2491ed0-eb3a-451b-8bae-83a2adea7e81,6e2bb113-887a-4d10-a983-5c787ddb4238
8cbce425-f4d3-4386-a9b5-e6cb4b9f2605,27038fdf-2c78-4f8d-978e-47d60ee254ac
8cbce425-f4d3-4386-a9b5-e6cb4b9f2605,c23b3a58-fcb9-469e-ae6c-71cc4b8081d6
713d68ff-f402-4601-9c0b-c614ed4def0e,27038fdf-2c78-4f8d-978e-47d60ee254ac
713d68ff-f402-4601-9c0b-c614ed4def0e,c23b3a58-fcb9-469e-ae6c-71cc4b8081d6
0333905c-04f1-41ef-8bc2-8524b7fc40a2,27038fdf-2c78-4f8d-978e-47d60ee254ac
0333905c-04f1-41ef-8bc2-8524b7fc40a2,3bd6032e-8e34-45a0-ac19-174ce21c4c70
a903b13e-9bd4-4e80-8fc7-f1727e81caac,27038fdf-2c78-4f8d-978e-47d60ee254ac
a903b13e-9bd4-4e80-8fc7-f1727e81caac,c23b3a58-fcb9-469e-ae6c-71cc4b8081d6
bd99691c-fa85-4a0f-985b-9656fda72e25,27038fdf-2c78-4f8d-978e-47d60ee254ac
bd99691c-fa85-4a0f-985b-9656fda72e25,c23b3a58-fcb9-469e-ae6c-71cc4b8081d6
9dbc1993-41b6-48a4-aef9-4414d8cfc1d0,27038fdf-2c78-4f8d-978e-47d60ee254ac
9dbc1993-41b6-48a4-aef9-4414d8cfc1d0,c23b3a58-fcb9-469e-ae6c-71cc4b8081d6
8366838a-29b4-4fa7-9b33-5e82c655a65f,27038fdf-2c78-4f8d-978e-47d60ee254ac
8366838a-29b4-4fa7-9b33-5e82c655a65f,f8a2d711-686f-468b-ba4a-fe1c8f778a84
547b404c-ae95-432c-bf3e-589a2f888c91,27038fdf-2c78-4f8d-978e-47d60ee254ac
547b404c-ae95-432c-bf3e-589a2f888c91,601c3f82-3dad-486a-aadc-4564a54a3d1b
547b404c-ae95-432c-bf3e-589a2f888c91,6e2bb113-887a-4d10-a983-5c787ddb4238
d2405792-9185-4316-b906-9c7b5cc883af,27038fdf-2c78-4f8d-978e-47d60ee254ac
d2405792-9185-4316-b906-9c7b5cc883af,c23b3a58-fcb9-469e-ae6c-71cc4b8081d6
7dac10ab-502e-4c25-8962-dd3bf22b3f41,27038fdf-2c78-4f8d-978e-47d60ee254ac
7dac10ab-502e-4c25-8962-dd3bf22b3f41,c23b3a58-fcb9-469e-ae6c-71cc4b8081d6
bfa97ed2-edb1-4f7d-bec8-d2575a689ac1,27038fdf-2c78-4f8d-978e-47d60ee254ac
bfa97ed2-edb1-4f7d-bec8-d2575a689ac1,c23b3a58-fcb9-469e-ae6c-71cc4b8081d6
97c3343e-3faa-4b10-807d-46e05892ccd5,27038fdf-2c78-4f8d-978e-47d60ee254ac
97c3343e-3faa-4b10-807d-46e05892ccd5,c23b3a58-fcb9-469e-ae6c-71cc4b8081d6
81afadb4-7416-40ec-9e01-adc4bd6eebfb,27038fdf-2c78-4f8d-978e-47d60ee254ac
81afadb4-7416-40ec-9e01-adc4bd6eebfb,1a7c3d1f-8cb0-4bdc-9f16-116f815cc804
b3c06513-ee8a-4e66-9374-9910c815ce2e,27038fdf-2c78-4f8d-978e-47d60ee254ac
b3c06513-ee8a-4e66-9374-9910c815ce2e,c23b3a58-fcb9-469e-ae6c-71cc4b8081d6
d47c10da-441a-447e-8702-6b658d29bf7a,27038fdf-2c78-4f8d-978e-47d60ee254ac
d47c10da-441a-447e-8702-6b658d29bf7a,c23b3a58-fcb9-469e-ae6c-71cc4b8081d6
c5261d95-0487-4bd6-82f6-a21f982eb92f,27038fdf-2c78-4f8d-978e-47d60ee254ac
c5261d95-0487-4bd6-82f6-a21f982eb92f,c23b3a58-fcb9-469e-ae6c-71cc4b8081d6
cfefffc4-377f-4034-972e-c36acdfe4e7d,27038fdf-2c78-4f8d-978e-47d60ee254ac
cfefffc4-377f-4034-972e-c36acdfe4e7d,c23b3a58-fcb9-469e-ae6c-71cc4b8081d6
918d5de8-bfa6-4050-a34b-36ed89a847e1,27038fdf-2c78-4f8d-978e-47d60ee254ac
918d5de8-bfa6-4050-a34b-36ed89a847e1,c23b3a58-fcb9-469e-ae6c-71cc4b8081d6
d3d45e54-dec3-4cc4-ba3c-6bcc9e4bbe13,27038fdf-2c78-4f8d-978e-47d60ee254ac
d3d45e54-dec3-4cc4-ba3c-6bcc9e4bbe13,c23b3a58-fcb9-469e-ae6c-71cc4b8081d6
896d0371-4ef7-4d42-bee4-3922ca33f575,27038fdf-2c78-4f8d-978e-47d60ee254ac
896d0371-4ef7-4d42-bee4-3922ca33f575,c23b3a58-fcb9-469e-ae6c-71cc4b8081d6
cace339d-5195-4fe6-8f55-a61b4f5fe67a,27038fdf-2c78-4f8d-978e-47d60ee254ac
cace339d-5195-4fe6-8f55-a61b4f5fe67a,c23b3a58-fcb9-469e-ae6c-71cc4b8081d6
cace339d-5195-4fe6-8f55-a61b4f5fe67a,b646ab7f-1a60-43c6-ae98-ec17454582cb
3dfa5437-fafc-4180-9c22-8d542d6915dc,27038fdf-2c78-4f8d-978e-47d60ee254ac
3dfa5437-fafc-4180-9c22-8d542d6915dc,c23b3a58-fcb9-469e-ae6c-71cc4b8081d6
117cdc3b-394d-4860-9c66-96ef8f087005,27038fdf-2c78-4f8d-978e-47d60ee254ac
117cdc3b-394d-4860-9c66-96ef8f087005,c23b3a58-fcb9-469e-ae6c-71cc4b8081d6
a16a1d3d-d722-4faf-b3e7-61a4105df705,d01d6ec4-e750-4988-925b-0834eab7c166
951669da-7574-45e4-b137-5d3e5c223732,27038fdf-2c78-4f8d-978e-47d60ee254ac
951669da-7574-45e4-b137-5d3e5c223732,5e8fa0ec-5263-4ffe-88c0-76250ba97d89
0ec35dc6-3ec6-4285-a4e3-914afe3b656d,27038fdf-2c78-4f8d-978e-47d60ee254ac
0ec35dc6-3ec6-4285-a4e3-914afe3b656d,c23b3a58-fcb9-469e-ae6c-71cc4b8081d6
d5b4c009-4aaf-4c9f-b7e2-735630e94e9b,27038fdf-2c78-4f8d-978e-47d60ee254ac
d5b4c009-4aaf-4c9f-b7e2-735630e94e9b,c23b3a58-fcb9-469e-ae6c-71cc4b8081d6
d3cc9324-7fc4-4801-8b2c-4dc583bfecdb,27038fdf-2c78-4f8d-978e-47d60ee254ac
a4546d89-01f7-4c4c-8e93-84c0b2582616,27038fdf-2c78-4f8d-978e-47d60ee254ac
a4546d89-01f7-4c4c-8e93-84c0b2582616,c23b3a58-fcb9-469e-ae6c-71cc4b8081d6
eeef2600-15d1-416e-afcd-5d1c0e57617e,27038fdf-2c78-4f8d-978e-47d60ee254ac
eeef2600-15d1-416e-afcd-5d1c0e57617e,c23b3a58-fcb9-469e-ae6c-71cc4b8081d6
d072c1ff-c9fb-4de5-84be-ea96abc7e22b,27038fdf-2c78-4f8d-978e-47d60ee254ac
d072c1ff-c9fb-4de5-84be-ea96abc7e22b,c23b3a58-fcb9-469e-ae6c-71cc4b8081d6
830e5494-852d-4027-bf31-ade4d9a155b9,27038fdf-2c78-4f8d-978e-47d60ee254ac
830e5494-852d-4027-bf31-ade4d9a155b9,c23b3a58-fcb9-469e-ae6c-71cc4b8081d6
6f00ca47-189f-4268-adf6-e87cb8d9bc57,27038fdf-2c78-4f8d-978e-47d60ee254ac
6f00ca47-189f-4268-adf6-e87cb8d9bc57,c23b3a58-fcb9-469e-ae6c-71cc4b8081d6
6f00ca47-189f-4268-adf6-e87cb8d9bc57,3bd6032e-8e34-45a0-ac19-174ce21c4c70
d2b290e0-71b3-4b6b-8e29-f8a89798f60d,b7a2ac33-d4da-4554-a189-ca9091553fec
bd10427f-c065-4db0-92a9-9e4282b03630,27038fdf-2c78-4f8d-978e-47d60ee254ac
bd10427f-c065-4db0-92a9-9e4282b03630,c23b3a58-fcb9-469e-ae6c-71cc4b8081d6
5da29ec2-275a-486c-8fae-badab3ac8f47,27038fdf-2c78-4f8d-978e-47d60ee254ac
5da29ec2-275a-486c-8fae-badab3ac8f47,c23b3a58-fcb9-469e-ae6c-71cc4b8081d6
5da29ec2-275a-486c-8fae-badab3ac8f47,d28caca4-8fac-4378-9942-dc6762b9f7d9
a11830de-769b-459e-af87-808650614a87,d01d6ec4-e750-4988-925b-0834eab7c166
8a631c4b-916b-4723-8bfa-c4ab2baa2617,27038fdf-2c78-4f8d-978e-47d60ee254ac
8a631c4b-916b-4723-8bfa-c4ab2baa2617,1cc1359d-3464-4e7f-8514-c8ce4d2bbde9
450121bd-52cf-4602-93fb-ec0e45189ab6,27038fdf-2c78-4f8d-978e-47d60ee254ac
450121bd-52cf-4602-93fb-ec0e45189ab6,c23b3a58-fcb9-469e-ae6c-71cc4b8081d6
e8249396-1a1a-4aa1-a062-45bf923a793b,27038fdf-2c78-4f8d-978e-47d60ee254ac
e8249396-1a1a-4aa1-a062-45bf923a793b,d01d6ec4-e750-4988-925b-0834eab7c166
e8249396-1a1a-4aa1-a062-45bf923a793b,c23b3a58-fcb9-469e-ae6c-71cc4b8081d6
67039917-4e60-4d8c-8e59-c66238201d88,27038fdf-2c78-4f8d-978e-47d60ee254ac
9b8bcd27-dd4d-4461-baff-cc3cd6941b4c,27038fdf-2c78-4f8d-978e-47d60ee254ac
9b8bcd27-dd4d-4461-baff-cc3cd6941b4c,c23b3a58-fcb9-469e-ae6c-71cc4b8081d6
9b8bcd27-dd4d-4461-baff-cc3cd6941b4c,e6000d61-ef69-4e68-9640-097c4b21cbca
2bba3076-b4e3-4249-b610-45e6b94d7de6,27038fdf-2c78-4f8d-978e-47d60ee254ac
2bba3076-b4e3-4249-b610-45e6b94d7de6,c23b3a58-fcb9-469e-ae6c-71cc4b8081d6
2bba3076-b4e3-4249-b610-45e6b94d7de6,d082b583-0b9c-69fe-dcd4-ca5c5fa0f642
33697c54-2e50-4c21-80e0-d679cc83bb5b,27038fdf-2c78-4f8d-978e-47d60ee254ac
be9d72df-8d9f-4707-8ff2-8f899379c360,27038fdf-2c78-4f8d-978e-47d60ee254ac
be9d72df-8d9f-4707-8ff2-8f899379c360,c23b3a58-fcb9-469e-ae6c-71cc4b8081d6
a01bc796-e43b-41a2-a762-e516814c1841,27038fdf-2c78-4f8d-978e-47d60ee254ac
a01bc796-e43b-41a2-a762-e516814c1841,c23b3a58-fcb9-469e-ae6c-71cc4b8081d6
a01bc796-e43b-41a2-a762-e516814c1841,30f5ea2c-1e65-4587-9160-e8dc73364334
47218f20-ce24-4fbc-9ec2-5a303335cece,27038fdf-2c78-4f8d-978e-47d60ee254ac
47218f20-ce24-4fbc-9ec2-5a303335cece,c23b3a58-fcb9-469e-ae6c-71cc4b8081d6
d957a8c4-c2d0-4cbb-898b-5ca199fdef1f,5e8fa0ec-5263-4ffe-88c0-76250ba97d89
fc029407-d1a4-4962-bc96-9a28cd93c173,5e8fa0ec-5263-4ffe-88c0-76250ba97d89
81bf79f6-72b1-4264-bbc0-84b610abc69b,5e8fa0ec-5263-4ffe-88c0-76250ba97d89
948d154e-363f-4677-95cb-6fe0260049b7,5e8fa0ec-5263-4ffe-88c0-76250ba97d89
948d154e-363f-4677-95cb-6fe0260049b7,b7a2ac33-d4da-4554-a189-ca9091553fec
9bf34cbc-51b7-4153-8c38-ce7910c230a2,5e8fa0ec-5263-4ffe-88c0-76250ba97d89
6787d46f-10c5-4b97-9d60-4091b1653e23,5e8fa0ec-5263-4ffe-88c0-76250ba97d89
55687878-d913-4caa-a21d-54c983743d42,5e8fa0ec-5263-4ffe-88c0-76250ba97d89
375e1dea-ec7c-40c4-b631-fe87b9382bb7,5e8fa0ec-5263-4ffe-88c0-76250ba97d89
8386ca20-6b09-4b77-811f-893fdbd19a66,5e8fa0ec-5263-4ffe-88c0-76250ba97d89
af4b7064-b86a-4104-aced-e91ba03da82a,5e8fa0ec-5263-4ffe-88c0-76250ba97d89
162887bc-9c5d-4e2b-9aca-8ed2e58ab670,5e8fa0ec-5263-4ffe-88c0-76250ba97d89
b75bc471-101c-4a39-a519-41f3efccaf10,5e8fa0ec-5263-4ffe-88c0-76250ba97d89
c568c601-c594-4d09-aefd-60835fffc5e7,5e8fa0ec-5263-4ffe-88c0-76250ba97d89
68bd0b9d-f928-47c7-be5f-94c18d34f014,5e8fa0ec-5263-4ffe-88c0-76250ba97d89
995994e0-3786-4dd5-9c7b-0a7300ce8589,5e8fa0ec-5263-4ffe-88c0-76250ba97d89
595023b6-d236-467a-83d9-1f07cebb6b6e,5e8fa0ec-5263-4ffe-88c0-76250ba97d89
acbb20fe-1d7f-4a81-a64c-109f961aa445,5e8fa0ec-5263-4ffe-88c0-76250ba97d89
28bc7cc2-5e42-43ab-b1c6-288e686f7cd1,5e8fa0ec-5263-4ffe-88c0-76250ba97d89
ba19277d-c847-45be-bd75-b4cd2455116c,5e8fa0ec-5263-4ffe-88c0-76250ba97d89
3be7fbc9-64d8-476b-b4c3-58c632b08f67,5e8fa0ec-5263-4ffe-88c0-76250ba97d89
f1a9f3e1-1ecb-4bec-b389-b3b5e59b05a9,5e8fa0ec-5263-4ffe-88c0-76250ba97d89
099d28dd-26f3-4074-98ad-620975a0f920,5e8fa0ec-5263-4ffe-88c0-76250ba97d89
9abceeb1-0d25-47b8-a67b-e9aae978a7d9,5e8fa0ec-5263-4ffe-88c0-76250ba97d89
5b34604a-404a-4951-92e0-7b117b48e707,5e8fa0ec-5263-4ffe-88c0-76250ba97d89
e6b48aec-647b-4557-b6a0-e9f76b8fbc98,5e8fa0ec-5263-4ffe-88c0-76250ba97d89
e62241ad-e76b-47ee-855c-041a5e753a11,5e8fa0ec-5263-4ffe-88c0-76250ba97d89
e6c00d50-f4ba-4b71-b5c1-3a75969dd094,5e8fa0ec-5263-4ffe-88c0-76250ba97d89
9f69bd23-a2d2-4d18-be11-72a61c35cdb9,5e8fa0ec-5263-4ffe-88c0-76250ba97d89
a53e93ad-d781-44ee-95b5-4c4768387ff3,5e8fa0ec-5263-4ffe-88c0-76250ba97d89
400d5869-fc99-4f88-9dd6-fbbe4b3a67e5,5e8fa0ec-5263-4ffe-88c0-76250ba97d89
5122b935-c03b-4df7-ab07-b97f68b7ce45,5e8fa0ec-5263-4ffe-88c0-76250ba97d89
52b183af-f695-4198-b932-1a23e8eb6ec0,5e8fa0ec-5263-4ffe-88c0-76250ba97d89
38468ccc-3fe8-475d-99ef-75c587bd6969,5e8fa0ec-5263-4ffe-88c0-76250ba97d89
77216d25-4a74-4b3a-82c8-516999fe711b,5e8fa0ec-5263-4ffe-88c0-76250ba97d89
486148f6-b0a2-409b-960f-275277d2bf65,5e8fa0ec-5263-4ffe-88c0-76250ba97d89
2a7c0d23-0c89-4f5b-9c41-f77ab1702250,5e8fa0ec-5263-4ffe-88c0-76250ba97d89
4010b329-c2b6-4217-8718-94dcd7d74764,5e8fa0ec-5263-4ffe-88c0-76250ba97d89
d51b1e43-4121-4de2-863c-cf3853187f20,5e8fa0ec-5263-4ffe-88c0-76250ba97d89
e341c35f-08c8-40e5-81d8-3db30014cefe,5e8fa0ec-5263-4ffe-88c0-76250ba97d89
9ed444d6-0938-43a8-97da-8d11b863f1bb,5e8fa0ec-5263-4ffe-88c0-76250ba97d89
94cda846-7f1c-48a6-9b83-74300bc58bb6,5e8fa0ec-5263-4ffe-88c0-76250ba97d89
974ba839-38bf-4035-a761-f250ef007a40,5e8fa0ec-5263-4ffe-88c0-76250ba97d89
ea8171f0-bd2e-44c8-beb5-d632e611ed5f,5e8fa0ec-5263-4ffe-88c0-76250ba97d89
cb21e476-29ec-4b96-aced-9901772256e0,5e8fa0ec-5263-4ffe-88c0-76250ba97d89
55a81771-c33e-427b-bbaa-a2f7c190926d,5e8fa0ec-5263-4ffe-88c0-76250ba97d89
6ce3836c-02a9-4a99-8b28-5cda096790b0,5e8fa0ec-5263-4ffe-88c0-76250ba97d89
9b58438c-832e-4ca5-a5d8-e89c7d6f7764,5e8fa0ec-5263-4ffe-88c0-76250ba97d89
647bbe5d-5873-436d-b0d9-20fe9455c240,5e8fa0ec-5263-4ffe-88c0-76250ba97d89
598aa07f-5b44-4577-a39f-6491ab844a8a,5e8fa0ec-5263-4ffe-88c0-76250ba97d89
ce63d118-38af-442f-b245-be645b796226,5e8fa0ec-5263-4ffe-88c0-76250ba97d89
ed884257-7f7d-432a-a905-6ad222242247,5e8fa0ec-5263-4ffe-88c0-76250ba97d89
7f6461c3-e316-4d17-b10a-fe4ddf5a435e,5e8fa0ec-5263-4ffe-88c0-76250ba97d89
425d40c8-892c-479e-b3aa-88cde6ba7357,5e8fa0ec-5263-4ffe-88c0-76250ba97d89
e1a97f66-d36e-4190-a0bf-2ff3eb823389,5e8fa0ec-5263-4ffe-88c0-76250ba97d89
ea28379e-8b51-4d8c-ba30-d327cac1af05,27038fdf-2c78-4f8d-978e-47d60ee254ac
ea28379e-8b51-4d8c-ba30-d327cac1af05,c23b3a58-fcb9-469e-ae6c-71cc4b8081d6
71cf5c14-7ffc-440d-b643-c2ecd92969b5,27038fdf-2c78-4f8d-978e-47d60ee254ac
71cf5c14-7ffc-440d-b643-c2ecd92969b5,c23b3a58-fcb9-469e-ae6c-71cc4b8081d6
526ad671-8154-4ec4-b6fd-a85f178f1aa1,27038fdf-2c78-4f8d-978e-47d60ee254ac
526ad671-8154-4ec4-b6fd-a85f178f1aa1,c23b3a58-fcb9-469e-ae6c-71cc4b8081d6
c75efe9f-05ce-400b-a59b-9002a167204a,27038fdf-2c78-4f8d-978e-47d60ee254ac
c75efe9f-05ce-400b-a59b-9002a167204a,c23b3a58-fcb9-469e-ae6c-71cc4b8081d6
cf5a3ba4-44aa-4f76-86d9-737725f30284,27038fdf-2c78-4f8d-978e-47d60ee254ac
cf5a3ba4-44aa-4f76-86d9-737725f30284,c23b3a58-fcb9-469e-ae6c-71cc4b8081d6
74d7f307-a872-49da-bb03-83df1bbe0e00,27038fdf-2c78-4f8d-978e-47d60ee254ac
74d7f307-a872-49da-bb03-83df1bbe0e00,c23b3a58-fcb9-469e-ae6c-71cc4b8081d6
8878e7b7-f07b-46bc-91ad-0706addcfce6,27038fdf-2c78-4f8d-978e-47d60ee254ac
8878e7b7-f07b-46bc-91ad-0706addcfce6,c23b3a58-fcb9-469e-ae6c-71cc4b8081d6
a232e557-62f2-4122-ab57-327978c936bb,27038fdf-2c78-4f8d-978e-47d60ee254ac
a232e557-62f2-4122-ab57-327978c936bb,c23b3a58-fcb9-469e-ae6c-71cc4b8081d6
1c07172a-d0fc-46b7-a599-8d1289d02128,27038fdf-2c78-4f8d-978e-47d60ee254ac
1c07172a-d0fc-46b7-a599-8d1289d02128,c23b3a58-fcb9-469e-ae6c-71cc4b8081d6
e9cdc2ee-e320-4457-a966-903c406ac74a,c23b3a58-fcb9-469e-ae6c-71cc4b8081d6
e9cdc2ee-e320-4457-a966-903c406ac74a,27038fdf-2c78-4f8d-978e-47d60ee254ac
300d1a69-7bfe-4d5c-927f-e2efa08ff742,c23b3a58-fcb9-469e-ae6c-71cc4b8081d6
300d1a69-7bfe-4d5c-927f-e2efa08ff742,27038fdf-2c78-4f8d-978e-47d60ee254ac
31e8bae2-02fc-44a7-9832-92420205e3eb,c23b3a58-fcb9-469e-ae6c-71cc4b8081d6
31e8bae2-02fc-44a7-9832-92420205e3eb,27038fdf-2c78-4f8d-978e-47d60ee254ac
5fe78b83-894a-4001-8384-c8ae57fd8c5d,c23b3a58-fcb9-469e-ae6c-71cc4b8081d6
5fe78b83-894a-4001-8384-c8ae57fd8c5d,27038fdf-2c78-4f8d-978e-47d60ee254ac
b2dbed71-fc6e-4b22-bfce-6ce382cb0459,c23b3a58-fcb9-469e-ae6c-71cc4b8081d6
b2dbed71-fc6e-4b22-bfce-6ce382cb0459,27038fdf-2c78-4f8d-978e-47d60ee254ac
3eb452f6-037d-4cb9-b0d3-15a96d391adc,27038fdf-2c78-4f8d-978e-47d60ee254ac
3eb452f6-037d-4cb9-b0d3-15a96d391adc,5e8fa0ec-5263-4ffe-88c0-76250ba97d89
26f0c3a2-e6ec-44ac-ac56-275f0ff94f8e,c23b3a58-fcb9-469e-ae6c-71cc4b8081d6
26f0c3a2-e6ec-44ac-ac56-275f0ff94f8e,27038fdf-2c78-4f8d-978e-47d60ee254ac
2cf6a05f-855b-4275-bf04-be17158325ee,c23b3a58-fcb9-469e-ae6c-71cc4b8081d6
2cf6a05f-855b-4275-bf04-be17158325ee,27038fdf-2c78-4f8d-978e-47d60ee254ac
c6fa1762-d5f4-4cd1-87b6-ca78d5f4d6c3,c23b3a58-fcb9-469e-ae6c-71cc4b8081d6
c6fa1762-d5f4-4cd1-87b6-ca78d5f4d6c3,27038fdf-2c78-4f8d-978e-47d60ee254ac
65ad8d3c-f62c-4fff-ba8c-cdc48d1f3f25,c23b3a58-fcb9-469e-ae6c-71cc4b8081d6
65ad8d3c-f62c-4fff-ba8c-cdc48d1f3f25,27038fdf-2c78-4f8d-978e-47d60ee254ac
0c34af1f-cdea-4733-b689-49216be2f852,c23b3a58-fcb9-469e-ae6c-71cc4b8081d6
0c34af1f-cdea-4733-b689-49216be2f852,27038fdf-2c78-4f8d-978e-47d60ee254ac
a8cd488d-a7de-4b64-b26d-b0fb8d90397f,c23b3a58-fcb9-469e-ae6c-71cc4b8081d6
a8cd488d-a7de-4b64-b26d-b0fb8d90397f,27038fdf-2c78-4f8d-978e-47d60ee254ac
f00bc083-4048-4d3a-8853-adaf99e0d155,5e8fa0ec-5263-4ffe-88c0-76250ba97d89
2211c7d8-5482-4c5e-a814-c64260d0e438,c23b3a58-fcb9-469e-ae6c-71cc4b8081d6
2211c7d8-5482-4c5e-a814-c64260d0e438,b7a2ac33-d4da-4554-a189-ca9091553fec
fbdb9775-3a5c-4756-a6f0-d35c83453250,27038fdf-2c78-4f8d-978e-47d60ee254ac
fbdb9775-3a5c-4756-a6f0-d35c83453250,d01d6ec4-e750-4988-925b-0834eab7c166
357ca841-6152-4baf-b38c-a98b1feed053,d01d6ec4-e750-4988-925b-0834eab7c166
357ca841-6152-4baf-b38c-a98b1feed053,5e8fa0ec-5263-4ffe-88c0-76250ba97d89
9bcd5fcb-f349-4c0d-9351-b360edf3350e,c23b3a58-fcb9-469e-ae6c-71cc4b8081d6
9bcd5fcb-f349-4c0d-9351-b360edf3350e,27038fdf-2c78-4f8d-978e-47d60ee254ac
9bcd5fcb-f349-4c0d-9351-b360edf3350e,5da9358a-fe13-4c03-b5db-02a4afa80a32
e0b6ece6-86fc-479a-b38a-abc145d8acef,27038fdf-2c78-4f8d-978e-47d60ee254ac
13397a29-c491-4052-809c-2c793c2b4f64,27038fdf-2c78-4f8d-978e-47d60ee254ac
5cb30946-79ef-4dc5-8ca8-fa83ddd6286f,27038fdf-2c78-4f8d-978e-47d60ee254ac
