PartId,ReleaseChannelId,ReleaseDate,EpisodeNumber,SeriesId
85920bb5-1833-4239-b59d-b92f539af37d,0,8/18/2018,1,ce01a65e-2290-4a9b-baeb-05a5a7445004
edc60386-8b58-4d98-a53a-d030557bd8b3,0,9/4/2018,2,ce01a65e-2290-4a9b-baeb-05a5a7445004
a9f38779-51ec-40d4-b4ff-d01b073b201c,0,9/18/2018,3,ce01a65e-2290-4a9b-baeb-05a5a7445004
d47b95ed-4915-44a6-a508-9f8670bc8b35,0,10/2/2018,4,ce01a65e-2290-4a9b-baeb-05a5a7445004
6b9e0e38-c133-4fe9-ae44-0d6b9943e8d3,0,10/18/2018,5,ce01a65e-2290-4a9b-baeb-05a5a7445004
63df0196-1261-40e2-b99b-7565730bcc3a,0,10/30/2018,6,ce01a65e-2290-4a9b-baeb-05a5a7445004
c1b2cda2-cf68-4501-8590-faa476444075,0,11/15/2018,7,ce01a65e-2290-4a9b-baeb-05a5a7445004
0d8adc91-672c-4346-bbcd-043daa8dfbfb,0,11/27/2018,8,ce01a65e-2290-4a9b-baeb-05a5a7445004
71667da2-b9b9-4a5a-bf83-0208694095ca,0,12/12/2018,9,ce01a65e-2290-4a9b-baeb-05a5a7445004
3e90d2dd-9259-4779-aae8-24b313463666,0,12/21/2018,10,ce01a65e-2290-4a9b-baeb-05a5a7445004
da00593e-b65c-4f1a-af3f-9abbb8a96958,0,1/8/2019,11,ce01a65e-2290-4a9b-baeb-05a5a7445004
cc45603e-b86a-4b9d-b6b7-dec2ea9c8647,0,1/17/2019,12,ce01a65e-2290-4a9b-baeb-05a5a7445004
c9dc51aa-5ebc-46e0-afd6-7805b6b2e770,0,1/29/2019,13,ce01a65e-2290-4a9b-baeb-05a5a7445004
295aec99-6f21-4a41-b4ce-1198a6c75b32,0,2/12/2019,15,ce01a65e-2290-4a9b-baeb-05a5a7445004
a81276ef-0fe0-4445-9d11-d46e33e77c21,0,2/26/2019,16,ce01a65e-2290-4a9b-baeb-05a5a7445004
68f1638a-235c-4834-b812-21892f315abf,0,3/5/2019,17,ce01a65e-2290-4a9b-baeb-05a5a7445004
feaef851-ea01-4129-9283-5991dc177bef,0,3/13/2019,18,ce01a65e-2290-4a9b-baeb-05a5a7445004
03f09103-ab1d-4933-9a05-989882398807,0,3/20/2019,19,ce01a65e-2290-4a9b-baeb-05a5a7445004
e4b30269-7bf2-4eb5-9e6a-05c247e4b82f,0,3/27/2019,20,ce01a65e-2290-4a9b-baeb-05a5a7445004
1f1c148d-4c05-47fa-a8e1-9ffd5a5cf3e3,0,4/4/2019,21,ce01a65e-2290-4a9b-baeb-05a5a7445004
b7020143-8eb1-42c9-ac19-0024a12ff66b,0,4/15/2019,22,ce01a65e-2290-4a9b-baeb-05a5a7445004
d9dbdc8a-a32c-48ab-bfb9-ada827b93590,0,4/23/2019,23,ce01a65e-2290-4a9b-baeb-05a5a7445004
faa9b3c9-fb4d-479c-aa96-02df9a015004,0,5/1/2019,24,ce01a65e-2290-4a9b-baeb-05a5a7445004
66284a6b-f848-41b6-b0bb-89684a79fc1c,0,5/7/2019,25,ce01a65e-2290-4a9b-baeb-05a5a7445004
6286483d-74cb-477c-8463-21668488b14a,0,5/14/2019,26,ce01a65e-2290-4a9b-baeb-05a5a7445004
64e66df4-3616-48ff-9d3b-c01e030bee3c,0,5/22/2019,27,ce01a65e-2290-4a9b-baeb-05a5a7445004
28e9dc8a-1173-428c-8438-32f42a515d61,0,6/1/2019,28,ce01a65e-2290-4a9b-baeb-05a5a7445004
63679453-f332-4ea5-a6f2-ab5391aa42a5,0,6/5/2019,29,ce01a65e-2290-4a9b-baeb-05a5a7445004
1841137c-980f-4519-bf02-ca6c45e32150,0,6/12/2019,30,ce01a65e-2290-4a9b-baeb-05a5a7445004
50038364-676c-4731-aa57-e3f84dd5b3a4,0,6/18/2019,31,ce01a65e-2290-4a9b-baeb-05a5a7445004
41a12f41-1a13-48f0-975a-a68860b307a5,0,6/25/2019,32,ce01a65e-2290-4a9b-baeb-05a5a7445004
97478618-ee49-49fa-9b38-55d679b0223c,0,7/2/2019,33,ce01a65e-2290-4a9b-baeb-05a5a7445004
535fd065-2192-4d96-96b9-1098931446e5,0,7/9/2019,34,ce01a65e-2290-4a9b-baeb-05a5a7445004
c1a79bef-cddb-4064-bf19-e7f28960d8d3,0,7/16/2019,35,ce01a65e-2290-4a9b-baeb-05a5a7445004
213be9ee-d48d-4ed1-b009-74c13d5dcdb2,0,7/23/2019,36,ce01a65e-2290-4a9b-baeb-05a5a7445004
c4570070-9a3e-4fb9-b299-ee7a9340545b,0,7/30/2019,37,ce01a65e-2290-4a9b-baeb-05a5a7445004
5b4044b4-a772-4b42-a1d7-4688fee4c7ba,0,8/7/2019,38,ce01a65e-2290-4a9b-baeb-05a5a7445004
138905d5-c103-4c19-847b-a52c57065d32,0,8/17/2019,39,ce01a65e-2290-4a9b-baeb-05a5a7445004
56ab1df0-cd44-41e1-a4cd-23d419651a39,0,8/21/2019,40,ce01a65e-2290-4a9b-baeb-05a5a7445004
9bdb4f60-66e6-4aa1-8c0b-7cc6ba7869a1,0,8/27/2019,41,ce01a65e-2290-4a9b-baeb-05a5a7445004
3b382330-2b1a-4afe-bb48-66c2c9b5d154,0,9/10/2019,42,ce01a65e-2290-4a9b-baeb-05a5a7445004
35e7a866-9a44-4a1c-9e28-ca1af1114802,0,9/17/2019,43,ce01a65e-2290-4a9b-baeb-05a5a7445004
bdfa3e97-e789-4b69-9dc0-9e85900e9d3a,0,9/24/2019,44,ce01a65e-2290-4a9b-baeb-05a5a7445004
83958876-17c4-41a9-ad80-e7bd63a8412a,0,10/1/2019,45,ce01a65e-2290-4a9b-baeb-05a5a7445004
4966f571-26ef-4e2f-9d9e-5448c3d885df,0,10/8/2019,46,ce01a65e-2290-4a9b-baeb-05a5a7445004
ac2fcc9d-548a-4cb9-a6ab-a79d6c99f2c2,0,10/19/2019,47,ce01a65e-2290-4a9b-baeb-05a5a7445004
6171d31a-066e-4e62-a689-a56c1c166e4d,0,10/23/2019,48,ce01a65e-2290-4a9b-baeb-05a5a7445004
4834a672-1947-42fb-8572-ef8d7b3d124b,0,10/29/2019,49,ce01a65e-2290-4a9b-baeb-05a5a7445004
b7feb808-1f0e-4c35-b944-611d35da436d,0,11/5/2019,50,ce01a65e-2290-4a9b-baeb-05a5a7445004
6757b00d-25c4-4167-8d15-fa9a55eba825,0,11/12/2019,51,ce01a65e-2290-4a9b-baeb-05a5a7445004
5be0b629-6305-4b4b-8869-aa89d3ed9e80,0,11/19/2019,52,ce01a65e-2290-4a9b-baeb-05a5a7445004
a1dfd5ba-352c-4095-a218-a591268e15a6,0,11/26/2019,53,ce01a65e-2290-4a9b-baeb-05a5a7445004
67d41993-6ff0-4224-9ddc-a4879ee7b84f,0,12/3/2019,54,ce01a65e-2290-4a9b-baeb-05a5a7445004
2b1e6c86-cd94-41e8-9e80-e1d86d66c1b2,0,12/10/2019,55,ce01a65e-2290-4a9b-baeb-05a5a7445004
c1d559ea-e2bc-4206-b605-2c358af31533,0,12/18/2019,56,ce01a65e-2290-4a9b-baeb-05a5a7445004
d7da7a9b-c688-45cc-a91f-177ed921f7d3,0,12/25/2019,57,ce01a65e-2290-4a9b-baeb-05a5a7445004
c7eaebb7-5d92-4ab0-b113-058758134a71,0,12/31/2019,58,ce01a65e-2290-4a9b-baeb-05a5a7445004
c50107ff-4b41-491f-91e6-9a9f16df5eb4,0,1/9/2020,59,ce01a65e-2290-4a9b-baeb-05a5a7445004
9637be6e-11d6-464d-9ff7-ff4d860f9fb7,0,1/16/2020,60,ce01a65e-2290-4a9b-baeb-05a5a7445004
b1a65cdb-4cce-4c25-8ee9-6a013dbad144,0,1/21/2020,61,ce01a65e-2290-4a9b-baeb-05a5a7445004
8329ff1b-c709-4f4f-9d84-629020935681,0,1/31/2020,62,ce01a65e-2290-4a9b-baeb-05a5a7445004
af845ec8-176a-4ba0-82cc-b820bc2db517,0,2/6/2020,63,ce01a65e-2290-4a9b-baeb-05a5a7445004
427ac612-5175-4961-9e5b-21e70b3bd56e,0,2/11/2020,64,ce01a65e-2290-4a9b-baeb-05a5a7445004
1cb4f828-ab2d-41b1-9e0d-988d7515b1ea,0,2/20/2020,65,ce01a65e-2290-4a9b-baeb-05a5a7445004
cc642d84-cffe-48e7-a737-cc56048daa72,0,2/25/2020,66,ce01a65e-2290-4a9b-baeb-05a5a7445004
602105dd-0bcc-4a26-bd8a-45eef1e58bc9,0,3/3/2020,67,ce01a65e-2290-4a9b-baeb-05a5a7445004
4ab07e56-85d7-497a-816c-9914aead35a5,0,3/10/2020,68,ce01a65e-2290-4a9b-baeb-05a5a7445004
60a10566-febf-45e5-b961-4ec1ed1041fa,0,3/19/2020,69,ce01a65e-2290-4a9b-baeb-05a5a7445004
8bf056cd-e81f-48d1-830d-cccf3620cf56,0,3/24/2020,70,ce01a65e-2290-4a9b-baeb-05a5a7445004
33f5234c-74bd-47da-ad7a-37c85a6a1840,0,3/30/2020,71,ce01a65e-2290-4a9b-baeb-05a5a7445004
30101e3b-35df-460d-b17d-bf64a0cd8a2f,1,4/4/2020,1,0e8866ba-632e-4ae2-8226-d91406826dd6
dbeb9bcb-4dae-448e-b8ff-c0ce2807a0c7,0,4/5/2020,72,ce01a65e-2290-4a9b-baeb-05a5a7445004
bf4220ae-8fea-4503-9227-ff6aefd0db74,0,4/8/2020,73,ce01a65e-2290-4a9b-baeb-05a5a7445004
018c31f0-32f5-432e-9122-dc8f29d9a997,0,4/13/2020,74,ce01a65e-2290-4a9b-baeb-05a5a7445004
408e0811-5da5-493f-8f33-b866c728878a,0,4/20/2020,75,ce01a65e-2290-4a9b-baeb-05a5a7445004
a188a03d-c9dc-4d0a-b558-7852c8a8aa7f,1,4/24/2020,2,0e8866ba-632e-4ae2-8226-d91406826dd6
107619da-01a1-4c03-9bf4-9d8cb4e2d504,0,4/27/2020,76,ce01a65e-2290-4a9b-baeb-05a5a7445004
967721cd-999d-45cd-bcbc-d9fe99edf116,0,5/4/2020,77,ce01a65e-2290-4a9b-baeb-05a5a7445004
96fce133-2775-4326-833b-4debf3cec330,0,5/10/2020,78,ce01a65e-2290-4a9b-baeb-05a5a7445004
60c8ebb0-0f2b-4052-b7ac-d26f68572a60,0,5/18/2020,79,ce01a65e-2290-4a9b-baeb-05a5a7445004
b70e7abf-4c8e-4f08-9921-09994959e835,0,5/25/2020,80,ce01a65e-2290-4a9b-baeb-05a5a7445004
ba067934-e4ff-43ed-8f70-b4dd15ce83f3,1,5/26/2020,3,0e8866ba-632e-4ae2-8226-d91406826dd6
5a0f6128-9732-4006-95fe-d77092ce0502,0,6/2/2020,81,ce01a65e-2290-4a9b-baeb-05a5a7445004
2678061f-1f0f-4f22-96e5-aac582e02874,0,6/9/2020,82,ce01a65e-2290-4a9b-baeb-05a5a7445004
5f01dc25-b790-4a4b-9b7c-1e6eff5dc696,0,6/16/2020,83,ce01a65e-2290-4a9b-baeb-05a5a7445004
ebd5352e-9b87-42b7-8fdf-aae1ba61f108,0,6/22/2020,84,ce01a65e-2290-4a9b-baeb-05a5a7445004
a626db6d-2e27-4ec6-a268-ae3046395cea,0,7/1/2020,85,ce01a65e-2290-4a9b-baeb-05a5a7445004
09eb1e72-f521-4386-95bb-f3cc6af5a117,1,7/6/2020,4,0e8866ba-632e-4ae2-8226-d91406826dd6
f99d7bee-cf86-43cb-aca7-3d7360df7e6d,0,7/7/2020,86,ce01a65e-2290-4a9b-baeb-05a5a7445004
876f4776-6b98-4cd6-aaf3-9334c166d7b4,0,7/13/2020,87,ce01a65e-2290-4a9b-baeb-05a5a7445004
25acf1ef-e986-492a-b967-c7e484c31759,0,7/21/2020,88,ce01a65e-2290-4a9b-baeb-05a5a7445004
b055321e-9bfe-4cb5-befb-559ab03035c5,1,7/26/2020,5,0e8866ba-632e-4ae2-8226-d91406826dd6
d58b4677-c26a-4881-91f2-00882fc5e20f,0,7/29/2020,89,ce01a65e-2290-4a9b-baeb-05a5a7445004
00ab3f70-0b41-400a-8489-8a8d9642c07e,0,8/4/2020,90,ce01a65e-2290-4a9b-baeb-05a5a7445004
d4b9bcdf-702a-48ea-b542-ed389c27daea,0,8/11/2020,91,ce01a65e-2290-4a9b-baeb-05a5a7445004
98ea8fa9-a31a-4bdc-a64d-ec98e541c7f8,0,8/18/2020,92,ce01a65e-2290-4a9b-baeb-05a5a7445004
0a5f49e5-029d-4f2d-925e-2afac56dbf77,1,8/24/2020,6,0e8866ba-632e-4ae2-8226-d91406826dd6
dabcf90a-2af8-4e3a-b0f9-8a85afd26af8,0,8/30/2020,93,ce01a65e-2290-4a9b-baeb-05a5a7445004
85eb8140-0432-42d8-8bf9-8531eee82ae8,0,9/2/2020,93,ce01a65e-2290-4a9b-baeb-05a5a7445004
1149e080-e8d8-4642-92ae-f8dcb52ca33f,0,9/9/2020,94,ce01a65e-2290-4a9b-baeb-05a5a7445004
5c40c1c1-f8c0-4e2d-a0be-52f534aff6ea,0,9/14/2020,95,ce01a65e-2290-4a9b-baeb-05a5a7445004
0be4f8ad-61bb-4b32-b773-3e88760c782d,0,9/21/2020,96,ce01a65e-2290-4a9b-baeb-05a5a7445004
16b5c7f4-e6c7-43bc-a16b-27c04df9d71d,1,9/27/2020,7,0e8866ba-632e-4ae2-8226-d91406826dd6
c04879d1-a982-4bfe-9656-37bcdb0d419e,0,9/29/2020,97,ce01a65e-2290-4a9b-baeb-05a5a7445004
4945bd67-80a0-4e28-bde7-d4a9280f8330,0,10/6/2020,98,ce01a65e-2290-4a9b-baeb-05a5a7445004
403c98ff-df0b-4d44-af84-6015e050db83,0,10/13/2020,99,ce01a65e-2290-4a9b-baeb-05a5a7445004
0628028b-2696-4e58-9b9f-0c0d9b0af5c8,0,10/20/2020,100,ce01a65e-2290-4a9b-baeb-05a5a7445004
f72d9730-ef2f-455a-9c4e-abacfe7ae3de,0,10/27/2020,101,ce01a65e-2290-4a9b-baeb-05a5a7445004
ec0167e9-016e-4e1f-8815-e0a1758de09e,1,10/30/2020,8,0e8866ba-632e-4ae2-8226-d91406826dd6
e09db760-b591-4616-bd5c-9b209af145a7,0,11/1/2020,102,ce01a65e-2290-4a9b-baeb-05a5a7445004
a39c1113-b0b8-4c48-aa5a-0660e3a82344,0,11/10/2020,103,ce01a65e-2290-4a9b-baeb-05a5a7445004
e6b577ec-589a-427a-ad16-71d3d92fbbb1,0,11/17/2020,104,ce01a65e-2290-4a9b-baeb-05a5a7445004
4dbf8115-feff-42fa-be1d-06c7ae764006,0,11/22/2020,105,ce01a65e-2290-4a9b-baeb-05a5a7445004
0df0015c-e274-4da6-9fc2-d2bd6996431b,1,11/30/2020,9,0e8866ba-632e-4ae2-8226-d91406826dd6
2845291c-fafc-4b3a-a7de-fd2c16a70a4c,0,12/1/2020,106,ce01a65e-2290-4a9b-baeb-05a5a7445004
c82bfffd-92c2-4e4c-8c04-996b59926169,0,12/7/2020,107,ce01a65e-2290-4a9b-baeb-05a5a7445004
de1d7c2e-6cf0-4449-873a-8c96dd8b7934,0,12/15/2020,108,ce01a65e-2290-4a9b-baeb-05a5a7445004
5ad2f731-dde8-4a31-901d-5851d40ebcc5,0,12/21/2020,109,ce01a65e-2290-4a9b-baeb-05a5a7445004
c2f7e4f4-3f0d-482f-8ab1-b07c44587dbd,0,12/25/2020,110,ce01a65e-2290-4a9b-baeb-05a5a7445004
00f89674-00fc-4294-a18c-18f4e5c9ec0d,0,1/5/2021,111,ce01a65e-2290-4a9b-baeb-05a5a7445004
aa3a56a1-f6d1-4488-b514-0e64ff499c66,1,1/6/2021,10,0e8866ba-632e-4ae2-8226-d91406826dd6
fa547f50-d3cd-45f8-ba16-13f099ad302f,0,1/12/2021,112,ce01a65e-2290-4a9b-baeb-05a5a7445004
cca75499-c4ea-44ed-bf0d-85a1e82c550e,0,1/19/2021,113,ce01a65e-2290-4a9b-baeb-05a5a7445004
4a511e40-45a4-45a4-be20-b9c0cac3e12c,0,1/26/2021,114,ce01a65e-2290-4a9b-baeb-05a5a7445004
002f76c8-53c6-41a4-906a-9ab21c6446b7,1,1/31/2021,1,aa752d8b-5658-42fc-877b-3de2bee2c611
15154a45-5c4c-48c6-ad4f-944faaea45cc,0,2/2/2021,115,ce01a65e-2290-4a9b-baeb-05a5a7445004
e22e30ca-5b24-4bf0-a982-37ddc8eec2eb,0,2/9/2021,116,ce01a65e-2290-4a9b-baeb-05a5a7445004
7aff8fa9-99cf-46f5-8e2b-fa07e52591e0,0,2/14/2021,117,ce01a65e-2290-4a9b-baeb-05a5a7445004
b395f54e-b1ed-4f6f-b8e9-8a6630c75064,0,2/16/2021,118,ce01a65e-2290-4a9b-baeb-05a5a7445004
d4403bde-f213-4d94-9bf0-31690d7eebd0,1,2/20/2021,2,73f2b38e-2c68-4c65-997d-1e7091682e34
0339c306-c42c-47f0-bf1b-67a8ee451cff,0,2/24/2021,119,ce01a65e-2290-4a9b-baeb-05a5a7445004
562625d5-aae8-4c50-9edc-9f1541a953fe,1,2/28/2021,11,0e8866ba-632e-4ae2-8226-d91406826dd6
4c7d99af-d491-44af-ac69-fe6a0b8e3bf5,0,3/2/2021,120,ce01a65e-2290-4a9b-baeb-05a5a7445004
43cdcbdf-664a-4baf-9f22-47ff963e3e66,0,3/9/2021,121,ce01a65e-2290-4a9b-baeb-05a5a7445004
6d953235-b9be-4fa9-9d32-636f6a8e5a96,0,3/14/2021,122,ce01a65e-2290-4a9b-baeb-05a5a7445004
ceafa457-8b25-440f-a445-7b0db65b838c,0,3/16/2021,123,ce01a65e-2290-4a9b-baeb-05a5a7445004
2971d103-0f3f-417f-aeef-fc43e70c6d9b,0,3/23/2021,124,ce01a65e-2290-4a9b-baeb-05a5a7445004
8480d948-5e3a-48a9-89ef-fdfb0f33ae40,1,3/27/2021,12,0e8866ba-632e-4ae2-8226-d91406826dd6
90b4c2f4-9212-422d-9ac0-2cb22c485c71,0,3/30/2021,125,ce01a65e-2290-4a9b-baeb-05a5a7445004
b9cfd0aa-8835-4f4c-938a-59ae8833d486,0,4/6/2021,126,ce01a65e-2290-4a9b-baeb-05a5a7445004
116367e0-454d-4527-a6e0-d123155d2581,0,4/13/2021,127,ce01a65e-2290-4a9b-baeb-05a5a7445004
8289c43b-0256-4437-ba1d-768500e4f60a,0,4/21/2021,128,ce01a65e-2290-4a9b-baeb-05a5a7445004
50b5fa44-3b9e-4f89-8012-751e3bb167ae,0,4/27/2021,129,ce01a65e-2290-4a9b-baeb-05a5a7445004
5a3f2d4f-ec39-4532-8a5e-493cef92a311,1,4/30/2021,2,aa752d8b-5658-42fc-877b-3de2bee2c611
c9d6a290-3852-49bd-aaca-982a12574a02,0,5/4/2021,130,ce01a65e-2290-4a9b-baeb-05a5a7445004
2c4b5e2a-6095-41c3-a4e1-ea88082722ae,0,5/11/2021,131,ce01a65e-2290-4a9b-baeb-05a5a7445004
21fb8457-3fa2-4de6-88bb-f9357444b05e,0,5/18/2021,132,ce01a65e-2290-4a9b-baeb-05a5a7445004
840eca45-2c28-4288-9d4e-bcd615fb9d87,0,5/25/2021,133,ce01a65e-2290-4a9b-baeb-05a5a7445004
077efd48-28ce-4f4c-8668-b8c451771bb0,1,5/31/2021,13,0e8866ba-632e-4ae2-8226-d91406826dd6
318425ec-315b-4994-bfee-fcea4f07cea4,0,6/1/2021,134,ce01a65e-2290-4a9b-baeb-05a5a7445004
662d4968-e08a-49e4-8359-4bcd46424fd2,0,6/8/2021,135,ce01a65e-2290-4a9b-baeb-05a5a7445004
7f3179e1-1e10-46ed-8e5f-72b1b5b38d15,0,6/15/2021,136,ce01a65e-2290-4a9b-baeb-05a5a7445004
3454b39d-a937-4189-aca0-b2b6de65afe2,0,6/22/2021,137,ce01a65e-2290-4a9b-baeb-05a5a7445004
f7b09231-9e8e-441d-ba4a-0229d8a3f38d,0,6/29/2021,138,ce01a65e-2290-4a9b-baeb-05a5a7445004
323ed2d0-ba79-446b-8f37-1b9a9f6cad7f,0,7/1/2021,139,ce01a65e-2290-4a9b-baeb-05a5a7445004
92218938-d044-4503-ace7-85b1c6e0692e,1,7/1/2021,14,0e8866ba-632e-4ae2-8226-d91406826dd6
6e8bb072-1f44-4363-9a5b-c4cfd534d7fc,0,7/13/2021,140,ce01a65e-2290-4a9b-baeb-05a5a7445004
1404e078-09a0-45af-a0ba-f6eeb5575c6c,0,7/20/2021,141,ce01a65e-2290-4a9b-baeb-05a5a7445004
1823fc01-8195-4856-98aa-3f0cb01db5b3,0,7/27/2021,142,ce01a65e-2290-4a9b-baeb-05a5a7445004
67fab14e-f408-4bf2-993a-aeb3e421d3db,1,7/31/2021,15,0e8866ba-632e-4ae2-8226-d91406826dd6
15a5ff41-c984-44ce-93e2-918b3efcb33a,0,8/3/2021,143,ce01a65e-2290-4a9b-baeb-05a5a7445004
551bc6fe-dbed-4969-b541-6428ee96ed3e,1,8/8/2021,3,73f2b38e-2c68-4c65-997d-1e7091682e34
159a971d-39a6-49d3-87d4-c5ed3981cb67,0,8/10/2021,144,ce01a65e-2290-4a9b-baeb-05a5a7445004
150f5547-ba17-41f4-b427-14690347eb74,0,8/16/2021,145,ce01a65e-2290-4a9b-baeb-05a5a7445004
00b96b3d-351a-4fea-aaf3-e13a8d52cf00,0,8/23/2021,146,ce01a65e-2290-4a9b-baeb-05a5a7445004
85b40a52-3d28-46ab-9513-77939ba3b347,0,8/31/2021,147,ce01a65e-2290-4a9b-baeb-05a5a7445004
d25e6628-035a-4a83-8b30-285920eda6e0,0,9/7/2021,148,ce01a65e-2290-4a9b-baeb-05a5a7445004
6169141a-7f22-4ff5-952e-8b18722b4bf4,1,9/8/2021,16,0e8866ba-632e-4ae2-8226-d91406826dd6
a9b00863-0231-4f77-88f2-e795a43f2001,0,9/14/2021,149,ce01a65e-2290-4a9b-baeb-05a5a7445004
b3fc21c0-dbab-43ca-b2fc-680bef10ca11,0,9/22/2021,150,ce01a65e-2290-4a9b-baeb-05a5a7445004
9c81c8bf-4e81-43b0-bbc3-ab879c156782,0,9/28/2021,151,ce01a65e-2290-4a9b-baeb-05a5a7445004
78bf267f-5060-44ed-9427-ba0dd678f64f,1,10/3/2021,17,0e8866ba-632e-4ae2-8226-d91406826dd6
ea003cb6-04eb-461b-9421-b48bb6ba3076,0,10/5/2021,152,ce01a65e-2290-4a9b-baeb-05a5a7445004
ef4cee43-16da-4361-aa84-73f28bb64b54,0,10/12/2021,153,ce01a65e-2290-4a9b-baeb-05a5a7445004
f9f7b0f7-e919-4a17-a1c3-0328b4a48072,0,10/18/2021,154,ce01a65e-2290-4a9b-baeb-05a5a7445004
10b1f9d3-505b-45ac-82bf-f447501f4edd,0,10/27/2021,155,ce01a65e-2290-4a9b-baeb-05a5a7445004
beaa10a4-1cf4-4e50-8f88-3e117530030a,1,10/29/2021,18,0e8866ba-632e-4ae2-8226-d91406826dd6
91997b34-f672-4480-82aa-aee211449c22,0,11/2/2021,156,ce01a65e-2290-4a9b-baeb-05a5a7445004
8f44d4ba-cbf2-4db3-85cc-99bd1b3d3c7e,0,11/5/2021,157,ce01a65e-2290-4a9b-baeb-05a5a7445004
c7addc87-a51f-447b-9d98-aa25313b5858,0,11/10/2021,156,ce01a65e-2290-4a9b-baeb-05a5a7445004
c1ab5c89-de51-48fc-ac3c-b96246e912cb,0,11/16/2021,158,ce01a65e-2290-4a9b-baeb-05a5a7445004
2206036c-6014-46c5-b13a-4718a3f3e23a,0,11/23/2021,159,ce01a65e-2290-4a9b-baeb-05a5a7445004
f6485c12-a449-4353-8b02-36d466ca30de,1,11/30/2021,19,0e8866ba-632e-4ae2-8226-d91406826dd6
4a8f860d-61b0-402b-ae15-39dfc360c008,0,11/30/2021,160,ce01a65e-2290-4a9b-baeb-05a5a7445004
a7f5d8a5-56b1-4edb-a17d-8c39ddf4d5e3,0,12/8/2021,161,ce01a65e-2290-4a9b-baeb-05a5a7445004
b23b0536-6072-46b4-a44b-0fb72ce59b07,0,12/14/2021,162,ce01a65e-2290-4a9b-baeb-05a5a7445004
9ad8f5d5-71d9-4975-b670-8ba86d5f55d9,0,12/21/2021,163,ce01a65e-2290-4a9b-baeb-05a5a7445004
2a614c78-5966-4234-b551-01b2b268fd40,0,12/24/2021,164,ce01a65e-2290-4a9b-baeb-05a5a7445004
beed852b-2afe-47b1-969a-8ab9245251cc,1,12/31/2021,20,0e8866ba-632e-4ae2-8226-d91406826dd6
4fa419fd-dcc4-47c1-8bf4-d0928a7061ed,0,1/4/2022,165,ce01a65e-2290-4a9b-baeb-05a5a7445004
d6170bee-0999-4de1-9553-83b114d14c6a,0,1/11/2022,166,ce01a65e-2290-4a9b-baeb-05a5a7445004
e93dd52c-64af-4be6-ab00-1774165f569a,0,1/18/2022,167,ce01a65e-2290-4a9b-baeb-05a5a7445004
754e0bb0-9a0c-4e1e-a891-2fb77abdce8c,0,1/22/2022,168,ce01a65e-2290-4a9b-baeb-05a5a7445004
653a8296-afa5-45a0-bb13-471ac2182cfa,0,1/25/2022,169,ce01a65e-2290-4a9b-baeb-05a5a7445004
2a42d51c-1d37-455f-bfc9-6eb634850944,1,1/26/2022,4,73f2b38e-2c68-4c65-997d-1e7091682e34
cbb4c70f-db49-4dd2-b2ab-b4624cefa3f7,1,1/31/2022,21,0e8866ba-632e-4ae2-8226-d91406826dd6
cbc9b44c-cca4-4a92-82c6-05a01c7d7f82,0,2/1/2022,170,ce01a65e-2290-4a9b-baeb-05a5a7445004
423fa9d1-a81f-444e-bfda-d30ec2ed78fa,0,2/8/2022,171,ce01a65e-2290-4a9b-baeb-05a5a7445004
197be3fc-e545-4ed7-bf05-9bea3b24d4b3,0,2/15/2022,172,ce01a65e-2290-4a9b-baeb-05a5a7445004
02cbbb53-9a9d-49ad-9645-4ccfdb8ffbb4,1,2/18/2022,5,73f2b38e-2c68-4c65-997d-1e7091682e34
49ebe612-2fc4-48f1-9df4-9c79ca589157,0,2/22/2022,173,ce01a65e-2290-4a9b-baeb-05a5a7445004
838751c1-a8b1-418d-bbb0-1557c97a8c08,1,2/27/2022,3,aa752d8b-5658-42fc-877b-3de2bee2c611
0395ee90-06ac-407c-8d90-8154b9284d3d,0,3/1/2022,174,ce01a65e-2290-4a9b-baeb-05a5a7445004
f488917c-b332-484a-859f-681f150579ba,0,3/8/2022,175,ce01a65e-2290-4a9b-baeb-05a5a7445004
8a419028-6c67-410e-99c2-79ec50527eb0,0,3/15/2022,176,ce01a65e-2290-4a9b-baeb-05a5a7445004
dedc70a3-0828-4574-99a0-8c711718267a,0,3/22/2022,177,ce01a65e-2290-4a9b-baeb-05a5a7445004
ef79d024-fd68-4ece-a334-8f1e8b9202bb,0,3/29/2022,178,ce01a65e-2290-4a9b-baeb-05a5a7445004
ff8438db-41a9-40df-a45c-4639ae61bbc9,1,3/31/2022,22,0e8866ba-632e-4ae2-8226-d91406826dd6
46506846-4cda-4771-a3a7-da5b56f93ed5,0,4/5/2022,179,ce01a65e-2290-4a9b-baeb-05a5a7445004
27e394f9-1d9b-4f56-ab8b-3519bb600db4,0,4/12/2022,180,ce01a65e-2290-4a9b-baeb-05a5a7445004
551bc6fe-dbed-4969-b541-6428ee96ed3e,0,4/15/2022,181,ce01a65e-2290-4a9b-baeb-05a5a7445004
cb658293-b73c-402b-92f4-e5e78de68771,0,4/19/2022,182,ce01a65e-2290-4a9b-baeb-05a5a7445004
9593d358-e604-4d4c-8515-c57227cf7784,0,4/26/2022,183,ce01a65e-2290-4a9b-baeb-05a5a7445004
44ec3509-2aea-4e52-9738-c8739a1949d0,1,4/30/2022,23,0e8866ba-632e-4ae2-8226-d91406826dd6
c64991d1-1f7f-46cc-97f2-76349a041961,0,5/2/2022,184,ce01a65e-2290-4a9b-baeb-05a5a7445004
8aebe9fe-6eb4-45fc-840b-908e13a8c412,0,5/9/2022,185,ce01a65e-2290-4a9b-baeb-05a5a7445004
2217e26f-4a34-4464-af51-cab413c5cf4e,0,5/16/2022,186,ce01a65e-2290-4a9b-baeb-05a5a7445004
c43b0431-b83c-461f-bb4c-3156b6c3e961,0,5/23/2022,187,ce01a65e-2290-4a9b-baeb-05a5a7445004
5bab73bf-e864-4814-85b0-46308d21896d,0,5/30/2022,188,ce01a65e-2290-4a9b-baeb-05a5a7445004
93e57ebb-4b5e-4b97-bdf8-496d77914b20,1,6/1/2022,24,0e8866ba-632e-4ae2-8226-d91406826dd6
74671130-59fc-4a14-bd42-8ce6ae9eb92a,0,6/6/2022,189,ce01a65e-2290-4a9b-baeb-05a5a7445004
831a8053-ec4f-4531-a497-548407b6da7b,0,6/13/2022,190,ce01a65e-2290-4a9b-baeb-05a5a7445004
f802a1fb-0b99-4639-8850-083d81f6b09c,0,6/20/2022,191,ce01a65e-2290-4a9b-baeb-05a5a7445004
00cd549c-89a4-4aa2-a6bd-fa7719b3194d,0,6/27/2022,192,ce01a65e-2290-4a9b-baeb-05a5a7445004
f552c258-f0f0-455d-b4cd-eb4ee22e2605,1,6/30/2022,4,aa752d8b-5658-42fc-877b-3de2bee2c611
a853e117-8b38-429e-b6d8-eb17828b92bc,0,7/5/2022,193,ce01a65e-2290-4a9b-baeb-05a5a7445004
f7817e8f-b097-43d0-b470-78ef824f0495,0,7/11/2022,194,ce01a65e-2290-4a9b-baeb-05a5a7445004
9abc9fc5-1ef8-4d2d-a80b-171bc4274126,0,7/18/2022,195,ce01a65e-2290-4a9b-baeb-05a5a7445004
30eee2f7-2357-4c2e-9c9b-c986505d9902,0,7/25/2022,196,ce01a65e-2290-4a9b-baeb-05a5a7445004
a621ac30-4448-42c4-988d-bd0c82db60eb,1,7/29/2022,25,0e8866ba-632e-4ae2-8226-d91406826dd6
b9db2c7b-9652-4450-a3c0-20d653660641,0,8/1/2022,197,ce01a65e-2290-4a9b-baeb-05a5a7445004
a68c8d18-793f-4023-91c1-c4c01c3c2dc5,0,8/8/2022,198,ce01a65e-2290-4a9b-baeb-05a5a7445004
4b12af70-e561-4c0c-8b38-23747f12a337,1,8/11/2022,6,73f2b38e-2c68-4c65-997d-1e7091682e34
e78051ba-ec5e-4d61-aee5-b6f94ae813f9,0,8/15/2022,199,ce01a65e-2290-4a9b-baeb-05a5a7445004
838751c1-a8b1-418d-bbb0-1557c97a8c08,0,8/22/2022,200,ce01a65e-2290-4a9b-baeb-05a5a7445004
f55a27fe-2ea8-4bc1-ab39-d96ef9fe7bfa,0,8/29/2022,201,ce01a65e-2290-4a9b-baeb-05a5a7445004
3d8515f0-7216-48a3-9c67-1ece27476bcc,1,8/31/2022,26,0e8866ba-632e-4ae2-8226-d91406826dd6
639c5ae8-82ee-4d4d-b3e0-83b1d60babc9,0,9/6/2022,202,ce01a65e-2290-4a9b-baeb-05a5a7445004
88e86510-c3d9-4f42-80af-9377a96f2bf5,0,9/12/2022,203,ce01a65e-2290-4a9b-baeb-05a5a7445004
9733d17c-c443-4396-add0-b41ef5a86fa2,0,9/19/2022,204,ce01a65e-2290-4a9b-baeb-05a5a7445004
b9b82fc9-8ca1-4978-862d-50d69b7a1181,0,9/27/2022,205,ce01a65e-2290-4a9b-baeb-05a5a7445004
79ff8d65-9002-4e74-993d-0d64499047c3,1,10/1/2022,27,0e8866ba-632e-4ae2-8226-d91406826dd6
d394e071-28f8-43c2-bbcb-d823bc20026e,0,10/3/2022,206,ce01a65e-2290-4a9b-baeb-05a5a7445004
4709f179-04e9-406a-892d-32d2049e621d,1,10/3/2022,1,14d48559-1e51-4d69-bd27-84c191d23263
6e4d344a-5c1b-473d-84d5-548a540674fb,0,10/10/2022,207,ce01a65e-2290-4a9b-baeb-05a5a7445004
70d00c11-c59f-4ca7-8a45-c2f8dc0c5707,0,10/17/2022,208,ce01a65e-2290-4a9b-baeb-05a5a7445004
f2863d5f-c137-4b97-89ab-8f8447c3ac5c,1,10/17/2022,7,73f2b38e-2c68-4c65-997d-1e7091682e34
a06f7fd4-4023-460d-8c69-f2f7a92435fe,1,10/31/2022,28,0e8866ba-632e-4ae2-8226-d91406826dd6
500643fc-ce70-4df3-a6fc-44604dd61a77,0,10/31/2022,209,ce01a65e-2290-4a9b-baeb-05a5a7445004
c0be539e-4780-484c-8b77-7aeb00af362b,0,11/7/2022,210,ce01a65e-2290-4a9b-baeb-05a5a7445004
c709662e-8886-48b5-8aef-54c2299c90a7,0,11/14/2022,211,ce01a65e-2290-4a9b-baeb-05a5a7445004
17b69999-4ba7-4a93-b10d-9b763c4778a4,0,11/21/2022,212,ce01a65e-2290-4a9b-baeb-05a5a7445004
c02c8a8e-4142-4cf0-9563-1f2a914fe6ab,0,11/28/2022,213,ce01a65e-2290-4a9b-baeb-05a5a7445004
05977b70-19cc-4f45-8bee-48b504e0bc57,1,12/1/2022,29,0e8866ba-632e-4ae2-8226-d91406826dd6
29bdc1c2-b129-4b1b-986f-d52a7aeb6271,0,12/5/2022,214,ce01a65e-2290-4a9b-baeb-05a5a7445004
4c9fe0ca-9e09-4a46-96ea-d34a38ce889e,0,12/12/2022,215,ce01a65e-2290-4a9b-baeb-05a5a7445004
e97269d9-c6ad-4144-8701-a044a6875a7f,1,12/17/2022,8,73f2b38e-2c68-4c65-997d-1e7091682e34
df4c9f52-ff47-4ebd-90b1-118d26c13d62,0,12/19/2022,216,ce01a65e-2290-4a9b-baeb-05a5a7445004
103aec81-1d23-4e71-bd53-f7145566620a,0,12/24/2022,217,ce01a65e-2290-4a9b-baeb-05a5a7445004
491cd416-029b-4a9f-a234-1ec9dbe4b98e,0,1/2/2023,218,ce01a65e-2290-4a9b-baeb-05a5a7445004
7e11ce11-8421-4eb9-ade3-9d98f38bd6d9,0,1/10/2023,219,ce01a65e-2290-4a9b-baeb-05a5a7445004
327e2cfc-d888-4f96-bace-418836277874,1,1/15/2023,30,0e8866ba-632e-4ae2-8226-d91406826dd6
01a31bfc-96d9-4704-b14f-69235814d0d3,0,1/17/2023,218,ce01a65e-2290-4a9b-baeb-05a5a7445004
d33bede2-6ece-456c-a4bd-2cff82e176d4,0,1/24/2023,219,ce01a65e-2290-4a9b-baeb-05a5a7445004
62a05ebb-066a-4135-a3a8-a5c711d2f6fe,0,1/31/2023,218,ce01a65e-2290-4a9b-baeb-05a5a7445004
38be85f5-f974-4c1b-b35b-291b92ffd182,1,2/1/2023,31,0e8866ba-632e-4ae2-8226-d91406826dd6
c2b88bbb-0931-4131-bee8-f0b2d55b3440,0,2/6/2023,220,ce01a65e-2290-4a9b-baeb-05a5a7445004
ba860abc-f05b-4439-9d08-759dacc26063,0,2/13/2023,221,ce01a65e-2290-4a9b-baeb-05a5a7445004
3d2ab1b8-d960-4b68-8c5a-8e40a8cd7955,0,2/20/2023,222,ce01a65e-2290-4a9b-baeb-05a5a7445004
0b712629-25d2-43c3-8914-fc1535364de8,0,2/27/2023,223,ce01a65e-2290-4a9b-baeb-05a5a7445004
3ae35902-c7b1-439c-a8ca-5f227103d542,1,2/28/2023,32,0e8866ba-632e-4ae2-8226-d91406826dd6
319eecf4-e803-4c28-bf10-87404b7bfe9c,0,3/6/2023,224,ce01a65e-2290-4a9b-baeb-05a5a7445004
3951d7bc-c19d-4d68-8e97-81a75a8b2a00,0,3/13/2023,225,ce01a65e-2290-4a9b-baeb-05a5a7445004
415d1631-cd31-4182-ba7a-cb0e05f657ff,0,3/20/2023,226,ce01a65e-2290-4a9b-baeb-05a5a7445004
fb2e48a4-3d84-4cf4-bb6b-9a08b09533c7,0,3/27/2023,227,ce01a65e-2290-4a9b-baeb-05a5a7445004
9de741de-313f-4318-8285-e86b0d3416f3,1,3/28/2023,2,14d48559-1e51-4d69-bd27-84c191d23263
8c145c4a-4ff9-4387-8fd6-bb1867005ae9,1,3/31/2023,33,0e8866ba-632e-4ae2-8226-d91406826dd6
4709f179-04e9-406a-892d-32d2049e621d,0,4/3/2023,228,ce01a65e-2290-4a9b-baeb-05a5a7445004
c29c74fb-b7d0-44de-8689-a09df0a3e462,0,4/10/2023,229,ce01a65e-2290-4a9b-baeb-05a5a7445004
8dd93ad1-0f30-40c5-b0d5-820e3a1d8327,0,4/17/2023,230,ce01a65e-2290-4a9b-baeb-05a5a7445004
c2a5d7e8-779c-4548-92b8-45c0b99ac937,0,4/26/2023,231,ce01a65e-2290-4a9b-baeb-05a5a7445004
14e2d211-71e4-47ab-955b-19f3c2a0cf9e,1,4/27/2023,34,0e8866ba-632e-4ae2-8226-d91406826dd6
e2d7c038-eb6b-40cd-badd-7df754a3fae2,0,5/2/2023,232,ce01a65e-2290-4a9b-baeb-05a5a7445004
219e3cae-cd14-4ecc-aa04-525d2e27c78e,1,5/7/2023,3,14d48559-1e51-4d69-bd27-84c191d23263
50fbe45d-c4fc-4e8c-b809-daac884d89d1,0,5/9/2023,233,ce01a65e-2290-4a9b-baeb-05a5a7445004
aa373a79-e1e4-40fa-8230-15ed65fb9cb1,0,5/16/2023,234,ce01a65e-2290-4a9b-baeb-05a5a7445004
54ee12ae-4b23-4563-8f21-59c9694b9229,0,5/23/2023,235,ce01a65e-2290-4a9b-baeb-05a5a7445004
05cc0993-6082-444a-99d3-8c2bb4a5081c,1,5/30/2023,35,0e8866ba-632e-4ae2-8226-d91406826dd6
8d290d81-f920-41a2-9b49-4ecf8ed4e631,0,6/6/2023,236,ce01a65e-2290-4a9b-baeb-05a5a7445004
5c057f43-2ede-4661-b7cd-2c3670243242,0,6/13/2023,237,ce01a65e-2290-4a9b-baeb-05a5a7445004
1bef7dc3-bf51-411b-a378-8f7d1511f482,0,6/27/2023,238,ce01a65e-2290-4a9b-baeb-05a5a7445004
7750bab9-9b91-4ff3-9843-ff6482aff10d,1,6/30/2023,36,0e8866ba-632e-4ae2-8226-d91406826dd6
e82a68c8-4ad0-4fb0-932f-74aaa0c179e4,0,7/3/2023,239,ce01a65e-2290-4a9b-baeb-05a5a7445004
f3c18176-edb4-47b9-9968-93330d1ad6f6,0,7/11/2023,240,ce01a65e-2290-4a9b-baeb-05a5a7445004
f5d75a39-6014-4400-bbcf-5e07160abd1f,0,7/18/2023,241,ce01a65e-2290-4a9b-baeb-05a5a7445004
2c9a229b-f595-4874-afc4-2c21dd98e899,0,7/25/2023,242,ce01a65e-2290-4a9b-baeb-05a5a7445004
b5534c4c-d02c-45ea-9484-80538440e796,1,7/28/2023,9,73f2b38e-2c68-4c65-997d-1e7091682e34
5b6d6a6b-b5c5-418e-af93-b6eecf6643f0,1,8/1/2023,37,0e8866ba-632e-4ae2-8226-d91406826dd6
139a5628-dfd7-4985-96b0-e078c9287b32,0,8/1/2023,243,ce01a65e-2290-4a9b-baeb-05a5a7445004
c0fb2b46-0c73-418b-8ad5-32ec3b37e6c4,0,8/8/2023,244,ce01a65e-2290-4a9b-baeb-05a5a7445004
bb538abf-a85d-47f0-8128-e6438f443bb4,0,8/15/2023,245,ce01a65e-2290-4a9b-baeb-05a5a7445004
e5983cf1-12a9-457a-a450-b5dbe8d03432,1,8/18/2023,1,079607f6-72f4-4eae-8d62-55a3e7c996fc
95212086-e3af-4c0a-b15e-68124b5a0e03,0,8/22/2023,246,ce01a65e-2290-4a9b-baeb-05a5a7445004
c90ef44d-55bd-4c2d-bd01-0348f05c05d6,0,8/29/2023,247,ce01a65e-2290-4a9b-baeb-05a5a7445004
f3c16bac-590a-4513-94dc-90c423c6b4e0,1,8/31/2023,38,0e8866ba-632e-4ae2-8226-d91406826dd6
6111960e-2e60-45e7-8e0a-dcb59e35ee29,0,9/11/2023,248,ce01a65e-2290-4a9b-baeb-05a5a7445004
85acb70f-d519-49f2-9d48-c5a32e554280,0,9/18/2023,249,ce01a65e-2290-4a9b-baeb-05a5a7445004
7df14ab8-0698-4b7c-b032-9ccd8fe4b2ac,0,9/25/2023,250,ce01a65e-2290-4a9b-baeb-05a5a7445004
3c92db9b-291f-4297-acce-ba71f415fe2e,1,9/29/2023,39,0e8866ba-632e-4ae2-8226-d91406826dd6
b48e568a-5e3f-44a2-9137-80baf63f8275,0,10/2/2023,251,ce01a65e-2290-4a9b-baeb-05a5a7445004
b0ca4482-8fc9-4122-9315-5e00afbe09c7,0,10/9/2023,252,ce01a65e-2290-4a9b-baeb-05a5a7445004
99d00384-e4e8-43f3-9991-68234098a658,0,10/16/2023,253,ce01a65e-2290-4a9b-baeb-05a5a7445004
3e304c79-98da-47d2-87c4-f644538b5a9e,0,10/23/2023,254,ce01a65e-2290-4a9b-baeb-05a5a7445004
d292bad3-00ec-4d5c-9c02-58255a587e9d,1,10/29/2023,40,0e8866ba-632e-4ae2-8226-d91406826dd6
a7869564-2c0f-4674-b7ba-622bf9bc42d8,0,10/30/2023,255,ce01a65e-2290-4a9b-baeb-05a5a7445004
da4578da-cb0a-4632-91af-e1bad23804a7,0,11/6/2023,256,ce01a65e-2290-4a9b-baeb-05a5a7445004
36ba917f-10ef-4071-87f6-2cd6af9f4146,0,11/13/2023,257,ce01a65e-2290-4a9b-baeb-05a5a7445004
6aa6eab2-a807-4c9d-8655-33faf4996c6b,0,11/20/2023,258,ce01a65e-2290-4a9b-baeb-05a5a7445004
eddb78a3-40b6-4371-972c-2853e588a8d0,0,11/27/2023,257,ce01a65e-2290-4a9b-baeb-05a5a7445004
74a3f3c9-0ac4-48af-917c-c349e33aa676,1,11/30/2023,41,0e8866ba-632e-4ae2-8226-d91406826dd6
31a0b99e-d5d2-4278-aa94-a888e56920bc,0,12/5/2023,259,ce01a65e-2290-4a9b-baeb-05a5a7445004
91d8eb97-c768-401f-bcdf-1a54da0fa688,1,12/9/2023,,3de9d647-af48-492c-98e0-00ca3909c4d6
112b78c8-72d5-48e5-8fa4-6accd5a3c8d2,0,12/11/2023,260,ce01a65e-2290-4a9b-baeb-05a5a7445004
85146e42-efc7-4ba0-802c-564c69cdeb55,0,12/18/2023,261,ce01a65e-2290-4a9b-baeb-05a5a7445004
ad4c11bc-0e5f-4839-9721-012b011cc8c5,0,12/24/2023,262,ce01a65e-2290-4a9b-baeb-05a5a7445004
21a6b7ee-92c3-42bf-afe4-3cbe8a5e24ad,1,12/31/2023,42,0e8866ba-632e-4ae2-8226-d91406826dd6
01db790e-c0fd-48c7-b258-3654ada1881a,0,1/1/2024,263,ce01a65e-2290-4a9b-baeb-05a5a7445004
c534c555-6c2a-4698-a253-f6fa8eaf2bdb,0,1/8/2024,264,ce01a65e-2290-4a9b-baeb-05a5a7445004
44531a73-398a-4a16-a1a8-1722c1726901,0,1/15/2024,263,ce01a65e-2290-4a9b-baeb-05a5a7445004
a92554ac-b8b4-40c0-ac8d-805305d01618,0,1/22/2024,265,ce01a65e-2290-4a9b-baeb-05a5a7445004
dd909cd7-c476-4a1c-a3cc-16620a514d06,0,1/29/2024,263,ce01a65e-2290-4a9b-baeb-05a5a7445004
99684a06-eff2-4cd8-b5ad-7a269ef863fa,1,1/31/2024,43,0e8866ba-632e-4ae2-8226-d91406826dd6
bd69ca37-6ed8-4bbe-8786-ecf58f73884b,1,2/1/2024,,3de9d647-af48-492c-98e0-00ca3909c4d6
65900095-8b19-466f-8487-2c802ab214c1,0,2/5/2024,266,ce01a65e-2290-4a9b-baeb-05a5a7445004
49d0699d-4f9d-4b57-9968-d4442c2bba80,0,2/12/2024,267,ce01a65e-2290-4a9b-baeb-05a5a7445004
61d8db01-8b11-462c-ac86-2f4abb3b0878,0,2/19/2024,268,ce01a65e-2290-4a9b-baeb-05a5a7445004
f449f8aa-825b-4b4b-81e5-ce3e08bc14d0,1,3/1/2024,44,0e8866ba-632e-4ae2-8226-d91406826dd6
429da0a6-d7af-4c74-bb97-79b006b5b3bb,0,3/4/2024,269,ce01a65e-2290-4a9b-baeb-05a5a7445004
1cc775c7-1e5e-4247-8c5f-16201dd81bcb,0,3/12/2024,270,ce01a65e-2290-4a9b-baeb-05a5a7445004
8ac5178f-57d1-451f-8ecc-f1b4ad0dc6e0,0,3/18/2024,271,ce01a65e-2290-4a9b-baeb-05a5a7445004
c07b1638-b37d-4006-b075-bab9bf3c9e96,0,3/26/2024,272,ce01a65e-2290-4a9b-baeb-05a5a7445004
5f59f4e4-9563-47b5-b029-a6b2cf8c19a2,1,3/31/2024,1,98230a04-18a1-40d6-80cc-f04ab17eed95
14c96a01-4f8c-42a9-892b-52543bd53698,1,4/1/2024,10,73f2b38e-2c68-4c65-997d-1e7091682e34
8fd7e39e-e4ba-4080-8f99-9d378fd48204,0,4/3/2024,273,ce01a65e-2290-4a9b-baeb-05a5a7445004
4160799b-29d2-4074-9cbb-4c36204418ae,0,4/10/2024,274,ce01a65e-2290-4a9b-baeb-05a5a7445004
e9a10d4e-7621-45ce-a08f-116b51c74496,0,4/15/2024,275,ce01a65e-2290-4a9b-baeb-05a5a7445004
69ac0565-5fcc-415f-a078-8c304792ad64,0,4/22/2024,276,ce01a65e-2290-4a9b-baeb-05a5a7445004
c5c5a688-1dbf-4fe6-ab93-565956494869,0,4/29/2024,277,ce01a65e-2290-4a9b-baeb-05a5a7445004
81e4c09f-d0fa-4079-8960-3f4c9f90856e,1,4/30/2024,45,0e8866ba-632e-4ae2-8226-d91406826dd6
ed04bcc0-d56d-48ef-92e4-a6b801022917,0,5/6/2024,278,ce01a65e-2290-4a9b-baeb-05a5a7445004
158f4255-9c7a-4cd4-bcbb-66547111926a,0,5/13/2024,279,ce01a65e-2290-4a9b-baeb-05a5a7445004
3ff4cdd3-72f5-4e08-9032-d83f6060debc,0,5/20/2024,280,ce01a65e-2290-4a9b-baeb-05a5a7445004
69230b56-cf8d-4ced-b88d-0d070d9edf92,0,5/27/2024,281,ce01a65e-2290-4a9b-baeb-05a5a7445004
bd9a227e-e61a-4cd1-b3dd-cfcee1f9ca66,0,6/3/2024,282,ce01a65e-2290-4a9b-baeb-05a5a7445004
62305bde-2ad0-48ad-aab5-c97e749bbf76,1,6/8/2024,46,0e8866ba-632e-4ae2-8226-d91406826dd6
005b192d-e1f1-410f-a174-a1e163418ee3,0,6/10/2024,283,ce01a65e-2290-4a9b-baeb-05a5a7445004
2026908a-9c3a-40dd-be6f-0bce4db01ca9,0,6/17/2024,284,ce01a65e-2290-4a9b-baeb-05a5a7445004
6b0e8bcc-9c01-46a0-bbb1-90911179b446,0,6/24/2024,285,ce01a65e-2290-4a9b-baeb-05a5a7445004
9143a5b6-b496-4492-80c5-2255f05b22aa,1,6/30/2024,47,0e8866ba-632e-4ae2-8226-d91406826dd6
9119f64a-33c4-493a-9dce-a83323cdc48a,0,7/1/2024,286,ce01a65e-2290-4a9b-baeb-05a5a7445004
c39ab5f3-cb27-4f88-bbe0-1b5ed5d8ab51,0,7/8/2024,287,ce01a65e-2290-4a9b-baeb-05a5a7445004
bd9aa43b-d030-43e5-a89a-f55b558ad8ea,0,7/15/2024,288,ce01a65e-2290-4a9b-baeb-05a5a7445004
1d0b52c7-b97f-41a7-8b8f-8326c9672f6d,0,7/22/2024,289,ce01a65e-2290-4a9b-baeb-05a5a7445004
fa84fcc8-6693-46be-a47d-90185d3b7960,1,7/31/2024,48,0e8866ba-632e-4ae2-8226-d91406826dd6
0e95524d-b662-4850-9b27-054ffb27c38a,0,8/5/2024,290,ce01a65e-2290-4a9b-baeb-05a5a7445004
a956400e-2d35-4b85-bd34-38d4472108d5,0,8/12/2024,291,ce01a65e-2290-4a9b-baeb-05a5a7445004
a8bd84fc-16cb-4a7d-872e-67f637c6c19d,1,8/19/2024,2,079607f6-72f4-4eae-8d62-55a3e7c996fc
e8481a0d-9733-4c62-a8ac-3faad9ec4309,0,8/20/2024,292,ce01a65e-2290-4a9b-baeb-05a5a7445004
26e64d58-3f66-4b5f-81db-d02b3f4e0520,0,8/26/2024,293,ce01a65e-2290-4a9b-baeb-05a5a7445004
53c821a9-e251-494d-b42c-8be6319f4c18,0,9/2/2024,294,ce01a65e-2290-4a9b-baeb-05a5a7445004
6262b675-1880-4f71-9a6f-928e0ba7af8b,1,9/7/2024,49,0e8866ba-632e-4ae2-8226-d91406826dd6
0a9a3876-8e5e-44b5-b300-f4955ca22b3d,0,9/9/2024,295,ce01a65e-2290-4a9b-baeb-05a5a7445004
a0f9cb4d-3976-4f59-81c6-214e029bc2b8,0,9/16/2024,296,ce01a65e-2290-4a9b-baeb-05a5a7445004
dcebf0ef-deaf-4cc2-9727-478dfab5afc8,0,9/23/2024,297,ce01a65e-2290-4a9b-baeb-05a5a7445004
4bdaf729-51c0-4505-b3d3-895d1b817744,0,9/30/2024,298,ce01a65e-2290-4a9b-baeb-05a5a7445004
5ad5c904-d460-4ec1-ae17-eb02c581f103,1,10/2/2024,50,0e8866ba-632e-4ae2-8226-d91406826dd6
8fac0ea7-86cc-4635-8f85-1a774baa2111,0,10/8/2024,299,ce01a65e-2290-4a9b-baeb-05a5a7445004
6e0e7341-f994-41ff-8c75-4488a7dfc829,0,10/14/2024,300,ce01a65e-2290-4a9b-baeb-05a5a7445004
1b19d556-c9f6-4f77-be58-9d6966af3b67,0,10/21/2024,301,ce01a65e-2290-4a9b-baeb-05a5a7445004
616d2ddc-95f2-4177-9659-5366ef8132b9,0,10/28/2024,302,ce01a65e-2290-4a9b-baeb-05a5a7445004
2792d0c0-7804-458a-950b-296c29ce2ddd,0,11/1/2024,303,ce01a65e-2290-4a9b-baeb-05a5a7445004
3e2ffc27-4390-4137-a5f7-e1a42dee66e9,1,11/3/2024,51,0e8866ba-632e-4ae2-8226-d91406826dd6
af3ea06c-a71d-4adb-806a-acd01118d6aa,0,11/4/2024,304,ce01a65e-2290-4a9b-baeb-05a5a7445004
227a1caf-b63a-49f8-87ce-7d6ad01231ac,0,11/11/2024,303,ce01a65e-2290-4a9b-baeb-05a5a7445004
bed5bc03-f356-4dc2-b82e-9078fc4594c1,0,11/18/2024,304,ce01a65e-2290-4a9b-baeb-05a5a7445004
55daf8f8-0d21-4e5c-896f-ad24735fddb3,0,11/25/2024,303,ce01a65e-2290-4a9b-baeb-05a5a7445004
1ac0ebde-be91-4519-b5b1-e9b3a8fac082,1,11/30/2024,52,0e8866ba-632e-4ae2-8226-d91406826dd6
a03988fc-5d68-4216-bef6-eda384626b5a,0,12/2/2024,305,ce01a65e-2290-4a9b-baeb-05a5a7445004
6756fb0e-76b3-4717-9111-7ae15bcd8fc7,0,12/9/2024,306,ce01a65e-2290-4a9b-baeb-05a5a7445004
5f59f4e4-9563-47b5-b029-a6b2cf8c19a2,0,12/16/2024,,ce01a65e-2290-4a9b-baeb-05a5a7445004
21caa02a-6adf-4e76-b3b4-7c1f184582de,1,12/16/2024,11,73f2b38e-2c68-4c65-997d-1e7091682e34
8a0308a5-8bb8-4c19-8ff6-e8667a19a459,0,12/24/2024,307,ce01a65e-2290-4a9b-baeb-05a5a7445004
404cdf8b-f760-4d94-94e3-e096ffb0cbba,0,12/30/2024,308,ce01a65e-2290-4a9b-baeb-05a5a7445004
6135f826-9970-4e55-8f7a-5084b47ee83f,0,1/6/2025,309,ce01a65e-2290-4a9b-baeb-05a5a7445004
2299ec0e-103c-4eb0-9582-114114bfae47,1,1/9/2025,53,0e8866ba-632e-4ae2-8226-d91406826dd6
090784a1-274a-429e-a46d-2dc3b9f0cc5d,0,1/21/2025,310,ce01a65e-2290-4a9b-baeb-05a5a7445004
f2055eb5-bb0e-4c6b-b21e-16c7d6b63fd4,0,1/28/2025,311,ce01a65e-2290-4a9b-baeb-05a5a7445004
ba7c427e-f3da-406b-a02a-0d539e8873f7,0,2/4/2025,310,ce01a65e-2290-4a9b-baeb-05a5a7445004
b2ab75e7-513f-44ec-9b4d-c851a4f7d2fe,1,2/6/2025,54,0e8866ba-632e-4ae2-8226-d91406826dd6
9654f6ed-1e24-4489-a770-9e1f8141c304,0,2/10/2025,312,ce01a65e-2290-4a9b-baeb-05a5a7445004
d5c2a448-6454-4f23-a198-0a558c9dd230,0,2/18/2025,313,ce01a65e-2290-4a9b-baeb-05a5a7445004
1138b959-4803-402c-8991-d36e88ecb42b,0,2/24/2025,314,ce01a65e-2290-4a9b-baeb-05a5a7445004
076d6fb1-bb5e-411e-848b-8d1e402811b3,1,3/2/2025,2,98230a04-18a1-40d6-80cc-f04ab17eed95
f552c258-f0f0-455d-b4cd-eb4ee22e2605,0,3/3/2025,315,ce01a65e-2290-4a9b-baeb-05a5a7445004
2e26debf-5fa8-454b-a7bc-f7d63acb8d48,0,3/3/2025,316,ce01a65e-2290-4a9b-baeb-05a5a7445004
b4db911d-a9fb-4f6f-879d-bbf292b991c0,0,3/17/2025,317,ce01a65e-2290-4a9b-baeb-05a5a7445004
dc11271d-8fc5-435a-be61-e688809539ca,0,3/24/2025,318,ce01a65e-2290-4a9b-baeb-05a5a7445004
b64ca49d-5b91-4784-806d-619602b159ff,1,3/29/2025,12,73f2b38e-2c68-4c65-997d-1e7091682e34
63de9045-5606-4a35-b730-f09a2b2e6a67,0,3/31/2025,319,ce01a65e-2290-4a9b-baeb-05a5a7445004
bc76a069-7340-4928-8f6a-e889fa2e624e,0,4/7/2025,320,ce01a65e-2290-4a9b-baeb-05a5a7445004
d45ced5d-2df6-4a3b-a66a-ee82896d0a57,1,4/10/2025,55,0e8866ba-632e-4ae2-8226-d91406826dd6
0089052e-f6c0-4145-8af9-c0dd523e610a,0,4/14/2025,321,ce01a65e-2290-4a9b-baeb-05a5a7445004
9f0c98f3-556c-4026-8705-b9311cf3a568,0,4/21/2025,322,ce01a65e-2290-4a9b-baeb-05a5a7445004
7069876d-bdbe-4216-9a0e-810e820d7b97,0,4/28/2025,323,ce01a65e-2290-4a9b-baeb-05a5a7445004
eccbdab5-be2c-4158-9baa-02c3aef4409f,1,5/2/2025,56,0e8866ba-632e-4ae2-8226-d91406826dd6
07c992dd-5afd-4f92-9e22-c8faa2fa302d,0,5/12/2025,324,ce01a65e-2290-4a9b-baeb-05a5a7445004
8e6abc1f-5d66-479a-8aaf-d0f28e4b198c,0,5/19/2025,325,ce01a65e-2290-4a9b-baeb-05a5a7445004
2a111c9d-987c-4b9b-be5c-5fdd6a6728ad,0,5/29/2025,326,ce01a65e-2290-4a9b-baeb-05a5a7445004
7f04acf4-6700-47f7-86cd-71cc80b901f6,0,6/2/2025,327,ce01a65e-2290-4a9b-baeb-05a5a7445004
4d517c92-07eb-4fbc-bee9-45235300f4f9,0,6/9/2025,328,ce01a65e-2290-4a9b-baeb-05a5a7445004
92e65ae7-02b0-421c-8eec-4514f90df6cd,1,6/12/2025,57,0e8866ba-632e-4ae2-8226-d91406826dd6
b2a9de32-fd14-4d8e-b3f5-1d925d5055bc,0,6/16/2025,329,ce01a65e-2290-4a9b-baeb-05a5a7445004
08208805-fe64-4aae-bd4c-43f221bef423,0,6/23/2025,330,ce01a65e-2290-4a9b-baeb-05a5a7445004
2944339a-0f0f-4421-bf0b-d5adf1b692c6,0,6/30/2025,331,ce01a65e-2290-4a9b-baeb-05a5a7445004
c7c9b22f-4dd1-4022-b8de-f62e83e1c041,1,7/2/2025,58,0e8866ba-632e-4ae2-8226-d91406826dd6
2c29c942-71d9-4045-8651-3ab73d560f2f,0,7/8/2025,332,ce01a65e-2290-4a9b-baeb-05a5a7445004
fb9f0505-ddc0-4589-be70-c306c132e5e1,0,7/15/2025,333,ce01a65e-2290-4a9b-baeb-05a5a7445004
f20888d3-45f3-4149-bc65-d33112a45025,0,7/22/2025,334,ce01a65e-2290-4a9b-baeb-05a5a7445004
4102b26f-c3e0-472e-bc6c-d9ebdee562b3,0,7/28/2025,335,ce01a65e-2290-4a9b-baeb-05a5a7445004
e9569f22-cf20-412b-b3b7-c16e58de671c,0,8/4/2025,336,ce01a65e-2290-4a9b-baeb-05a5a7445004
6d30d571-bf1f-4244-bdd1-8de20c0a3dcb,1,8/6/2025,59,0e8866ba-632e-4ae2-8226-d91406826dd6
5c58f5d7-02e9-4470-a9d4-1c6bae87d037,0,8/11/2025,337,ce01a65e-2290-4a9b-baeb-05a5a7445004
5d8beb3a-ccf7-41fd-afe9-30b0b82c8d64,0,8/18/2025,338,ce01a65e-2290-4a9b-baeb-05a5a7445004
6fd86573-06ec-476f-9024-52b9e3191ed3,1,8/20/2025,3,079607f6-72f4-4eae-8d62-55a3e7c996fc
1744eb9b-2543-4641-ae45-25ca741c9329,0,8/25/2025,339,ce01a65e-2290-4a9b-baeb-05a5a7445004
71e91dfa-ee41-48b6-a068-dec386199c16,0,9/1/2025,340,ce01a65e-2290-4a9b-baeb-05a5a7445004
b93caee1-9343-4fb4-b308-84daf2d525db,1,9/5/2025,60,0e8866ba-632e-4ae2-8226-d91406826dd6
3f0446f6-6896-4f9d-a3b9-00936c83f868,0,9/9/2025,341,ce01a65e-2290-4a9b-baeb-05a5a7445004
3f7fd304-2a7c-44ee-90ff-8bd85654c457,0,9/16/2025,342,ce01a65e-2290-4a9b-baeb-05a5a7445004
19dbfb23-1c00-4ee0-a00a-afea478cdf1b,0,9/22/2025,343,ce01a65e-2290-4a9b-baeb-05a5a7445004
932e4db2-038c-4ff4-8e28-9556fb0aca31,0,9/29/2025,344,ce01a65e-2290-4a9b-baeb-05a5a7445004
253e0f91-ee4f-4bcf-a4fe-18de2efc8803,0,10/6/2025,345,ce01a65e-2290-4a9b-baeb-05a5a7445004
3d1b8d54-0363-4d5a-85cf-6f2ee519b868,1,10/12/2025,61,0e8866ba-632e-4ae2-8226-d91406826dd6
4d8d4937-c76e-463e-a5ba-47130b270f8e,0,10/14/2025,346,ce01a65e-2290-4a9b-baeb-05a5a7445004
76522425-c1aa-4433-9cf5-3190647f20a4,0,10/20/2025,347,ce01a65e-2290-4a9b-baeb-05a5a7445004
9cd4e0a3-4e6d-4dda-b88a-faad39f7a827,1,11/1/2025,62,0e8866ba-632e-4ae2-8226-d91406826dd6
1ad9ef52-f4f2-4153-9874-01ea633792da,0,10/27/2025,348,ce01a65e-2290-4a9b-baeb-05a5a7445004
b1579666-fe38-4d10-8c3a-267ae6c6db23,0,10/31/2025,349,ce01a65e-2290-4a9b-baeb-05a5a7445004
4b9d7385-6279-4af1-bc59-d2bc38dd4931,0,11/6/2025,350,ce01a65e-2290-4a9b-baeb-05a5a7445004
6bd7bdb3-3ec9-4620-9f8d-4b87af6836b1,0,11/10/2025,351,ce01a65e-2290-4a9b-baeb-05a5a7445004
f1416e65-5e22-4db5-8b3d-8e6007bb11e6,0,11/17/2025,352,ce01a65e-2290-4a9b-baeb-05a5a7445004
b02681c3-8767-4995-b2c3-9b000f45d7a3,0,11/25/2025,353,ce01a65e-2290-4a9b-baeb-05a5a7445004
b2c04557-1e7b-4fc6-8793-e4a10fdc4351,0,11/27/2025,354,ce01a65e-2290-4a9b-baeb-05a5a7445004
024e47d9-cd26-4668-b807-ec77bcfeec50,0,12/1/2025,355,ce01a65e-2290-4a9b-baeb-05a5a7445004
33172f30-5d76-4000-9d86-c7d1cd036555,1,12/4/2025,63,0e8866ba-632e-4ae2-8226-d91406826dd6
8f9df578-523f-ec44-8da3-47e9bd7c7983,1,2/26/2025,1,c2100630-3d3d-4d46-ac07-74a3c960c485
e4342f08-a7df-8841-8820-340719cbeff3,1,4/6/2025,2,c2100630-3d3d-4d46-ac07-74a3c960c485
96663402-2994-6f48-a62c-f6c8fb41ff75,1,5/26/2025,3,c2100630-3d3d-4d46-ac07-74a3c960c485
de8f868b-f4e3-934b-aff6-6007dae203d5,1,6/26/2025,4,c2100630-3d3d-4d46-ac07-74a3c960c485
cb684129-6d19-ad47-88d0-74d24ff5734b,1,7/18/2025,5,c2100630-3d3d-4d46-ac07-74a3c960c485
472b52b0-428b-d445-9565-0600d591b69a,1,8/27/2025,6,c2100630-3d3d-4d46-ac07-74a3c960c485
14b3ff51-9e04-4e41-9687-72440ce40603,1,9/19/2025,7,c2100630-3d3d-4d46-ac07-74a3c960c485
8ae2233e-4c57-5540-8af0-5518f7f0927d,1,10/24/2025,8,c2100630-3d3d-4d46-ac07-74a3c960c485
ea52d224-389d-3b45-aa0b-ddf88303896d,1,11/14/2025,9,c2100630-3d3d-4d46-ac07-74a3c960c485
c0218cf3-e4a3-4480-bc3f-3b3ddb657bcf,0,12/8/2025,356,ce01a65e-2290-4a9b-baeb-05a5a7445004
98ab937b-185a-49e1-8e8c-857b39ef0b48,0,12/15/2025,357,ce01a65e-2290-4a9b-baeb-05a5a7445004
cd3d47be-4859-4909-92df-3761c25a5f44,0,12/24/2025,358,ce01a65e-2290-4a9b-baeb-05a5a7445004
ae07f619-dc5e-47c6-bbee-f02bb5c38002,0,12/29/2025,359,ce01a65e-2290-4a9b-baeb-05a5a7445004
f8167e0b-8592-4b22-85bf-74addd5cade5,0,1/6/2026,360,ce01a65e-2290-4a9b-baeb-05a5a7445004
ae1e83fe-5751-e146-8c04-4592ca4c2071,1,12/20/2025,10,c2100630-3d3d-4d46-ac07-74a3c960c485
852850c8-c451-45f2-96b9-cc5caf0fea87,1,1/7/2026,64,0e8866ba-632e-4ae2-8226-d91406826dd6
b968ee1d-8ba1-4379-b0f2-81ff4ea3cb4a,0,1/12/2026,361,ce01a65e-2290-4a9b-baeb-05a5a7445004
dfb19bcf-5256-403c-8c0e-833520cc6ef3,0,1/19/2026,362,ce01a65e-2290-4a9b-baeb-05a5a7445004
ee315779-9339-4f28-b78b-bcbe441e85ee,0,1/26/2026,363,ce01a65e-2290-4a9b-baeb-05a5a7445004
