Id,PersonId
0608ad09-8cb7-44ff-87f4-c3d12696fc02,41354b7b-fda1-49fa-bcf1-97efb64cf811
06c46c4f-dcf2-44c1-992e-7750351c170d,06b76056-1baf-408e-abfc-4b4562c6b324
1913c3df-8d88-426a-8878-ceef89d7d0b7,8d315e10-c02c-454b-b41d-8d3b9c92d02f
1a7c3d1f-8cb0-4bdc-9f16-116f815cc804,d5fdc69a-d567-4548-95a8-33ae7846b898
27038fdf-2c78-4f8d-978e-47d60ee254ac,e489121f-846e-4bdf-afce-c55c942d5d98
2e276947-946d-4127-b257-b1f467977678,30e5adaf-aee5-4fec-8e7f-3df102ff92d6
2fee6500-3318-49e9-9027-dc7d246c2fbf,4227e713-71ed-4bda-8c3d-33ff50b10eb6
3f5e55d3-ef6d-446d-80f5-1cb8481af55f,2e4f039a-f60c-420d-b254-542bc30f4c24
56c13080-3f26-41e5-bbc1-a62f859aeee9,059151e3-3f0e-40b9-b40c-1a453e774e9d
5e8fa0ec-5263-4ffe-88c0-76250ba97d89,ce86e24c-d4a6-40af-b9ad-20414744e515
70681282-7a1e-4c53-a813-77416861bae1,3b277285-87c4-4544-8ea9-35c708f33fd8
741f99bb-d949-4525-8f59-a07da0042aa3,9529cde5-62b1-496c-b6d7-d48be0919e9c
7980c516-ee2b-469c-bac0-997042753262,ea84fbfa-757b-488e-bed2-e1fe8a23bf31
93371181-338e-4a76-a485-365a7e12ed8c,b1fc809f-7337-4bbc-89a8-5c8c125ed60b
a3d4e4e4-e0c4-43a0-acc7-6a9efa10d7f9,73a88a4e-0857-49b3-82f0-cbb84200051f
b2eed5a0-f5ce-4049-9ba0-777af73f5054,4227378c-cd5d-4d93-b4ce-42370e0c4bbd
b646ab7f-1a60-43c6-ae98-ec17454582cb,1b66b7fd-0ca4-4463-98ab-a7b275ccbb5a
b7a2ac33-d4da-4554-a189-ca9091553fec,afd89dbc-212e-4d39-aa91-4129e69375e7
c23b3a58-fcb9-469e-ae6c-71cc4b8081d6,25bb4bb1-946b-40c4-a52f-9efdc414024f
c52589c8-3042-4f61-afe6-e4dc1a1afeac,70358bbe-d88a-44ed-9fa9-2661fa49f76b
d01d6ec4-e750-4988-925b-0834eab7c166,d9b782eb-dbff-4822-a707-936e52031bb3
d28caca4-8fac-4378-9942-dc6762b9f7d9,c1f55342-4afa-466a-8ae3-3fce6715c311
e8dd9d13-d53e-4793-9446-5b57bfd711ed,8cf32308-237a-4f4c-a64d-fdc2f50f6f6a
f8a2d711-686f-468b-ba4a-fe1c8f778a84,b81528f8-4cf5-4de6-92f8-219950b68c48
30f5ea2c-1e65-4587-9160-e8dc73364334,9808872d-ca42-4901-ae7c-1e8da997903c
601c3f82-3dad-486a-aadc-4564a54a3d1b,82cada72-d0f9-47b8-bf3d-655305ee672b
f5d0a374-01c6-4b30-a1df-dabe3ab24cda,a0d92d43-293f-449d-9242-cfe78a669091
fb72f02e-ce1d-4af6-9ca5-d6fa920e2551,072f2c12-6139-4680-a603-228465a91853
6e2bb113-887a-4d10-a983-5c787ddb4238,2dfab435-f2ed-4c9b-9287-6fcea11686f4
3bd6032e-8e34-45a0-ac19-174ce21c4c70,969d261d-d50d-4760-be1d-e8e8c374d294
1cc1359d-3464-4e7f-8514-c8ce4d2bbde9,626f722d-ffca-4542-8a1a-48e371f24afd
e6000d61-ef69-4e68-9640-097c4b21cbca,2f03e77d-d815-4747-993b-bf0439b90e37
d082b583-0b9c-69fe-dcd4-ca5c5fa0f642,740f1008-a068-4d1c-b67c-b2f08fe8ae38
5da9358a-fe13-4c03-b5db-02a4afa80a32,34b207e8-78aa-4cae-9c72-63b0feed9666
f4b1007d-6f87-46fb-9348-bbcc8ce11419,0524e371-d4f8-4054-820e-6332ac56a3f7
