PickId,DrafterId,DrafterTeamId,DraftId,Position,MovieId
,dde00453-0852-41eb-b978-80a39ef83ad0,,878eb446-72a0-4b08-aa9d-a165ae0ec6c1,5,36b7adb3-c31c-415e-a085-ec10fbb12009
,899cab19-86d2-4022-b615-8c4c9dec9db9,,ea8a8ef5-6372-4faf-a73f-eb0512abef2e,2,40e03d52-b3a0-49e9-a02a-e6609cd09bf3
,c1d4eec2-0cdf-4336-870c-12a4f0948fca,,ea8a8ef5-6372-4faf-a73f-eb0512abef2e,1,4f5e24ae-831a-4d43-9a53-461670dfbcb5
,4e4b17bc-150a-4e99-a2a3-4b6475d42d44,,302b2148-cc0f-4e7e-8f3b-b2ef762dab74,4,01240b4c-def0-4123-ad72-2fed109f963b
,58207226-03a8-4883-bf00-338eb5124042,,5c9b1a87-8a97-49d6-b24a-eec66c9e45fb,5,1bfd945a-10bf-4f18-9605-0364b970c73f
,5931091f-4c76-42d8-84dc-96bec9e3d597,,5c9b1a87-8a97-49d6-b24a-eec66c9e45fb,2,e661c27d-2c32-4bb2-8236-c009f5bb6a19
,81937b1d-0621-4f38-b962-a4c1e476911c,,53ca0528-d400-4006-b085-bb611e964d43,1,2c14a441-8699-4df6-b7e4-deb4a1808575
,5fe205b1-86d8-438c-9ea5-84447e521562,,9e7dece2-c9d3-4756-9126-1a9beeba7d4b,2,49453a28-d0ba-432b-aa4f-c97c97b25d65
,5931091f-4c76-42d8-84dc-96bec9e3d597,,9e7dece2-c9d3-4756-9126-1a9beeba7d4b,1,a981f00a-9134-43e5-9856-3b389937a9ea
,c1d4eec2-0cdf-4336-870c-12a4f0948fca,,3ae28710-af89-4d61-8e1b-d5d252e166b1,2,b3ca413c-d6a5-46b4-a867-34d4e1bbb137
,6079d86e-cb44-4c58-adf0-c6e72f663069,,1bde2149-1f79-4e9d-b90c-150789c1a2c8,4,c18e7d9e-3134-431e-9c2b-f8b9d7595d6e
,d161375a-334b-4d13-b311-f66604f0fdf4,,18b37052-4535-4649-8fcd-4eacf8603385,2,302914c5-4c9a-4e5c-b441-5c2ab090001b
,281ad12d-b37b-43f7-9152-43a9d3fceb48,,18b37052-4535-4649-8fcd-4eacf8603385,1,949e67db-220c-44fb-bfdc-68143ab487f2
,76476f3e-5719-48ef-9b7c-6411b7b1a44c,,0e7390a6-cfe1-4564-b522-6494497000cc,6,c051d4cd-ed6e-464b-a5ca-52d4cb50a457
,5931091f-4c76-42d8-84dc-96bec9e3d597,,0e7390a6-cfe1-4564-b522-6494497000cc,1,e2f06c5c-ef80-4a5a-a759-9a8f39626311
,9659bda8-236b-44ce-a244-e9f32748b7a0,,e5be71cf-d991-41ac-996a-f88db567c5f2,3,1004f1a9-3070-484d-8d35-8b61a7a03978
,14b5a11d-292c-4751-bd24-1b3292c097b5,,e5be71cf-d991-41ac-996a-f88db567c5f2,2,9a5daf19-bd43-4a05-9a90-8e9100f86ff7
,f8136f2e-00f7-4049-8b87-3d7801ab6fd9,,3588e7c1-42ed-4cee-b83e-9cf014309b10,5,32e9bb8c-9436-4fce-94ff-9e27106cad60
,dde00453-0852-41eb-b978-80a39ef83ad0,,1c87ea9e-6023-4c78-8ca8-e1348dc51818,14,5f5a60a3-e7d5-4d4d-975e-9710d2d96b5a
,f84ec475-cba0-4525-a786-ccea39b90167,,1c87ea9e-6023-4c78-8ca8-e1348dc51818,3,129e1dbf-5447-438b-8b7d-d4b298616ba2
,ca18dc40-b3bd-4914-ae6d-428820352998,,fac8db87-2002-430e-8540-9e9d25df31aa,4,3fbf3da7-7cee-498b-a700-8a47ed3521dc
,76476f3e-5719-48ef-9b7c-6411b7b1a44c,,fac8db87-2002-430e-8540-9e9d25df31aa,3,ba0cf235-7d59-4b11-a8bc-2160234d1e94
,079a31ff-980f-4958-ae11-8ecf5e6e5813,,49ec3cfd-da6e-4f56-bd05-0ac67cfc4f34,4,9a664581-d5c4-4a18-b21e-af6aa9a54ee7
,44cb3279-40b8-4da8-90b7-e43c0b47d9b8,,49ec3cfd-da6e-4f56-bd05-0ac67cfc4f34,1,894f371e-4893-41ae-b869-be413cf0e5d9
,63551973-8b0a-44b0-b9c0-d5ba269f4571,,3e787702-e24f-4a0d-b2b4-4ee9b284f102,6,681645ee-209c-4e5f-8a79-9a5aa4736d73
,443af912-1e5d-44a5-8f26-fd66a42f3651,,f4eff735-1f2c-46ed-aca5-d9c3b0d0de91,6,efad58b8-d7d1-4d4e-8ca3-c279d7eb3f31
,5931091f-4c76-42d8-84dc-96bec9e3d597,,f4eff735-1f2c-46ed-aca5-d9c3b0d0de91,3,b8b570cf-9196-409a-9ea7-df7b0b0dfd0b
,5f9128ba-0d15-486a-80b1-e6ad64f6f32d,,7579285a-3b28-4f08-8acd-f2e70d4d547e,4,50b56f5f-c4b3-4ade-a968-a1a66c49c5ad
,dde00453-0852-41eb-b978-80a39ef83ad0,,7579285a-3b28-4f08-8acd-f2e70d4d547e,3,a981f00a-9134-43e5-9856-3b389937a9ea
,65147498-f878-45af-a3be-b3e19123e360,,a469a0bb-b5e5-44cd-b6e1-5a6f5c48feb9,6,4a9b7864-0e82-4809-8a54-f8999accde2e
,c1d4eec2-0cdf-4336-870c-12a4f0948fca,,4a20dafc-cb75-4858-b938-b16b406af897,20,2fa60360-d460-4c5a-8cd9-2aa8ad7b2d11
,c1d4eec2-0cdf-4336-870c-12a4f0948fca,,4a20dafc-cb75-4858-b938-b16b406af897,17,3c023e10-3420-450b-a73f-a600184bb711
,f84ec475-cba0-4525-a786-ccea39b90167,,4a20dafc-cb75-4858-b938-b16b406af897,10,6d5e6369-08a0-44c2-ad96-cd16934713d1
,58da69ee-15ed-46f1-a8e2-d89feccd768f,,4a20dafc-cb75-4858-b938-b16b406af897,10,3d9f9e78-6066-4bb0-80f2-b7dbc2bc5138
,dde00453-0852-41eb-b978-80a39ef83ad0,,4a20dafc-cb75-4858-b938-b16b406af897,10,b9acc8bc-1ae5-4559-b4ed-994b33f5bb6b
,c1d4eec2-0cdf-4336-870c-12a4f0948fca,,4a20dafc-cb75-4858-b938-b16b406af897,9,1bbcd79c-34af-4288-8de0-1417fd983927
,f84ec475-cba0-4525-a786-ccea39b90167,,4a20dafc-cb75-4858-b938-b16b406af897,6,6d5e6369-08a0-44c2-ad96-cd16934713d1
,dde00453-0852-41eb-b978-80a39ef83ad0,,4a20dafc-cb75-4858-b938-b16b406af897,6,b9acc8bc-1ae5-4559-b4ed-994b33f5bb6b
,58da69ee-15ed-46f1-a8e2-d89feccd768f,,4a20dafc-cb75-4858-b938-b16b406af897,6,5f5a60a3-e7d5-4d4d-975e-9710d2d96b5a
,c1d4eec2-0cdf-4336-870c-12a4f0948fca,,07a15e33-ffca-4224-87e8-46073efec33a,7,c08f4c15-9c40-4abf-806d-7fe121392e0a
,16659352-5ee7-415b-9840-56801fee6c8e,,07a15e33-ffca-4224-87e8-46073efec33a,3,0cc899d5-2ba7-4838-959a-4b06178a9ee1
,28620fb5-e293-4479-9210-c32fe45bd450,,5c1326ed-7fa1-4cd0-b336-a8a968c69b70,2,503ade7c-1d93-4643-8a85-c63b210e27ca
,dd874c30-2cb7-4724-a30d-27ad3f162ce2,,910e76dd-4f7c-449d-8769-a815ae6041a9,3,9e89a9ed-885b-4497-a550-963e398cecf9
,5877d3ff-ae30-4a1b-ae39-7330d7dd3af1,,2d9e2836-39fb-47ed-9ab6-d40a08c4c1a8,6,a62ec2e9-dbc4-42b8-bf20-11954a4d209e
,e1c8d40b-ac45-4a1d-b118-ed64d03cb899,,2d9e2836-39fb-47ed-9ab6-d40a08c4c1a8,5,a5c4af39-3def-456b-b875-03ba0df02ba3
,86759d9f-5613-4578-b74d-14f80217c675,,9f2425ed-17fc-4746-b4a4-9073251b2f57,5,6d4e3590-a38f-4f69-8b06-a39921dd0968
,e6fa10cf-5d2c-4690-9f98-6a55d518547a,,9f2425ed-17fc-4746-b4a4-9073251b2f57,2,b3312d7c-fd83-4c15-ae47-75df179e28a3
,dde00453-0852-41eb-b978-80a39ef83ad0,,f88a3cde-d149-4e94-92ef-953dc03edbe3,4,5c29c1b8-1c14-4b4f-ac4b-fc433db8814f
,6cb8b73a-f7b5-411d-b343-e12da3bc89ae,,84f92d8c-a6b2-4e94-ab3d-6b7b0fcc0a9e,7,3e42abf2-f5d2-4ff4-a1ca-fa53ea81382c
,76476f3e-5719-48ef-9b7c-6411b7b1a44c,,84f92d8c-a6b2-4e94-ab3d-6b7b0fcc0a9e,1,eea07985-0b02-49fc-8f00-d911aa28b65d
,669cebfa-73d4-494d-b3fb-8e8634548991,,fe8d1f9c-c915-498a-8ce8-089383df55a5,4,e18a4e53-75b9-4915-9120-c76d76eecf36
,0d0adff2-005c-4eac-91f0-33e127d743b0,,c06430fd-2ba2-4a28-91b9-7896650899a6,5,9dde7181-8142-4a1f-96f7-8e0b53101ccd
,56c88a9e-8aeb-4a6f-9576-2d9e9a433325,,c06430fd-2ba2-4a28-91b9-7896650899a6,2,24955216-5ddc-4b5e-b275-8c64d7e166e0
,5931091f-4c76-42d8-84dc-96bec9e3d597,,fd794b27-df5c-4ea8-93e2-72e27d4e0756,3,b50d2cfe-3f09-4c5c-81f6-e8521d7eda92
,f84ec475-cba0-4525-a786-ccea39b90167,,83bb9106-d6d0-446d-b344-8c597c0b5b09,3,4b506815-9395-49f6-a794-0a65c3a98a74
,17a61cb8-6c29-4ffd-9875-9f391c915884,,503706f4-7184-4dce-89ef-05c2ba9eaf6b,19,63307f26-2906-4e67-905c-6de3606c4832
,76476f3e-5719-48ef-9b7c-6411b7b1a44c,,503706f4-7184-4dce-89ef-05c2ba9eaf6b,17,f3b2b460-f9c3-4b31-b64e-06e52d30c8fd
,5931091f-4c76-42d8-84dc-96bec9e3d597,,503706f4-7184-4dce-89ef-05c2ba9eaf6b,16,d77cd035-075a-4ea2-8b84-afb2bae7cf59
,17a61cb8-6c29-4ffd-9875-9f391c915884,,503706f4-7184-4dce-89ef-05c2ba9eaf6b,15,63307f26-2906-4e67-905c-6de3606c4832
,5931091f-4c76-42d8-84dc-96bec9e3d597,,503706f4-7184-4dce-89ef-05c2ba9eaf6b,3,b7759ab5-e0ae-4c95-a0b9-8e4d5e1eac4f
,17a61cb8-6c29-4ffd-9875-9f391c915884,,503706f4-7184-4dce-89ef-05c2ba9eaf6b,3,0eab9c32-93a7-4f55-996f-927cd155f30f
,32fcb99d-ca2a-4c2b-9b53-400d07492ef7,,503706f4-7184-4dce-89ef-05c2ba9eaf6b,2,0eab9c32-93a7-4f55-996f-927cd155f30f
,f84ec475-cba0-4525-a786-ccea39b90167,,73c2ebbd-4005-4aa5-bbb0-d5c71a62f530,5,9f9ef7f5-5b6f-4d16-9a63-a6a351b3cf90
,4648aeb7-3458-4aac-9cfe-fd6caea0df22,,74df5527-3e9e-4b83-bd6d-a0de06e7a476,4,606b5486-e282-4c19-a37a-08ba8699fd53
,c8f2614b-396b-4403-baf3-988ef537ba7f,,74df5527-3e9e-4b83-bd6d-a0de06e7a476,3,63809b6a-6487-44f5-a44f-9ee2bd4cc014
,85cf9842-6abe-4e64-8ed4-e6a4f40ecb03,,c0044d5c-39d0-4826-a9ff-ae6d4cd04ac1,19,a6603153-aec6-4413-9cde-94b14f1fed74
,5e13a296-d8c0-4943-a788-1090377d27f5,,c0044d5c-39d0-4826-a9ff-ae6d4cd04ac1,13,38464dae-dcb9-4e76-8817-de7a541d4e84
,85cf9842-6abe-4e64-8ed4-e6a4f40ecb03,,c0044d5c-39d0-4826-a9ff-ae6d4cd04ac1,11,056cbe02-b3ca-4aff-a411-c98c54dfaccd
,81143403-bb8e-44c9-8f17-c833f9acb520,,c0044d5c-39d0-4826-a9ff-ae6d4cd04ac1,7,056cbe02-b3ca-4aff-a411-c98c54dfaccd
,c1d4eec2-0cdf-4336-870c-12a4f0948fca,,6b3cb308-838d-4e13-952f-7d422278c069,2,baebf624-35c7-4a0e-bc0a-d02d9ddc4966
,a9f85bd0-6a35-4eca-929c-26f187ca2dd8,,249b6e36-93ac-4544-a09c-09e467efa20a,1,3c8dbd5d-ce9a-430a-ad67-5035ec17a163
,7b1c5d9c-a0d1-494b-94da-abdda4d4fe3a,,1ae73670-c26c-48e3-bcee-ed881a66cd9c,4,2710f5b8-c1c8-4392-a5b5-a59ec5f8de89
,17e93d6c-ff10-497a-8c87-6cb704909c94,,1ae73670-c26c-48e3-bcee-ed881a66cd9c,4,3bbedad5-2d68-45b7-8cf6-36e6b0ca996d
,a5cc1074-83b3-43fc-a0f7-e405f18c745e,,3c09fb5c-8108-4b4c-9b08-77a836814ac6,3,09bcce08-a2b7-45a8-aab2-19a8643aecc1
,2f961c40-15b7-43e9-895f-045fbee2b2e3,,09df42df-0b32-4201-9725-526aee897927,12,2b33d846-4b4c-44ea-adb7-484f96195e41
,d161375a-334b-4d13-b311-f66604f0fdf4,,09df42df-0b32-4201-9725-526aee897927,9,acd10ad2-76f6-4dd4-9f35-c49139b95bd0
,81b46db8-9afe-4415-b245-c0a58468b0f3,,09df42df-0b32-4201-9725-526aee897927,8,16962fbd-6bf7-4a1b-9082-d7e0b1018b99
,2f961c40-15b7-43e9-895f-045fbee2b2e3,,09df42df-0b32-4201-9725-526aee897927,7,505402fa-b8e5-4543-8ef6-474e02ddb417
,f84ec475-cba0-4525-a786-ccea39b90167,,09df42df-0b32-4201-9725-526aee897927,4,3d41c138-ba8f-4b37-9f0d-36135bfca1d5
,d1edc078-3761-4149-9100-fff08e4011c0,,85523722-f66d-4be0-97b5-38d144bdfb64,5,49453a28-d0ba-432b-aa4f-c97c97b25d65
,997d2284-f252-4fbd-89d4-78a08c3466bc,,85523722-f66d-4be0-97b5-38d144bdfb64,4,42033f01-e686-40cd-9baf-12ba32838881
,5931091f-4c76-42d8-84dc-96bec9e3d597,,d6a42926-2d01-4af1-a136-d2250789c800,3,35add9fa-54de-4255-9366-3bfc463e8028
,5931091f-4c76-42d8-84dc-96bec9e3d597,,d6a42926-2d01-4af1-a136-d2250789c800,3,cba777f0-25fa-4187-8590-d9e8ece783ad
,76476f3e-5719-48ef-9b7c-6411b7b1a44c,,29139dcb-b4be-4319-b626-e03584d3537d,4,5f638bff-b4d7-4c0a-adb1-bcf279deaab8
,f84ec475-cba0-4525-a786-ccea39b90167,,60842e15-04d9-4808-b655-09175f439903,4,3babd11c-1a55-495b-a8b1-8bc264e1aaf3
,f7a79ea8-1763-4abd-b549-cf0977d9fe63,,a9074f10-3a23-4a59-a634-a0f64f1dd988,6,ee378c90-e81f-48cf-a435-d580a17a0daf
,86759d9f-5613-4578-b74d-14f80217c675,,a9074f10-3a23-4a59-a634-a0f64f1dd988,3,1d11b628-9e7c-49be-a95d-096d097acb3d
,731f7d23-eeae-4fd0-bb62-ac36e311e411,,d28b3def-2d8a-4148-b663-6062bfdeeb23,6,ce4a896e-4d24-4c1b-bcba-da9a0ce81c59
,0d0adff2-005c-4eac-91f0-33e127d743b0,,d28b3def-2d8a-4148-b663-6062bfdeeb23,2,a2f31c35-be3f-41ca-9539-96eb7dc66ee7
,c7c0e0df-170f-4435-a66e-9d43ce04214e,,10eeea71-24ef-4542-a47d-8bf190c3e939,3,5758b944-f25b-4a5b-b8e2-06e5c431c9be
,d6a2688b-0ea9-4026-8027-4da5af761dd9,,10eeea71-24ef-4542-a47d-8bf190c3e939,2,c51c1dc7-4aac-4305-a8ed-63c117364ace
,76476f3e-5719-48ef-9b7c-6411b7b1a44c,,7012cec0-8ca3-4f3d-8900-4bc3c8a24aa1,3,e2ed4eba-12f3-461e-9230-583ed6f5f452
,11697f91-8d5b-4ee5-a8fc-cae677bdc111,,7012cec0-8ca3-4f3d-8900-4bc3c8a24aa1,2,ac59539f-2575-4f7d-b016-ffaaf207e52f
,76476f3e-5719-48ef-9b7c-6411b7b1a44c,,7012cec0-8ca3-4f3d-8900-4bc3c8a24aa1,1,4f3101f3-a58c-4bef-96b4-7a6d1373eb55
,81937b1d-0621-4f38-b962-a4c1e476911c,,8e616bc9-1d1c-49e4-9c68-d033faaa28d6,12,a5dc934d-a46a-4ead-8d21-0bfe722bcee6
,f84ec475-cba0-4525-a786-ccea39b90167,,8e616bc9-1d1c-49e4-9c68-d033faaa28d6,9,2b6fcf57-4ed3-41d0-9aac-87bddae3cc57
,81937b1d-0621-4f38-b962-a4c1e476911c,,8e616bc9-1d1c-49e4-9c68-d033faaa28d6,3,6015035b-5c45-41cb-9ab9-1f6bab3df6ec
,fea53c38-84e9-41d3-bbce-2414a4c76391,,0b064375-dddb-425b-85e5-4d4db36cb3ff,6,4472c78b-ffde-44fb-90ad-73b465c7b317
,07b722b6-a508-4fbe-b524-c12fff9b39e1,,19965126-7d2f-424c-90d1-c315f5080c99,7,14686500-cc18-4524-8789-8b6b3c713d7d
,32fcb99d-ca2a-4c2b-9b53-400d07492ef7,,6214e864-de17-4b4b-a357-a7b461fe8658,4,a44d17e3-ee63-4bbe-9b1d-6d33028c90e0
,17a61cb8-6c29-4ffd-9875-9f391c915884,,6214e864-de17-4b4b-a357-a7b461fe8658,3,03939b70-c94e-4a8a-9ce6-eecebce58ec5
,c1d4eec2-0cdf-4336-870c-12a4f0948fca,,f45ccefe-c158-4bd1-8803-31a229f78c10,13,f03336e2-5633-4d4d-8c71-682da83e0477
,dde00453-0852-41eb-b978-80a39ef83ad0,,f45ccefe-c158-4bd1-8803-31a229f78c10,11,c990be50-5f6c-4836-a132-0ab6da3da446
,1a90a927-6e9b-41c7-b6bf-e411d057a3ee,,f45ccefe-c158-4bd1-8803-31a229f78c10,9,83e0e7fb-3593-4582-acf3-81711d2ad4a0
,c1d4eec2-0cdf-4336-870c-12a4f0948fca,,f45ccefe-c158-4bd1-8803-31a229f78c10,7,c990be50-5f6c-4836-a132-0ab6da3da446
,f84ec475-cba0-4525-a786-ccea39b90167,,f45ccefe-c158-4bd1-8803-31a229f78c10,7,7a420b0f-3508-45b4-a83c-a29579d282d3
,f84ec475-cba0-4525-a786-ccea39b90167,,f45ccefe-c158-4bd1-8803-31a229f78c10,6,83e0e7fb-3593-4582-acf3-81711d2ad4a0
,dde00453-0852-41eb-b978-80a39ef83ad0,,f45ccefe-c158-4bd1-8803-31a229f78c10,2,a29838c9-e65b-4154-971e-c6e802738437
,c1d4eec2-0cdf-4336-870c-12a4f0948fca,,6eec7b4d-06e0-4916-a091-da264eb57133,19,34aa1465-71d2-4670-ae43-43f9b5d6e3b8
,c1d4eec2-0cdf-4336-870c-12a4f0948fca,,6eec7b4d-06e0-4916-a091-da264eb57133,18,34aa1465-71d2-4670-ae43-43f9b5d6e3b8
,f84ec475-cba0-4525-a786-ccea39b90167,,6eec7b4d-06e0-4916-a091-da264eb57133,12,1ab39aef-93c3-4c35-a836-b44205353c71
,c8f2614b-396b-4403-baf3-988ef537ba7f,,6eec7b4d-06e0-4916-a091-da264eb57133,12,2c925d91-40f8-4f3b-a498-abde87a486bd
,c8f2614b-396b-4403-baf3-988ef537ba7f,,6eec7b4d-06e0-4916-a091-da264eb57133,7,f05a0774-c71e-4ee1-ad77-6ab8c69710ec
,2a4c7755-b2ad-4c4b-857d-93a4dc238d42,,e4b1f984-84e5-41ca-bea9-16d93fb97fdc,10,67bbae4b-874a-46ac-b076-1c8fe6ad57ee
,baf5d12b-6ff5-482a-a4d3-0b09f964595a,,e4b1f984-84e5-41ca-bea9-16d93fb97fdc,9,88fd0e4b-5b20-4168-a12f-a62f0c3ed226
,85cf9842-6abe-4e64-8ed4-e6a4f40ecb03,,d9bd3ac3-0b83-4fd9-9d52-f12549d418c2,5,5071183b-fbb7-47e9-a088-872abca16422
,76476f3e-5719-48ef-9b7c-6411b7b1a44c,,98c98d68-702e-41cd-8fa4-c8e212a68546,3,75aed416-27cc-4a91-b7b1-5ca929c9a53a
,c1d4eec2-0cdf-4336-870c-12a4f0948fca,,6921db42-e5a1-4f6b-9fd3-eea25d0ca633,3,1d0a4c91-9b5c-45aa-ba6b-c9fe9ff1918f
,5931091f-4c76-42d8-84dc-96bec9e3d597,,1ccd634c-66e7-41ee-a07c-920a48b17423,2,35fec2ad-877c-4f3a-8848-74b8b1b2d4a1
,c1d4eec2-0cdf-4336-870c-12a4f0948fca,,f8d983c0-4d4f-4fa3-aa7b-42ab877bf01c,2,408511cb-0010-4a52-b23e-9a0d2af05be9
,d161375a-334b-4d13-b311-f66604f0fdf4,,850d1e28-39fb-46e2-b286-ccdcedb2399a,5,73c64d9c-512e-4bbb-a1da-3be876c233ae
,b6cc7428-499a-4367-954c-ea9d44912225,,916cd2f3-b603-4d2b-94b8-5fc5f66ce9fe,4,16df4248-44da-4c79-8690-e87285c4f5b7
,669cebfa-73d4-494d-b3fb-8e8634548991,,9d5d0738-21f6-40f1-a51d-a8d913d8646f,6,05db10ed-a632-42a7-b4c2-e2971c616146
,669cebfa-73d4-494d-b3fb-8e8634548991,,9d5d0738-21f6-40f1-a51d-a8d913d8646f,4,adc09dbd-8f0a-41f7-916c-637e0a6087c5
,76476f3e-5719-48ef-9b7c-6411b7b1a44c,,7d513d21-73f2-4db0-8c9d-44f44f02d90d,6,73b417c9-bd4d-4773-83af-7e60bd18fc50
,dde00453-0852-41eb-b978-80a39ef83ad0,,b7f59742-f51f-4dd0-b08c-ac3091ad7802,3,de1c5236-fdd0-4a02-b950-4d563a135b05
,0cc91d5f-c299-473f-9b55-79277ae31d4c,,56d6fc65-4a4f-4a16-b746-b8ec56d6c837,2,d02b1aab-a2e6-4962-b750-27cfdf175459
,48936fdb-8ffb-4838-912d-1056e380c836,,c7b2f9fe-e314-461a-a7d6-f47a7dc1cc91,1,edcd9314-9b6a-4503-93bd-72d926da5518
,669cebfa-73d4-494d-b3fb-8e8634548991,,b2a8ab4c-494f-42cc-8531-8c2583ac4a67,3,d7a28be8-fff6-4f59-8721-8c3380a79681
,89ab7c7f-22b3-4af5-9d82-cf4e3ad8f3ed,,54fb4fc9-4d9b-422a-8241-9644e740e59c,4,7e9b5e86-f43f-4c29-bd8c-99319b4cfd9e
,d5487070-4021-4e85-beaf-d585a5a71163,,54fb4fc9-4d9b-422a-8241-9644e740e59c,2,2213e60d-455f-4ebc-a5de-98f16841cc13
,5931091f-4c76-42d8-84dc-96bec9e3d597,,dc8964c5-6650-438b-bdb3-24012b9c6ca1,2,fddf7cd8-ac60-4cfb-ab71-e8b46168d709
,eb47d536-1a1f-49fd-8a8e-4804e0305270,,dc8964c5-6650-438b-bdb3-24012b9c6ca1,2,4b4c051c-02c0-4e85-8a75-ccb9a92222be
,5931091f-4c76-42d8-84dc-96bec9e3d597,,dc8964c5-6650-438b-bdb3-24012b9c6ca1,2,3b3fced8-38ba-4c83-a722-861cfc925e7c
,c1d4eec2-0cdf-4336-870c-12a4f0948fca,,a422f5f7-7b4f-41cf-b825-e91299695fa0,4,17d39862-e732-4527-8daf-fb7001aa29d8
,c1d4eec2-0cdf-4336-870c-12a4f0948fca,,a422f5f7-7b4f-41cf-b825-e91299695fa0,2,a823480f-a381-401a-9642-f070989c31cb
,f84ec475-cba0-4525-a786-ccea39b90167,,50ea7a7b-798e-4ab3-8b45-2593e6a740b9,13,0712e315-94c3-468f-a5aa-b20bb0493834
,f84ec475-cba0-4525-a786-ccea39b90167,,50ea7a7b-798e-4ab3-8b45-2593e6a740b9,13,0d991584-1111-46f2-87b1-44bad2b50b57
,f84ec475-cba0-4525-a786-ccea39b90167,,50ea7a7b-798e-4ab3-8b45-2593e6a740b9,13,3527041a-af16-4376-98fa-2a7bab576301
,f5729dc9-f67d-4f5d-9e16-6036d305a919,,1a069714-7e86-49bc-8eee-2460a510fd1b,3,4f85ee72-6acf-4902-86ed-f65bb5c19fff
,07b722b6-a508-4fbe-b524-c12fff9b39e1,,1a069714-7e86-49bc-8eee-2460a510fd1b,2,17db4a89-b82d-43ae-9521-6921173bf592
,32fcb99d-ca2a-4c2b-9b53-400d07492ef7,,f6c55a58-801e-4e32-81e2-b98c4e4ba58b,2,0b0a0043-d9f1-45a5-a243-c183adc83082
,126436e6-ff5a-4260-a4a9-1a78d12ef95e,,144ae507-96d4-424b-a098-8bf38741e7ba,5,8f95423e-0aeb-482d-8ee8-55ff4c94ae4d
,76476f3e-5719-48ef-9b7c-6411b7b1a44c,,96dc67f2-011a-4ae6-ae2c-59f15336d97c,7,4484cffa-878a-4b6d-8c01-6848cbd18f87
,76476f3e-5719-48ef-9b7c-6411b7b1a44c,,96dc67f2-011a-4ae6-ae2c-59f15336d97c,2,b15a2c03-a6f5-4db6-ac51-ae35f99a6409
,56f27ee2-7254-40fc-b00a-93717ca3d3fa,,80393bb3-d348-4476-b5db-decad580de5f,4,28ef7c4f-380b-4ee5-9483-0d5f39206e80
,6dbaaa42-3673-42a5-a368-94a5cb9e30f3,,80393bb3-d348-4476-b5db-decad580de5f,3,29471430-018e-410f-ba4a-0efe5c91c0b7
,dde00453-0852-41eb-b978-80a39ef83ad0,,a0414bd9-b808-4b72-8f73-de2a6e0bf9dd,7,33a2bdce-cb15-461b-a2e3-47bdd0977beb
,c1d4eec2-0cdf-4336-870c-12a4f0948fca,,a0414bd9-b808-4b72-8f73-de2a6e0bf9dd,7,4e740063-5c83-46d7-bf2b-3c8840f93c02
,dde00453-0852-41eb-b978-80a39ef83ad0,,a0414bd9-b808-4b72-8f73-de2a6e0bf9dd,6,643335cd-a035-4637-8d8f-4bc98832707e
,5931091f-4c76-42d8-84dc-96bec9e3d597,,a0414bd9-b808-4b72-8f73-de2a6e0bf9dd,4,cab7e012-6477-4034-b4b1-aedae91ebeab
,5931091f-4c76-42d8-84dc-96bec9e3d597,,a0414bd9-b808-4b72-8f73-de2a6e0bf9dd,3,cddde7b6-64fe-4471-b3f8-bc183c62af57
,76476f3e-5719-48ef-9b7c-6411b7b1a44c,,42cc56ac-a9ae-41bd-9745-68a2bf9362fb,16,beac33ff-d96a-4059-96fc-cfe1c8bafc86
,5931091f-4c76-42d8-84dc-96bec9e3d597,,42cc56ac-a9ae-41bd-9745-68a2bf9362fb,11,64cdf2bc-28b6-43c6-8c6a-c71acf70aae4
,112f7fbb-4e1f-4e30-8ffd-4c2e5f9ff468,,42cc56ac-a9ae-41bd-9745-68a2bf9362fb,11,4f5f6342-efe4-4495-8c31-db5db64c3b0c
,1ea64225-2ea5-4dc3-8ba5-1e85e09835f6,,42cc56ac-a9ae-41bd-9745-68a2bf9362fb,2,09f906de-0f23-4356-b402-75a2c92395dd
,d161375a-334b-4d13-b311-f66604f0fdf4,,5befc72f-0d6e-4aea-addc-be50b6c1a02e,6,cd6b4c57-c406-43de-8f62-6e061c6a7ac9
,669cebfa-73d4-494d-b3fb-8e8634548991,,ff363d88-a497-4362-804b-a2c9511d666f,8,ac3c1b64-ff13-4229-8bd3-b896321fd0f1
,76476f3e-5719-48ef-9b7c-6411b7b1a44c,,ff363d88-a497-4362-804b-a2c9511d666f,8,63e9fb2f-4522-42eb-9a07-027b00364cca
,0d0adff2-005c-4eac-91f0-33e127d743b0,,ff363d88-a497-4362-804b-a2c9511d666f,6,7306733b-f600-492b-9baa-3628eecabee1
,669cebfa-73d4-494d-b3fb-8e8634548991,,ff363d88-a497-4362-804b-a2c9511d666f,5,b1bcc7ea-07fd-4a91-b930-fb81456c8ea2
,0d0adff2-005c-4eac-91f0-33e127d743b0,,ff363d88-a497-4362-804b-a2c9511d666f,3,ac3c1b64-ff13-4229-8bd3-b896321fd0f1
,76476f3e-5719-48ef-9b7c-6411b7b1a44c,,ff363d88-a497-4362-804b-a2c9511d666f,3,63e9fb2f-4522-42eb-9a07-027b00364cca
,17a61cb8-6c29-4ffd-9875-9f391c915884,,ac8f6ef4-3223-4226-b358-b6cd3a3b8e33,2,287c3aa8-0010-4765-bab3-edfd2a7cbe24
,58207226-03a8-4883-bf00-338eb5124042,,0579ebca-89d5-4fd4-8158-34561a0adc27,5,47687ed9-de0f-4135-b0a2-8c188b78b852
,5931091f-4c76-42d8-84dc-96bec9e3d597,,0579ebca-89d5-4fd4-8158-34561a0adc27,2,2d0f7770-87f3-4fae-9302-28108141c464
,3d5bf71d-738e-4536-9a45-cdaea806dd7a,,c5d06d78-f98b-4352-829c-7ac5510a1d3a,9,c9f45c24-9d0f-4c61-bbc5-2503e8cc2a71
,994f2851-7d5e-4fc4-b484-33bc0ed8c97d,,c5d06d78-f98b-4352-829c-7ac5510a1d3a,6,3428cc03-5f9a-46dc-88cd-32d5ae85d2a6
,3d5bf71d-738e-4536-9a45-cdaea806dd7a,,c5d06d78-f98b-4352-829c-7ac5510a1d3a,6,8582098d-3a7e-4db9-91ec-aaf7f13cbf3f
,661bdf83-f1df-4d98-a2ed-f5aa9123fe76,,c5d06d78-f98b-4352-829c-7ac5510a1d3a,4,2ee84ffb-d1da-4eda-a499-d6d56e056734
,e1c8d40b-ac45-4a1d-b118-ed64d03cb899,,a4bd3e53-80c8-4614-b5ff-06480eeed4fa,5,3babd11c-1a55-495b-a8b1-8bc264e1aaf3
,1472e9cc-4f46-44c8-b3b9-964944522c78,,8f1ca106-4b3a-4f62-82df-a1a847053299,6,9843193c-05bc-4f04-b185-5aaa2b0acb31
,6b983673-ae3d-4b82-afbf-c46ec9b20ef8,,8f1ca106-4b3a-4f62-82df-a1a847053299,5,cd6b4c57-c406-43de-8f62-6e061c6a7ac9
,3fcf368d-f9b3-4f63-a2c8-b76013693d3d,,caf63b0d-df86-4ce6-91cf-b71190ec6db0,2,00d83c0f-b5de-45ee-aa20-14bae90961cb
,d5487070-4021-4e85-beaf-d585a5a71163,,33ce92e4-4a86-4c67-b75d-79f6f1380867,20,ea7e02fa-f68c-4e5a-a7ef-23e93217f81a
,dc80cd3c-c597-4684-91b3-94c915ac329d,,33ce92e4-4a86-4c67-b75d-79f6f1380867,19,455ddaf8-dad3-45a9-ba78-d76493dcf446
,07b722b6-a508-4fbe-b524-c12fff9b39e1,,33ce92e4-4a86-4c67-b75d-79f6f1380867,18,ab2b64f5-852f-4f2f-9f22-9e3802c1d1a3
,28620fb5-e293-4479-9210-c32fe45bd450,,33ce92e4-4a86-4c67-b75d-79f6f1380867,13,cefdd1f1-7ee5-4160-b04e-8080d64aa819
,28620fb5-e293-4479-9210-c32fe45bd450,,33ce92e4-4a86-4c67-b75d-79f6f1380867,6,87d11e93-63c3-47a8-a9f3-6c7bc46726f7
,dde00453-0852-41eb-b978-80a39ef83ad0,,9d907787-44de-4239-9a5a-b978486bc4b8,9,4057a64f-17cc-4eda-9d98-1e07b60522c5
,85cf9842-6abe-4e64-8ed4-e6a4f40ecb03,,9d907787-44de-4239-9a5a-b978486bc4b8,9,c12e3172-0d3b-40e0-9c50-1bbc9b7905c0
,dde00453-0852-41eb-b978-80a39ef83ad0,,9d907787-44de-4239-9a5a-b978486bc4b8,8,8118904a-9f3f-4e1e-8f56-5230ed5aa85f
,85cf9842-6abe-4e64-8ed4-e6a4f40ecb03,,9d907787-44de-4239-9a5a-b978486bc4b8,6,d921d58a-96ec-4362-8d63-bdc1e7eebb44
,5931091f-4c76-42d8-84dc-96bec9e3d597,,9d907787-44de-4239-9a5a-b978486bc4b8,5,c12e3172-0d3b-40e0-9c50-1bbc9b7905c0
,70d0fa8d-46be-4ee5-97e5-f8e6f38b3536,,617a280b-ec34-4329-a405-83ea9a748c53,4,1337fa75-226f-4a22-b1aa-2a2a62f1dcdb
,f84ec475-cba0-4525-a786-ccea39b90167,,a7634dfd-371f-4b23-a358-a92e5bfa858f,15,c2c958d9-dad4-4175-bc32-5d7cb04940ad
,c1d4eec2-0cdf-4336-870c-12a4f0948fca,,a7634dfd-371f-4b23-a358-a92e5bfa858f,8,64396007-00c3-45df-a8a1-4faeefbba179
,f84ec475-cba0-4525-a786-ccea39b90167,,a7634dfd-371f-4b23-a358-a92e5bfa858f,7,fbce00aa-2aa8-4817-9470-513ef7fd0b2b
,c1d4eec2-0cdf-4336-870c-12a4f0948fca,,a7634dfd-371f-4b23-a358-a92e5bfa858f,6,78f0e80f-ed37-4422-a8b8-530b84c6824b
,c1d4eec2-0cdf-4336-870c-12a4f0948fca,,a7634dfd-371f-4b23-a358-a92e5bfa858f,6,ef070a6e-a993-4469-9005-5eadaaf10d15
,86759d9f-5613-4578-b74d-14f80217c675,,a7634dfd-371f-4b23-a358-a92e5bfa858f,2,786744c8-3e87-41be-98be-bd964793f019
,48936fdb-8ffb-4838-912d-1056e380c836,,b1fddc5e-57fb-468c-a972-1bf05664b36b,10,3f83f3f7-7c9b-446a-8068-6acfbe4c754d
,48936fdb-8ffb-4838-912d-1056e380c836,,b1fddc5e-57fb-468c-a972-1bf05664b36b,9,98aa9ec4-1a82-4aa5-b942-f3e04233d7a9
,0d0adff2-005c-4eac-91f0-33e127d743b0,,b1fddc5e-57fb-468c-a972-1bf05664b36b,4,139ec459-7365-416a-8301-b03747e9e30e
,76476f3e-5719-48ef-9b7c-6411b7b1a44c,,b1fddc5e-57fb-468c-a972-1bf05664b36b,3,61f82a82-4cc3-4269-b26d-cbc515f11c5e
,81143403-bb8e-44c9-8f17-c833f9acb520,,e9466fe6-83c1-4e20-a875-a92d18092cf2,6,2f4c8888-804e-40ae-a387-c4db06482d7c
,c7c0e0df-170f-4435-a66e-9d43ce04214e,,e9466fe6-83c1-4e20-a875-a92d18092cf2,2,1f930715-ea6f-43ce-95fc-31007d4b70d7
,2518536d-c219-4a64-9319-cdab83d548ec,,dada16ee-59cd-4d63-bc5d-47491aef571f,5,bc07cac7-9691-4202-b567-6a8a938660eb
,242cc00e-d003-494e-a1c8-d314738a8029,,dada16ee-59cd-4d63-bc5d-47491aef571f,4,a2d9cef4-a684-4678-b5f7-cd4a2f1b6b16
,4cd26c5a-73c9-4a20-a7dd-37c836761f5b,,5e2157bf-fdd5-4fe1-9cf1-0d92a3037178,4,ccb031e7-5e9f-4d3a-9b92-3408e664a678
,ebd99835-5712-4112-a821-35dd7f68ffb5,,6af38676-d011-4ba9-830d-427b4278dcbc,10,b59681d8-8f35-45f9-9605-511bec8ce86e
,ebd99835-5712-4112-a821-35dd7f68ffb5,,6af38676-d011-4ba9-830d-427b4278dcbc,7,cc71d286-3c68-43b1-854f-ebe968c1b9b5
,17a61cb8-6c29-4ffd-9875-9f391c915884,,8a437997-f5e0-4f89-a691-fd8457422337,7,fc2ba099-8d4a-4a32-a90b-545bd1b74e24
,17a61cb8-6c29-4ffd-9875-9f391c915884,,8a437997-f5e0-4f89-a691-fd8457422337,4,5642d15e-9def-4177-a1bb-922a0bbb8cb9
,,7f7e4c18-ad0a-46d3-9f34-eddc0098884f,68e35ab4-4a07-4179-883f-6fe9ce3a0f1d,2,9f64f84f-5898-44fd-9208-2f07534a5f7c
,2f961c40-15b7-43e9-895f-045fbee2b2e3,,a91a6e7e-d2bc-44f8-bbc3-f4dc57127910,3,9e89a9ed-885b-4497-a550-963e398cecf9
,0d0adff2-005c-4eac-91f0-33e127d743b0,,dce54f7e-bddd-41b8-90eb-4c68d47f5f80,7,f9a52822-8fc8-4778-9b34-2de7863fc8fb
,997d2284-f252-4fbd-89d4-78a08c3466bc,,dce54f7e-bddd-41b8-90eb-4c68d47f5f80,3,fabdab96-af14-4517-b0f9-a587954c39a2
,424f40ce-e68f-4f71-8ab9-327c973ff65a,,451f5dd2-6d01-4a34-a05d-9c569a9a03de,2,952727d7-ee6b-4571-85cb-c97a49f1addb
,6aae0c1f-3a91-4654-80ea-42213327be71,,451f5dd2-6d01-4a34-a05d-9c569a9a03de,2,99ace754-0548-472a-97b3-e94c9b5bf212
,56f27ee2-7254-40fc-b00a-93717ca3d3fa,,600b2796-0f03-4eca-84f0-a696a4da0729,5,08985f3d-95ea-40bc-9197-9b909df920ae
,f84ec475-cba0-4525-a786-ccea39b90167,,8615b1eb-5e08-4018-be57-49dea1724315,8,734d808e-f6d4-4529-93d6-9b9e606618ea
,85cf9842-6abe-4e64-8ed4-e6a4f40ecb03,,8615b1eb-5e08-4018-be57-49dea1724315,8,b706f84a-3232-447b-9eed-4942e403a879
,dde00453-0852-41eb-b978-80a39ef83ad0,,8615b1eb-5e08-4018-be57-49dea1724315,6,2231d749-d43e-444e-9a6d-aabf3390c07a
,dde00453-0852-41eb-b978-80a39ef83ad0,,8615b1eb-5e08-4018-be57-49dea1724315,4,8788cad7-8d5a-493d-b731-690c555926e3
,731f7d23-eeae-4fd0-bb62-ac36e311e411,,b345decb-a7e5-4d0b-ba7d-5f2c521f93a0,6,d387ef94-373a-4750-93ac-8f3e6b07abc6
,0d0adff2-005c-4eac-91f0-33e127d743b0,,b345decb-a7e5-4d0b-ba7d-5f2c521f93a0,2,c6ed1aef-8ddb-4335-9ab9-ee02a0ebe1f9
,c1d4eec2-0cdf-4336-870c-12a4f0948fca,,0754606f-4e74-4655-b3e8-ff567481e294,7,0bd476f2-9612-4041-a9c5-143e33971c8c
,d95786b2-a811-48dc-bd18-b00b4d8738e8,,0754606f-4e74-4655-b3e8-ff567481e294,5,b50fe2c4-28db-45be-b50e-f8741bf7e793
,33e94969-4945-4723-8966-1266889da3f0,,6a26d062-d3c5-4436-bee6-b64603a6940a,4,e4453772-438f-492d-9f4d-4d1785d16cbf
,86644ba4-bc9a-4d8d-8d85-354421ceadc6,,6a26d062-d3c5-4436-bee6-b64603a6940a,3,ebf7cb5a-c1e5-4fa9-9f27-b8323fac2614
,85cf9842-6abe-4e64-8ed4-e6a4f40ecb03,,a11b7caf-c1ed-4353-9534-f546410b8bfc,19,ac690d2d-4a43-448e-bc94-b500bf780a3b
,c1d4eec2-0cdf-4336-870c-12a4f0948fca,,a11b7caf-c1ed-4353-9534-f546410b8bfc,16,00f1d4c0-dba9-4756-bc53-988ec5a17971
,dc80cd3c-c597-4684-91b3-94c915ac329d,,a11b7caf-c1ed-4353-9534-f546410b8bfc,10,ac690d2d-4a43-448e-bc94-b500bf780a3b
,85cf9842-6abe-4e64-8ed4-e6a4f40ecb03,,a11b7caf-c1ed-4353-9534-f546410b8bfc,4,02f9f56f-cfd3-41c8-930a-078a00a9c0e5
,48936fdb-8ffb-4838-912d-1056e380c836,,39eac0ae-a206-4fd4-beee-f9d6b257dfc0,9,2209ade9-a1f1-4755-83b7-3298db150648
,0d0adff2-005c-4eac-91f0-33e127d743b0,,39eac0ae-a206-4fd4-beee-f9d6b257dfc0,5,a823480f-a381-401a-9642-f070989c31cb
,76476f3e-5719-48ef-9b7c-6411b7b1a44c,,39eac0ae-a206-4fd4-beee-f9d6b257dfc0,5,7bd10e5a-d89f-452c-8663-87c03649f879
,669cebfa-73d4-494d-b3fb-8e8634548991,,39eac0ae-a206-4fd4-beee-f9d6b257dfc0,2,06922aee-c7a7-4b21-bc5c-e50c7f3449b9
,59a05947-0a4c-4f15-904a-165106d0790a,,eadc2778-07d3-45db-9e19-65b52a2e3234,6,6932952e-f532-432c-9cf4-a3a96e05d9b3
,62e46887-06d0-461f-98e3-bc243d7acb2d,,eadc2778-07d3-45db-9e19-65b52a2e3234,3,fc99de51-c78a-4ad0-a662-47e1e049026f
,c1d4eec2-0cdf-4336-870c-12a4f0948fca,,d0113431-158d-4b47-8a85-c8d273dab112,6,040f9ba8-0dcb-4bc9-add4-b4fbe6586fca
,f84ec475-cba0-4525-a786-ccea39b90167,,d0113431-158d-4b47-8a85-c8d273dab112,6,6a7ccce4-f2ce-44a9-a800-cfbfa789f85e
,dde00453-0852-41eb-b978-80a39ef83ad0,,d0113431-158d-4b47-8a85-c8d273dab112,4,c896b407-db8b-43ff-8464-d361d3098857
,c1d4eec2-0cdf-4336-870c-12a4f0948fca,,d0113431-158d-4b47-8a85-c8d273dab112,3,040f9ba8-0dcb-4bc9-add4-b4fbe6586fca
,e0253429-3966-47e5-becd-edbf408a5b5d,,b32b2777-584f-4b90-9af6-e3a327631c52,3,8c583dfa-9494-41e0-8e0a-ffd1ca34defb
,3d5bf71d-738e-4536-9a45-cdaea806dd7a,,b32b2777-584f-4b90-9af6-e3a327631c52,3,030c9db1-428c-4443-85c9-bf9efc328b56
,7c580ed3-30b0-49a5-b13c-00f9bcba7498,,253b856d-459e-44da-afeb-a1b03ee53a43,6,5745fdb6-2579-4779-a274-218157ead014
,997d2284-f252-4fbd-89d4-78a08c3466bc,,253b856d-459e-44da-afeb-a1b03ee53a43,3,babef01d-d721-44af-b569-79aad807b0ec
,76476f3e-5719-48ef-9b7c-6411b7b1a44c,,aec7bb37-72ec-4a6e-9cb5-387978576fe7,5,d9bdc97e-d7ae-4b95-89ba-a544c0d40a80
,c8f2614b-396b-4403-baf3-988ef537ba7f,,b05fb914-d305-4307-90fd-5d7fe6b471ce,6,e5fbd804-d03a-4a5e-a1a4-ae003563f8ed
,c8f2614b-396b-4403-baf3-988ef537ba7f,,b05fb914-d305-4307-90fd-5d7fe6b471ce,6,857bcca4-fe61-42e2-8813-59d36596fb55
,669cebfa-73d4-494d-b3fb-8e8634548991,,b05fb914-d305-4307-90fd-5d7fe6b471ce,3,a823480f-a381-401a-9642-f070989c31cb
,0e83aaac-96fc-4487-820f-71d90c7816a4,,2f0b45bf-e1f4-45cb-944e-fccee2d0dcdb,3,5e00ad12-928b-454e-aa68-d7d4d33b6097
,86759d9f-5613-4578-b74d-14f80217c675,,50f9b683-a1cc-4737-8a78-8dbadacb2db5,4,d17407e8-df89-4070-8c0d-b3380f80270c
,f7a79ea8-1763-4abd-b549-cf0977d9fe63,,50f9b683-a1cc-4737-8a78-8dbadacb2db5,3,88f74619-1bc1-4aae-8468-db0616740884
,85cf9842-6abe-4e64-8ed4-e6a4f40ecb03,,56416e2b-bae6-469a-b6eb-4fe5909ae1c8,5,7f712add-3576-427f-bd65-19f792b082f6
,112f7fbb-4e1f-4e30-8ffd-4c2e5f9ff468,,c669c00a-0ad1-4ea7-8011-ec7ce1cc3ef5,6,75995b3d-9a2a-4b6b-a7bc-74960139fe28
,5b0c2434-932f-497b-8e37-861b4cd5e81a,,efb7cf0f-e8ff-49c1-80ee-8392a7bb83ea,4,5552aa25-c237-4402-861c-d1d411e39c59
,c1d4eec2-0cdf-4336-870c-12a4f0948fca,,efb7cf0f-e8ff-49c1-80ee-8392a7bb83ea,3,e4ba8321-dcac-47ac-bb9f-8bae2b88dcdc
,5931091f-4c76-42d8-84dc-96bec9e3d597,,bf9d9ebf-a513-480b-85b7-94c448b1b689,7,e5e6c1fa-a499-4b51-9530-b2329256b67e
,5931091f-4c76-42d8-84dc-96bec9e3d597,,bf9d9ebf-a513-480b-85b7-94c448b1b689,6,e5e6c1fa-a499-4b51-9530-b2329256b67e
,bf4a95ad-0cc5-4f36-a53a-1495b26ee2f5,,bf9d9ebf-a513-480b-85b7-94c448b1b689,5,6d42d9ab-ceed-42d7-ad20-e403cdd9b1cf
,997d2284-f252-4fbd-89d4-78a08c3466bc,,783cd350-251b-40d2-a82a-1e19530e3ac4,15,a2fbea83-287e-498a-9808-7f4b4464a67b
,28c02cfb-2949-4f42-b6a3-0a22674837f0,,783cd350-251b-40d2-a82a-1e19530e3ac4,14,83fa111a-829f-4ad8-8b5a-f5ff934a0a5a
,1a90a927-6e9b-41c7-b6bf-e411d057a3ee,,783cd350-251b-40d2-a82a-1e19530e3ac4,13,42b11a5c-9434-42ad-a462-a8e06a395cc2
,cab1d045-e789-4be8-a974-981204dee5c3,,783cd350-251b-40d2-a82a-1e19530e3ac4,12,7b7eb9b8-1ab5-4c91-a2d7-f299771dee4b
,1a90a927-6e9b-41c7-b6bf-e411d057a3ee,,783cd350-251b-40d2-a82a-1e19530e3ac4,9,f804f09e-0a6b-464e-b933-114859172e6a
,cab1d045-e789-4be8-a974-981204dee5c3,,783cd350-251b-40d2-a82a-1e19530e3ac4,1,3428cc03-5f9a-46dc-88cd-32d5ae85d2a6
,997d2284-f252-4fbd-89d4-78a08c3466bc,,783cd350-251b-40d2-a82a-1e19530e3ac4,1,f1e0f445-3642-477a-a1ff-b9105ecc9207
,48936fdb-8ffb-4838-912d-1056e380c836,,faab1d5b-7e9a-41ac-a0fc-aa7f3a5f7fc2,2,dc794306-055c-4305-b658-97a4aeec8545
,669cebfa-73d4-494d-b3fb-8e8634548991,,faab1d5b-7e9a-41ac-a0fc-aa7f3a5f7fc2,1,0db63b12-3d4e-4557-974f-22ab33f525ed
,9177cf93-d350-4ffc-80fb-60bbbdd49da7,,2d2d935b-6173-430e-9fbd-2a4e8645b823,5,f8088f8a-1222-4555-ac4f-c0dd832417d5
,32fcb99d-ca2a-4c2b-9b53-400d07492ef7,,bed16451-5501-4af8-9497-770383430bb5,5,a244d861-d606-4f57-99fa-b6d3e9aa3510
,32fcb99d-ca2a-4c2b-9b53-400d07492ef7,,bed16451-5501-4af8-9497-770383430bb5,3,a244d861-d606-4f57-99fa-b6d3e9aa3510
,5931091f-4c76-42d8-84dc-96bec9e3d597,,e1647c90-8118-4c32-8ace-3af5f395be35,10,f6c80351-d178-460d-bc74-80035c0bf053
,76db1740-d667-4f0d-ba8c-f2d72a41bbee,,e1647c90-8118-4c32-8ace-3af5f395be35,7,7baec1c6-e401-465c-b699-e097c9f021ca
,25ce3648-2aa4-4992-a379-003d561b81d4,,e1647c90-8118-4c32-8ace-3af5f395be35,7,0bb71210-90b6-42ea-897b-148387f7e70a
,25ce3648-2aa4-4992-a379-003d561b81d4,,e1647c90-8118-4c32-8ace-3af5f395be35,3,1caef1a3-82fa-4c9d-a75d-cd466031aec2
,58207226-03a8-4883-bf00-338eb5124042,,91a4ffcf-2c95-4563-90f1-2769f72c575c,4,a267d2d9-058d-4ad6-90cb-f09322737fc5
,ea588efb-240a-4c6d-a634-d3d8dab4d75c,,9cb66ce6-348c-4be8-ab7d-ad3bf2ee101a,8,bd80e28b-8915-4f0e-b1b4-1bd0a573f97f
,112f7fbb-4e1f-4e30-8ffd-4c2e5f9ff468,,9cb66ce6-348c-4be8-ab7d-ad3bf2ee101a,6,9ebc68a4-7163-4d32-bcf7-355454d906d6
,6fac4a5d-c270-4c1f-8da7-48a6f5d8f407,,d8f91d3d-d590-4bec-9db0-9acbc6718888,26,21713683-d477-47b0-b30c-bda10dc1ab97
,0d0adff2-005c-4eac-91f0-33e127d743b0,,d8f91d3d-d590-4bec-9db0-9acbc6718888,20,5e74df81-0597-47f2-8784-179ec1d51035
,81937b1d-0621-4f38-b962-a4c1e476911c,,d8f91d3d-d590-4bec-9db0-9acbc6718888,20,dafccafe-b436-4613-a769-776415cfca85
,d161375a-334b-4d13-b311-f66604f0fdf4,,d8f91d3d-d590-4bec-9db0-9acbc6718888,20,1fe6e720-7a94-4fba-b7c9-65adab277779
,0d0adff2-005c-4eac-91f0-33e127d743b0,,d8f91d3d-d590-4bec-9db0-9acbc6718888,15,daed9ea7-f56b-4724-bc2f-83318671e5b7
,0d0adff2-005c-4eac-91f0-33e127d743b0,,d8f91d3d-d590-4bec-9db0-9acbc6718888,15,e4554ec8-7532-44a3-b914-7cca64f5ef7f
,997d2284-f252-4fbd-89d4-78a08c3466bc,,d8f91d3d-d590-4bec-9db0-9acbc6718888,6,e4554ec8-7532-44a3-b914-7cca64f5ef7f
,67f82619-a5c5-4d70-8641-622d5e649a41,,f3f8f799-d395-4e53-97f2-7514d0daf536,4,de30656c-df76-402b-9804-b8827c4ff03b
,cbcdf40c-3876-4102-b91f-0b18a9dc567e,,f3f8f799-d395-4e53-97f2-7514d0daf536,2,f6959e89-312c-4354-b923-dc9664d65324
,6b983673-ae3d-4b82-afbf-c46ec9b20ef8,,26b1018c-10cc-444a-996c-d7a50fceb2f8,5,54e63875-accd-440d-bf60-4d49b1da4e37
,1472e9cc-4f46-44c8-b3b9-964944522c78,,26b1018c-10cc-444a-996c-d7a50fceb2f8,4,c100ba9c-a48c-4645-aec1-24c8c5b1572c
,e7064842-a671-4129-b208-3ca9e5bec539,,c48d94a8-10d6-4a98-8b0e-cfb9f0be67ff,3,2dfb28ff-b548-4412-b02b-5d28ee251c06
,25ce3648-2aa4-4992-a379-003d561b81d4,,22052206-bc08-4dc7-aba7-a10bf5b5f7ce,5,a009d7d5-5865-41d9-b720-99a191c7fb0c
,56f27ee2-7254-40fc-b00a-93717ca3d3fa,,22052206-bc08-4dc7-aba7-a10bf5b5f7ce,2,82d092b5-8dd0-438a-8ae9-ffe53be1be03
,e033d8ec-2723-4973-bbfb-4eadabfe9192,,e21637af-828a-4793-9ae0-1ebb8122c11f,1,6063beab-f455-4f24-970c-f9db399f7120
,4bf3b1d6-57be-431f-915b-0d4c3654671e,,23dc7540-0b19-42f0-9471-479332a585a5,7,c83fa305-deea-4805-a1f8-c8d0441cd021
,5e366144-9cc7-46a7-a6c5-59405e742735,,23dc7540-0b19-42f0-9471-479332a585a5,2,0f6712ae-43b4-4e56-8f14-119f4e8094f2
,f84ec475-cba0-4525-a786-ccea39b90167,,d36f97b6-d6a0-4741-b06e-bccfbfdb621e,7,637302d5-4db2-4215-a2c6-8f3241c0b544
,c8f2614b-396b-4403-baf3-988ef537ba7f,,df598849-e608-45e2-a21f-5f64272a783c,3,890a3791-b05f-483c-aa4b-4f9fb01360f7
,c1d4eec2-0cdf-4336-870c-12a4f0948fca,,df598849-e608-45e2-a21f-5f64272a783c,2,2fcc88e8-43fa-4bf3-80b2-c670864c1196
,76476f3e-5719-48ef-9b7c-6411b7b1a44c,,0baf1697-4f58-476e-8c6e-fed56dd63109,10,4f85ee72-6acf-4902-86ed-f65bb5c19fff
,112f7fbb-4e1f-4e30-8ffd-4c2e5f9ff468,,0baf1697-4f58-476e-8c6e-fed56dd63109,3,8a356992-b55c-4569-81cf-81fac467fdaa
,76476f3e-5719-48ef-9b7c-6411b7b1a44c,,0baf1697-4f58-476e-8c6e-fed56dd63109,2,4c92345c-e58f-4fc7-908e-3096576918d8
,5931091f-4c76-42d8-84dc-96bec9e3d597,,0baf1697-4f58-476e-8c6e-fed56dd63109,1,5675141c-02da-4528-b9b2-f89849785610
,56a23e51-a35e-43b4-8b4c-1856250eab11,,4e8b675c-a2d6-4611-a6ce-850710482afb,5,aa8884c9-983a-4557-9323-9f554ad21fbc
,8121013e-3a45-4d36-b82e-193ae6579070,,4e8b675c-a2d6-4611-a6ce-850710482afb,3,b12dafef-976f-44d9-89c1-e1ec02318aa0
,7c580ed3-30b0-49a5-b13c-00f9bcba7498,,8c757241-8b40-4e21-8335-e66507ab3849,3,9af7ffb8-7fea-4554-a36a-03866bbd6c47
,4bf3b1d6-57be-431f-915b-0d4c3654671e,,677c1b04-67be-4e08-b35a-8e92105e77fe,4,e061332e-4c50-4d08-be2c-c9d67003567a
,dc80cd3c-c597-4684-91b3-94c915ac329d,,c3deb2bf-e222-4850-a561-903b9e0affc2,6,a75fd5db-3a21-447a-9ac9-365581fb19cf
,3e0f56cf-c842-4910-a446-408c9829f260,,c3deb2bf-e222-4850-a561-903b9e0affc2,5,285bdf56-4194-4582-a4b9-12ae7646a05e
,ac2e430e-9d88-4d08-8a4f-b0947145517c,,4a7db6e5-4876-4d77-8ceb-145405bfdfe6,4,5cb85e77-0dec-4094-9e27-861cd323083d
,58da69ee-15ed-46f1-a8e2-d89feccd768f,,4a7db6e5-4876-4d77-8ceb-145405bfdfe6,3,a7faa638-6d2b-4131-be53-0e506972714e
,5e13a296-d8c0-4943-a788-1090377d27f5,,69951fdc-89e4-4d4f-90e1-a37afb8db8d7,4,a39bedeb-4cf6-47d1-88d9-9dfe39bf47ff
,c1d4eec2-0cdf-4336-870c-12a4f0948fca,,323f3d10-46aa-4b02-b415-b2c78ffedc35,16,3a7fc4fe-283c-4027-8c1c-d0a81ecabdc6
,1a90a927-6e9b-41c7-b6bf-e411d057a3ee,,323f3d10-46aa-4b02-b415-b2c78ffedc35,14,5aa111bc-e03c-460f-8808-57a62f90fa26
,8da51512-df62-4aa1-8b07-7f6ab848c7bf,,323f3d10-46aa-4b02-b415-b2c78ffedc35,10,bc42d663-1ed7-4f6f-87e5-556037b8ca5f
,c1d4eec2-0cdf-4336-870c-12a4f0948fca,,323f3d10-46aa-4b02-b415-b2c78ffedc35,8,f7ee64e4-c421-459a-9a2d-9102cdad701f
,8da51512-df62-4aa1-8b07-7f6ab848c7bf,,323f3d10-46aa-4b02-b415-b2c78ffedc35,5,2601676a-b96c-494b-a0cd-3495df03f2f2
,112f7fbb-4e1f-4e30-8ffd-4c2e5f9ff468,,323f3d10-46aa-4b02-b415-b2c78ffedc35,2,a06d4979-b212-4fce-9499-6a519413e050
,32fcb99d-ca2a-4c2b-9b53-400d07492ef7,,a99a2240-6c8a-4ebf-8b02-78ba9d57178a,6,3cf66b74-9e7a-43fb-b708-a62117ccdbe4
,a23c4a80-81ff-471e-8ee4-d522e7ba35c2,,5738014a-5108-4f0b-8598-c50c37a324cd,2,ef16f1a5-60df-4d11-b432-9c2fbc9cf8a7
,f84ec475-cba0-4525-a786-ccea39b90167,,63388810-2643-41d2-9a69-1c93651bf3e4,16,3fe2b93d-5ef2-4cb9-b6cc-b5200037928d
,5931091f-4c76-42d8-84dc-96bec9e3d597,,63388810-2643-41d2-9a69-1c93651bf3e4,13,a3695f17-0da9-42f0-ac37-e6d8dbe8527e
,5931091f-4c76-42d8-84dc-96bec9e3d597,,63388810-2643-41d2-9a69-1c93651bf3e4,12,f97b9b4f-0421-4f7a-93c8-1dc3173bb8b6
,85cf9842-6abe-4e64-8ed4-e6a4f40ecb03,,63388810-2643-41d2-9a69-1c93651bf3e4,7,dd4dca40-c5d5-4751-8707-c9589a923ac5
,85cf9842-6abe-4e64-8ed4-e6a4f40ecb03,,c7321f65-ffc3-431e-88cb-339b7a79b841,4,a62ec2e9-dbc4-42b8-bf20-11954a4d209e
,0b16d2f9-7be2-4fc5-adf5-eb53e811b3b7,,c7321f65-ffc3-431e-88cb-339b7a79b841,1,a62ec2e9-dbc4-42b8-bf20-11954a4d209e
,3fcf368d-f9b3-4f63-a2c8-b76013693d3d,,c25dd6a1-0ee3-4334-833c-7952bcfb78fe,6,6cfdc020-d958-4d9c-9b47-deaea40eb265
,d7964af7-9eb5-4ba3-bd26-534a001a75e5,,85efd689-b8d0-48d7-a7c9-39f1814d38ee,10,8064d718-cabf-4e12-917f-a4cc96ba1040
,7d2ee542-c916-46b4-9156-362201168cde,,85efd689-b8d0-48d7-a7c9-39f1814d38ee,5,893bbfe4-044d-4982-907a-370160a2d1d1
,dbbfb3cf-9a80-42ec-a296-540bc30dbb3d,,85efd689-b8d0-48d7-a7c9-39f1814d38ee,5,fef4bfc0-b825-402f-ab24-8557ece25dce
,c7e3f61b-b2a8-472d-8175-10d991a6b59a,,85efd689-b8d0-48d7-a7c9-39f1814d38ee,4,923ce69d-231e-42c0-9895-a613f60e1cf6
,c7e3f61b-b2a8-472d-8175-10d991a6b59a,,85efd689-b8d0-48d7-a7c9-39f1814d38ee,2,923ce69d-231e-42c0-9895-a613f60e1cf6
,0d0adff2-005c-4eac-91f0-33e127d743b0,,72eba291-b6fe-4e1c-aa0d-faa5384b467b,4,4e2602db-b053-41d5-b472-7625b69e613a
,76476f3e-5719-48ef-9b7c-6411b7b1a44c,,6f6ebb18-1b60-4027-bc68-3d4403b05e2f,4,dbb7bd0a-4492-4b83-889a-5dad63982a7b
,76476f3e-5719-48ef-9b7c-6411b7b1a44c,,6f6ebb18-1b60-4027-bc68-3d4403b05e2f,1,2ee84ffb-d1da-4eda-a499-d6d56e056734
,e44fcbb4-4446-4edb-b4ba-d4031f18a361,,63627fba-b871-4640-88df-4edde83984e6,4,8810d322-26df-4ac9-91aa-0b774a330818
,126436e6-ff5a-4260-a4a9-1a78d12ef95e,,8a3d1569-fde9-45a8-96e9-414343cd9204,5,67865472-e516-4de2-8b6a-ddb0887b6bcf
,e0253429-3966-47e5-becd-edbf408a5b5d,,ec526468-89f5-4b7c-bd21-ecce07853220,9,0af42ed2-f89a-4e73-b53f-696bbc358267
,e0253429-3966-47e5-becd-edbf408a5b5d,,ec526468-89f5-4b7c-bd21-ecce07853220,4,ce4a896e-4d24-4c1b-bcba-da9a0ce81c59
,b7ac3621-c2ce-4745-96cf-8ba2a64f4798,,ec526468-89f5-4b7c-bd21-ecce07853220,3,82181b7a-ff60-4eda-9055-63b2f5010a7f
,f84ec475-cba0-4525-a786-ccea39b90167,,ec526468-89f5-4b7c-bd21-ecce07853220,3,ebf7cb5a-c1e5-4fa9-9f27-b8323fac2614
,fb09770f-b207-4164-ba50-f1dc34338180,,f6cd9fef-24ad-41a7-911d-e1f6067d56b7,3,4d6f8c85-a731-404a-bcee-01d9728310ba
,5931091f-4c76-42d8-84dc-96bec9e3d597,,f6cd9fef-24ad-41a7-911d-e1f6067d56b7,2,c89f6a2c-29e9-44fe-bd77-425389ab3cab
,4078e42b-928e-4423-947e-1d181db517e6,,aaf198a2-dd51-4c9f-a0e5-32e8053ae22f,3,cd7ff006-85f4-4558-a554-d4d9a6ca7d92
,07b722b6-a508-4fbe-b524-c12fff9b39e1,,aaf198a2-dd51-4c9f-a0e5-32e8053ae22f,2,f262a259-4de1-4843-8e33-5decf2b8710a
,6b983673-ae3d-4b82-afbf-c46ec9b20ef8,,80d44691-eb10-4d66-93a0-749294f77c07,19,8c53a826-b249-4a44-8261-8d241c9c7ca7
,1472e9cc-4f46-44c8-b3b9-964944522c78,,80d44691-eb10-4d66-93a0-749294f77c07,18,8c53a826-b249-4a44-8261-8d241c9c7ca7
,1472e9cc-4f46-44c8-b3b9-964944522c78,,80d44691-eb10-4d66-93a0-749294f77c07,11,8c53a826-b249-4a44-8261-8d241c9c7ca7
,ab477415-e450-40ca-b425-1acee94ad8b6,,80d44691-eb10-4d66-93a0-749294f77c07,10,6065ce1f-77f6-4409-9594-cf26a7b7d8a9
,1472e9cc-4f46-44c8-b3b9-964944522c78,,80d44691-eb10-4d66-93a0-749294f77c07,3,0a17b106-526d-45ed-a22e-a62cf87a1275
,6b983673-ae3d-4b82-afbf-c46ec9b20ef8,,80d44691-eb10-4d66-93a0-749294f77c07,2,a7521b53-2dc7-4669-a01f-55b5326e630d
,f1c4cacc-db52-4954-afa8-f0e14e61b8db,,ef933e38-5df1-4197-8075-1f64b1a46871,4,6b3174be-d3cc-4453-8b01-93d32f218ff0
,86759d9f-5613-4578-b74d-14f80217c675,,f980e0d9-2ecc-4352-8198-6875f836fec5,6,b3c3f763-b5ae-489d-b7d7-59fe2657521c
,b761306e-772c-47e9-a9a1-9e5c3bb3cf0f,,f980e0d9-2ecc-4352-8198-6875f836fec5,4,bab3a54b-cb7b-4cd2-9260-783998ac69a7
,b761306e-772c-47e9-a9a1-9e5c3bb3cf0f,,f980e0d9-2ecc-4352-8198-6875f836fec5,2,bab3a54b-cb7b-4cd2-9260-783998ac69a7
,91435349-16f2-4740-a107-f370aa0abdf4,,8220f8d0-5cde-40e3-b1a1-b1609e453d3a,6,6db634f3-c61d-4aa3-935a-950af2c66b2e
,0d0adff2-005c-4eac-91f0-33e127d743b0,,9f720d3d-2b15-43b3-ab81-a3aafa8d9603,2,68d3f0e6-0268-4433-b8f9-1b33c8ff28b0
,7b1c5d9c-a0d1-494b-94da-abdda4d4fe3a,,ebefe012-413c-4685-b9d1-70256a142d17,12,d7f5f0d6-33eb-4773-944c-0da828261630
,82f37e91-e879-4fb5-b13c-048d13ffb681,,ebefe012-413c-4685-b9d1-70256a142d17,9,b9ef7aa4-6c16-4e3d-a835-7b25b4781b48
,bcd19082-7c44-4ac7-8423-bcaa57e1b055,,ebefe012-413c-4685-b9d1-70256a142d17,4,8bf7ac8c-1aba-420c-863d-5be9da03fbfb
,7b1c5d9c-a0d1-494b-94da-abdda4d4fe3a,,ebefe012-413c-4685-b9d1-70256a142d17,1,1462a1a0-cb07-4054-96c1-8ed6e8817e90
,82f37e91-e879-4fb5-b13c-048d13ffb681,,ebefe012-413c-4685-b9d1-70256a142d17,1,0b5f231d-aee9-4f3f-8f14-c0ee5470e69f
,1a90a927-6e9b-41c7-b6bf-e411d057a3ee,,d586fc24-6291-4521-a29b-fc6852e088a7,11,1f930715-ea6f-43ce-95fc-31007d4b70d7
,9958b24c-e9f1-45e1-95a3-21c24e45030b,,d586fc24-6291-4521-a29b-fc6852e088a7,3,38114567-bb40-4039-829e-01dd0f70b6a5
,cbcdf40c-3876-4102-b91f-0b18a9dc567e,,7216c2d5-e176-4382-b048-10ac7ad25e1f,6,3ce1d2a3-80f7-431f-88d1-f7711919fc2a
,c1d4eec2-0cdf-4336-870c-12a4f0948fca,,0474d3c0-268d-47fc-9a29-44314c3e6480,2,9e3d79c7-c206-48d5-9fde-25feb1d68448
,76476f3e-5719-48ef-9b7c-6411b7b1a44c,,1e598182-5797-48f3-a7fd-6262fd0d5a44,7,32a00e96-4b15-441b-9001-33d0e95fc527
,60537c60-a725-4454-a946-d448a793d58d,,1e598182-5797-48f3-a7fd-6262fd0d5a44,7,b4974dd3-da43-4063-9f1b-677b1b6c21a7
,6dbaaa42-3673-42a5-a368-94a5cb9e30f3,,8e7e454e-4acf-4d48-a57a-9b4427d00b83,6,94c50a8f-a378-4ee5-b565-f8c3ce6f3aae
,56f27ee2-7254-40fc-b00a-93717ca3d3fa,,8e7e454e-4acf-4d48-a57a-9b4427d00b83,5,3ca7520f-ebad-4a24-95bc-75409af63865
,58207226-03a8-4883-bf00-338eb5124042,,ebd431a3-7bec-4ae9-90aa-c25a7acd2891,3,fc99de51-c78a-4ad0-a662-47e1e049026f
,5931091f-4c76-42d8-84dc-96bec9e3d597,,ebd431a3-7bec-4ae9-90aa-c25a7acd2891,2,cc71d286-3c68-43b1-854f-ebe968c1b9b5
,32fcb99d-ca2a-4c2b-9b53-400d07492ef7,,99b55149-adb7-4ebd-becf-23959e854640,9,2b984469-9c04-42d8-9759-edbd1d84f356
,4cd26c5a-73c9-4a20-a7dd-37c836761f5b,,99b55149-adb7-4ebd-becf-23959e854640,5,d2c6359f-457c-4bd3-8966-8d56a3ce08b0
,4cd26c5a-73c9-4a20-a7dd-37c836761f5b,,99b55149-adb7-4ebd-becf-23959e854640,2,66ebeffa-3aaa-4bdc-b25d-592a8ff94881
,17a61cb8-6c29-4ffd-9875-9f391c915884,,03f83e2c-3925-41bd-90be-e8bb60dde23c,7,8d3c38c9-6480-4f8a-8dc3-a19fbac3af5d
,17a61cb8-6c29-4ffd-9875-9f391c915884,,03f83e2c-3925-41bd-90be-e8bb60dde23c,7,4df3309e-42c1-4ebd-80ab-9d2a8ad13bd1
,b1f67b91-0fee-47a9-92f9-57136c914647,,fff98f66-b2ec-495b-a49b-9d5a671e8c24,12,5c58ed46-84a6-45e1-86c0-1952c726ba2a
,aec19332-309f-4b28-8fbf-7a3ae68380a5,,fff98f66-b2ec-495b-a49b-9d5a671e8c24,11,08c52d38-d48c-4d7a-9626-864b708e02a1
,b1f67b91-0fee-47a9-92f9-57136c914647,,fff98f66-b2ec-495b-a49b-9d5a671e8c24,8,5c58ed46-84a6-45e1-86c0-1952c726ba2a
,dde00453-0852-41eb-b978-80a39ef83ad0,,922208d2-4f92-45a9-abac-113b2171e5c3,5,79398ecd-b505-4915-bd16-cc7960caa6f9
,079a31ff-980f-4958-ae11-8ecf5e6e5813,,922208d2-4f92-45a9-abac-113b2171e5c3,2,4d643ac2-d4db-4912-864b-2232b97b09cf
,079a31ff-980f-4958-ae11-8ecf5e6e5813,,922208d2-4f92-45a9-abac-113b2171e5c3,2,62818789-71d2-4751-b4f2-bc62a8feb87a
,dde00453-0852-41eb-b978-80a39ef83ad0,,922208d2-4f92-45a9-abac-113b2171e5c3,1,4d643ac2-d4db-4912-864b-2232b97b09cf
,c1d4eec2-0cdf-4336-870c-12a4f0948fca,,dc9415c5-7cdc-48e9-9bd8-0c3f41d59a60,2,bb006829-e0d6-485f-b786-2007c6725cfa
,669cebfa-73d4-494d-b3fb-8e8634548991,,40536309-f349-44cc-ac31-88b11b218225,11,ea46a62f-c19f-4b8d-b0d6-f1692abfb0d9
,669cebfa-73d4-494d-b3fb-8e8634548991,,40536309-f349-44cc-ac31-88b11b218225,9,2ce1684f-d20b-4884-a0b7-9fe29c1b9a18
,c8f2614b-396b-4403-baf3-988ef537ba7f,,40536309-f349-44cc-ac31-88b11b218225,9,96d69362-1e3b-4dfe-af61-a55f7c97584b
,669cebfa-73d4-494d-b3fb-8e8634548991,,40536309-f349-44cc-ac31-88b11b218225,9,585f334d-24cc-4821-bb46-cc7a9f5f5c39
,a9f85bd0-6a35-4eca-929c-26f187ca2dd8,,40536309-f349-44cc-ac31-88b11b218225,6,f5fbbe46-8313-4977-b64c-7725d920eb0b
,c8f2614b-396b-4403-baf3-988ef537ba7f,,40536309-f349-44cc-ac31-88b11b218225,4,a4614059-6184-4e37-9647-e44156d6823e
,78a7164a-c3e6-4fee-afa8-9f00ef584c8f,,636c615a-3ae5-4045-930d-bea21f4b8dc7,10,38aed0b0-3d17-48f9-814c-88af9d217b37
,58da69ee-15ed-46f1-a8e2-d89feccd768f,,636c615a-3ae5-4045-930d-bea21f4b8dc7,10,9af6b7dd-f822-4224-82b9-aea449ed90f9
,07b722b6-a508-4fbe-b524-c12fff9b39e1,,636c615a-3ae5-4045-930d-bea21f4b8dc7,9,48ceac33-d321-4166-99c5-9b7d0adac902
,58da69ee-15ed-46f1-a8e2-d89feccd768f,,636c615a-3ae5-4045-930d-bea21f4b8dc7,9,194583ff-8ed3-4057-a820-872227e0a1a0
,8da51512-df62-4aa1-8b07-7f6ab848c7bf,,636c615a-3ae5-4045-930d-bea21f4b8dc7,9,7affb944-183a-4ed4-ae53-456e234d6bb8
,07b722b6-a508-4fbe-b524-c12fff9b39e1,,636c615a-3ae5-4045-930d-bea21f4b8dc7,5,48ceac33-d321-4166-99c5-9b7d0adac902
,6b983673-ae3d-4b82-afbf-c46ec9b20ef8,,e529f6ed-1e70-4d50-b89e-61e1d9d5fff0,8,44243c8b-2636-470c-82b7-3528941a72f8
,b7ac3621-c2ce-4745-96cf-8ba2a64f4798,,e529f6ed-1e70-4d50-b89e-61e1d9d5fff0,3,cc7014a4-77a9-4f59-8c16-2e35ac9ef4be
,6b983673-ae3d-4b82-afbf-c46ec9b20ef8,,e529f6ed-1e70-4d50-b89e-61e1d9d5fff0,2,cc7014a4-77a9-4f59-8c16-2e35ac9ef4be
,b476b293-07f6-44f3-9a86-9500dbcbf26e,,98f7d2c8-4acb-44d5-97cc-16ae7046b746,6,7abec7b4-a0cf-43b9-80a0-12573a48ad31
,0d0adff2-005c-4eac-91f0-33e127d743b0,,98f7d2c8-4acb-44d5-97cc-16ae7046b746,3,860bc750-299f-4d99-8f18-c5c6d8cc31d6
,0d0adff2-005c-4eac-91f0-33e127d743b0,,98f7d2c8-4acb-44d5-97cc-16ae7046b746,2,3f70ca20-1a65-4a5f-ba8e-9864920ede77
,a29821bc-6aa8-42c6-8d2d-faf270c87cd5,,d055c8f0-c2d4-48b8-a4d1-f2e188186528,2,a03320b3-48ec-4da4-abbf-20539e23e9c1
,f84ec475-cba0-4525-a786-ccea39b90167,,78b3013f-6bce-404d-96c3-f23bc45d1ac9,5,d0d6e8d5-93dd-4f5c-aec4-85938631aca9
,c1d4eec2-0cdf-4336-870c-12a4f0948fca,,78b3013f-6bce-404d-96c3-f23bc45d1ac9,4,d776ac1b-98d2-48ff-b0ff-08a27cf81d69
,f84ec475-cba0-4525-a786-ccea39b90167,,78b3013f-6bce-404d-96c3-f23bc45d1ac9,3,926cd6dd-ea70-4eed-85ae-e9e2d4b8a04a
,dde00453-0852-41eb-b978-80a39ef83ad0,,a5aae4d9-2ec3-4fae-a77a-a863f2c718f8,29,f7705ed8-9046-48fd-a024-1a8b61e150b1
,997d2284-f252-4fbd-89d4-78a08c3466bc,,a5aae4d9-2ec3-4fae-a77a-a863f2c718f8,25,cb875088-560a-41d3-af55-361ee5bc9394
,dc80cd3c-c597-4684-91b3-94c915ac329d,,a5aae4d9-2ec3-4fae-a77a-a863f2c718f8,22,a823480f-a381-401a-9642-f070989c31cb
,f1c4cacc-db52-4954-afa8-f0e14e61b8db,,a5aae4d9-2ec3-4fae-a77a-a863f2c718f8,20,b1a3da51-9387-4213-ae87-9d8bdad9dd23
,5931091f-4c76-42d8-84dc-96bec9e3d597,,a5aae4d9-2ec3-4fae-a77a-a863f2c718f8,17,b5195747-6c09-4562-bbe4-421765058be9
,dc80cd3c-c597-4684-91b3-94c915ac329d,,a5aae4d9-2ec3-4fae-a77a-a863f2c718f8,16,0e990808-930d-4ec7-a598-1747d141225a
,d95786b2-a811-48dc-bd18-b00b4d8738e8,,a5aae4d9-2ec3-4fae-a77a-a863f2c718f8,9,0e990808-930d-4ec7-a598-1747d141225a
,d95786b2-a811-48dc-bd18-b00b4d8738e8,,a5aae4d9-2ec3-4fae-a77a-a863f2c718f8,9,eeca9ebc-f54b-4459-9530-2d772b6a976d
,cab1d045-e789-4be8-a974-981204dee5c3,,a5aae4d9-2ec3-4fae-a77a-a863f2c718f8,8,eeca9ebc-f54b-4459-9530-2d772b6a976d
,d95786b2-a811-48dc-bd18-b00b4d8738e8,,a5aae4d9-2ec3-4fae-a77a-a863f2c718f8,8,0e990808-930d-4ec7-a598-1747d141225a
,07b722b6-a508-4fbe-b524-c12fff9b39e1,,a5aae4d9-2ec3-4fae-a77a-a863f2c718f8,3,d940acc7-2690-4a86-8bb8-fc03ad2df09c
,3c07306e-ef9a-4d13-8eba-6e97ae3743a0,,a5aae4d9-2ec3-4fae-a77a-a863f2c718f8,2,865af9d0-13d4-4ff9-99da-6a3ae32cb5b5
,,8723a5e1-145e-4e11-a7f0-6401296fcae2,06083dda-00ab-4215-a597-ff70227c0bd2,16,6a3569c2-c07f-40ca-8170-d9a0e9f9434d
,,4335a07e-7483-4250-bd7b-8c047f29b69d,06083dda-00ab-4215-a597-ff70227c0bd2,11,fa3fae46-2d32-431f-802a-b0f86c2d3100
,,8723a5e1-145e-4e11-a7f0-6401296fcae2,06083dda-00ab-4215-a597-ff70227c0bd2,9,9f64f84f-5898-44fd-9208-2f07534a5f7c
,,8723a5e1-145e-4e11-a7f0-6401296fcae2,06083dda-00ab-4215-a597-ff70227c0bd2,3,72ad29b8-1001-4a06-843b-6da95c1199e0
,c2297f61-50d7-4eed-a2ad-3071982fae03,,99b67ad5-767d-4d2e-937b-6396413811cc,1,5ee2aeee-b3a7-4e3b-aae5-5d2847e3e068
,fbf2fa87-26b4-486a-9f65-654de3476e13,,138c61c1-b50e-4541-b232-0f3690b9f864,7,fa1fa94c-ae2d-4b26-912a-cdc273598978
,fbf2fa87-26b4-486a-9f65-654de3476e13,,138c61c1-b50e-4541-b232-0f3690b9f864,6,28ef7c4f-380b-4ee5-9483-0d5f39206e80
,7a2992b9-756a-47b7-8274-6dfd8a9869a3,,db9d722a-619e-4257-b594-e6e79941eae9,5,73d93481-a5fa-4956-b68b-025ef0c38db2
,433692bd-f082-4fbb-a4cf-bd4a5b2b5aa9,,3d39537e-9cb8-4946-8f66-c65c5642756c,15,f6a61ad0-6439-42fb-8ef0-395cede767a2
,c1d4eec2-0cdf-4336-870c-12a4f0948fca,,3d39537e-9cb8-4946-8f66-c65c5642756c,4,53b2fbdf-1b0b-4a00-baa8-40fbaf5b3575
,9958b24c-e9f1-45e1-95a3-21c24e45030b,,3d39537e-9cb8-4946-8f66-c65c5642756c,1,e42286e1-ffde-4b35-851f-7cdb841f9450
,85cf9842-6abe-4e64-8ed4-e6a4f40ecb03,,3d39537e-9cb8-4946-8f66-c65c5642756c,1,9b089ae4-bffd-4061-888e-7f339362bb6f
,99c602f8-3bc5-4f60-9802-020c4214294f,,90368a14-f377-4dbf-82a9-d150c098a18e,7,ab5acf81-7144-445a-a63e-8f2c51a65d80
,f32df372-3ab4-4a1e-9f07-47932515ceb8,,8d05e361-a381-453b-b5f1-a5a0dce736dd,7,ea029078-af47-42e5-b338-b0e2385571e6
,0d0adff2-005c-4eac-91f0-33e127d743b0,,f2fc3063-21a8-4e8c-878a-a9177e25b593,3,64cdf2bc-28b6-43c6-8c6a-c71acf70aae4
,112f7fbb-4e1f-4e30-8ffd-4c2e5f9ff468,,e043ebdb-0bd7-4de7-92e6-03a93485d2de,7,d351094c-19e5-4d1a-80ee-b99ed1e20b47
,5931091f-4c76-42d8-84dc-96bec9e3d597,,e043ebdb-0bd7-4de7-92e6-03a93485d2de,5,9d4a62ce-2e40-4bc8-9e41-4bd88c3c1005
,5931091f-4c76-42d8-84dc-96bec9e3d597,,e043ebdb-0bd7-4de7-92e6-03a93485d2de,2,9d4a62ce-2e40-4bc8-9e41-4bd88c3c1005
,11697f91-8d5b-4ee5-a8fc-cae677bdc111,,e043ebdb-0bd7-4de7-92e6-03a93485d2de,1,88850587-b587-4d63-a0fc-0382a914e5a5
,56f27ee2-7254-40fc-b00a-93717ca3d3fa,,a03f6f2d-f505-4051-ab29-a059bbe7564f,6,1c929633-d01f-4e11-8599-c3350f219321
,5931091f-4c76-42d8-84dc-96bec9e3d597,,cf30c944-0e91-448b-92f0-628293dce8a0,4,b977036c-4669-45b5-b3ff-d7deff1f0e86
,25ce3648-2aa4-4992-a379-003d561b81d4,,4d9b9db2-917c-4fe4-9f72-3b8dc6650874,6,b0a7d874-41bf-49ab-87dc-61c99ebc6ed3
,85cf9842-6abe-4e64-8ed4-e6a4f40ecb03,,25952d95-6ddf-421d-af78-9e68cf93e922,2,8f57e216-2514-42b7-bb34-2fd9b8b5c766
,b52abd6b-7ec2-42c8-bdef-403a83f76032,,c3b498e9-a239-4122-a1e4-dc69a2e829ae,3,a1754d0b-bbb0-4809-8e50-f36595205a4f
,dde00453-0852-41eb-b978-80a39ef83ad0,,555bd336-219b-4d34-8987-591e9db89ecd,10,c7364703-1a9d-4adb-a9d1-e8148495b50f
,c77d9c8e-2c45-4141-9764-bc303bea0206,,555bd336-219b-4d34-8987-591e9db89ecd,9,9f427b66-0151-43e0-9c7c-1deee08c1c37
,dde00453-0852-41eb-b978-80a39ef83ad0,,555bd336-219b-4d34-8987-591e9db89ecd,7,870ed946-e4de-4dd5-8132-0cbdac927e3c
,81937b1d-0621-4f38-b962-a4c1e476911c,,555bd336-219b-4d34-8987-591e9db89ecd,6,78d16608-fa95-4c57-a090-414fbbcbdabb
,81937b1d-0621-4f38-b962-a4c1e476911c,,555bd336-219b-4d34-8987-591e9db89ecd,3,23dde4f2-668e-4c62-80df-568334f1dba8
,c8f2614b-396b-4403-baf3-988ef537ba7f,,fe806757-3b4e-49d0-98ac-12970faffa7c,4,c49ca1eb-1d8e-46a7-8a97-3358107f0844
,78a7164a-c3e6-4fee-afa8-9f00ef584c8f,,fe806757-3b4e-49d0-98ac-12970faffa7c,3,62ffbc66-59f8-42b9-9191-d10ff7e0fd62
,4bf3b1d6-57be-431f-915b-0d4c3654671e,,46271d68-2d03-4d7d-92b8-9bfd8d076e4c,2,a027d0e2-dc21-4948-811b-6ea079b6345d
,28c02cfb-2949-4f42-b6a3-0a22674837f0,,4a244445-1e66-4789-9a49-5aba6b56d596,4,c7b329b5-fb16-422f-94f9-5d11d96276b1
,48936fdb-8ffb-4838-912d-1056e380c836,,d8e6f551-acf7-4fc5-897a-260b010a45a9,11,d76e486d-143b-417e-8a11-9a980fa4762c
,e1805464-57eb-431a-87a7-0a66a1bfcbb4,,d8e6f551-acf7-4fc5-897a-260b010a45a9,9,01ee0977-29c6-4421-b0f8-d98af862ad1d
,0d0adff2-005c-4eac-91f0-33e127d743b0,,d8e6f551-acf7-4fc5-897a-260b010a45a9,8,c10a5ec2-4aba-4eac-988e-f665b9b0694b
,48936fdb-8ffb-4838-912d-1056e380c836,,d8e6f551-acf7-4fc5-897a-260b010a45a9,7,4e7afe22-91d7-4b49-baa6-888c6e6c12c8
,1a90a927-6e9b-41c7-b6bf-e411d057a3ee,,8a762c79-147d-4633-a96a-1307abf923bb,5,124ee42e-c95b-4b7f-b8e8-3a514306053a
,c1d4eec2-0cdf-4336-870c-12a4f0948fca,,8a762c79-147d-4633-a96a-1307abf923bb,4,949e67db-220c-44fb-bfdc-68143ab487f2
,669cebfa-73d4-494d-b3fb-8e8634548991,,4e54656c-9a28-4d31-9021-ad28ebca8824,8,65c2c850-98df-4814-b14e-664cbeea7bc3
,0d0adff2-005c-4eac-91f0-33e127d743b0,,4e54656c-9a28-4d31-9021-ad28ebca8824,8,8cd09ad9-1d61-4695-b1b4-1a881afb8611
,0d0adff2-005c-4eac-91f0-33e127d743b0,,4e54656c-9a28-4d31-9021-ad28ebca8824,7,70fcec93-5151-4a0d-9889-9260ddccebce
,669cebfa-73d4-494d-b3fb-8e8634548991,,4e54656c-9a28-4d31-9021-ad28ebca8824,5,9a1d9b3d-d4b2-4721-9c90-96d968362fe2
,25ce3648-2aa4-4992-a379-003d561b81d4,,9f6851bb-6275-4835-ab81-ca0dcb28ffd4,3,471c108f-8a32-4e4b-95f5-9dab0e476545
,dde00453-0852-41eb-b978-80a39ef83ad0,,87f97803-50f7-4785-89bd-0b93ea3d0333,2,742637e4-655f-4ba5-b095-56936069aba9
,3e224573-2e15-4c1c-b110-28c4f5c73f38,,4d8c1fc2-5d64-4009-942e-8f4881561ed2,5,97788841-136c-4cdf-83a6-d840360d0116
,e033d8ec-2723-4973-bbfb-4eadabfe9192,,1ddb44ea-7598-4d19-a6ca-0605192cd76f,2,96cafa41-3409-422f-89a5-c232a39dd14f
,bece77fe-c51d-4fd4-8180-8338d61ccecd,,af5fd1ec-65d3-42fc-9f02-e82dd069a8c9,6,b55a5eba-73e5-4258-a2a8-5d4b270e7d9a
,997d2284-f252-4fbd-89d4-78a08c3466bc,,38ab5f31-064f-4038-994a-40d5befd8572,8,31b11334-9e54-42b5-a518-1de8651cf38b
,5931091f-4c76-42d8-84dc-96bec9e3d597,,38ab5f31-064f-4038-994a-40d5befd8572,8,f09d33dc-8032-436c-b199-056ce31d2749
,85cf9842-6abe-4e64-8ed4-e6a4f40ecb03,,38ab5f31-064f-4038-994a-40d5befd8572,6,bd0347c6-ed1c-4453-a773-ae036534dfb1
,997d2284-f252-4fbd-89d4-78a08c3466bc,,38ab5f31-064f-4038-994a-40d5befd8572,6,efc3b3cd-bcb9-4c0e-ad5e-f440493e32bd
,997d2284-f252-4fbd-89d4-78a08c3466bc,,38ab5f31-064f-4038-994a-40d5befd8572,5,2a2592cf-7a54-499c-bb2b-bf6c9f06c41b
,85cf9842-6abe-4e64-8ed4-e6a4f40ecb03,,38ab5f31-064f-4038-994a-40d5befd8572,3,e936f72f-0ded-4c68-af9e-1f343bc2a0f5
,f84ec475-cba0-4525-a786-ccea39b90167,,f87ee4f2-ccf1-4969-9eac-7dc9be5dce62,7,854d0d81-db8c-4ac7-a33c-e70c7403d2ae
,f84ec475-cba0-4525-a786-ccea39b90167,,f87ee4f2-ccf1-4969-9eac-7dc9be5dce62,6,e10b1cde-46ba-47f8-b3db-310d28393d78
,842dc9ef-d7cd-491a-88b8-29f2b3bdd0e9,,f87ee4f2-ccf1-4969-9eac-7dc9be5dce62,4,98ba691f-d2d7-4537-956f-8229b49b167e
,86759d9f-5613-4578-b74d-14f80217c675,,f87ee4f2-ccf1-4969-9eac-7dc9be5dce62,4,00289c1e-47db-41dc-9df0-316ff7c5142a
,b476b293-07f6-44f3-9a86-9500dbcbf26e,,f87ee4f2-ccf1-4969-9eac-7dc9be5dce62,3,f8eaf316-4abe-4d8f-932f-6da769e53983
,58207226-03a8-4883-bf00-338eb5124042,,021d8222-b169-4f9b-8cfa-0163d08a6b62,7,c8d5f438-fb8a-4745-927d-714b84e0ae6b
,5931091f-4c76-42d8-84dc-96bec9e3d597,,021d8222-b169-4f9b-8cfa-0163d08a6b62,1,2dc364e3-0f7f-4d81-9ac7-37f3b9764735
,c7c0e0df-170f-4435-a66e-9d43ce04214e,,32386f43-e767-4268-830d-cdd11b1ffae5,2,15b4f599-26d7-4904-a365-2dd6ce4bed39
,c7c0e0df-170f-4435-a66e-9d43ce04214e,,32386f43-e767-4268-830d-cdd11b1ffae5,2,8c53a826-b249-4a44-8261-8d241c9c7ca7
,cab1d045-e789-4be8-a974-981204dee5c3,,32386f43-e767-4268-830d-cdd11b1ffae5,2,e10b1cde-46ba-47f8-b3db-310d28393d78
,da6a5e5c-e1a7-43c3-99b5-01256d2b0a78,,76966fee-5797-4ed9-8a60-73d79df4c269,4,dffced21-f415-4d96-8df1-dcb29766958c
,a882ae6e-e3a8-44b1-9237-104ed6c2aab6,,812b0ef8-7124-470d-8acd-aee50fc8202f,9,8a88c62a-588f-410c-9505-83cf5215a579
,a882ae6e-e3a8-44b1-9237-104ed6c2aab6,,812b0ef8-7124-470d-8acd-aee50fc8202f,5,1648c79c-46b9-4e87-bb89-a3bf1c4f00b3
,a9f85bd0-6a35-4eca-929c-26f187ca2dd8,,812b0ef8-7124-470d-8acd-aee50fc8202f,5,d78c37bf-34ad-4524-8c07-9ca3e0869412
,f32df372-3ab4-4a1e-9f07-47932515ceb8,,812b0ef8-7124-470d-8acd-aee50fc8202f,4,0fb6830b-f213-4efe-bd19-d3f59d8452c3
,f32df372-3ab4-4a1e-9f07-47932515ceb8,,812b0ef8-7124-470d-8acd-aee50fc8202f,4,0333348e-3a23-4076-b225-aa20cba1b484
,32fcb99d-ca2a-4c2b-9b53-400d07492ef7,,b2c197ca-a269-498f-a7dc-5642cd5825ee,9,9e27c663-bdd4-491e-bc2e-685f8ac0c92a
,76476f3e-5719-48ef-9b7c-6411b7b1a44c,,b2c197ca-a269-498f-a7dc-5642cd5825ee,9,24030887-c4f8-4953-87ca-8ad5358f3e73
,76476f3e-5719-48ef-9b7c-6411b7b1a44c,,b2c197ca-a269-498f-a7dc-5642cd5825ee,9,1540ac69-ab2c-4bd3-a7dd-30b9b1c101cf
,5931091f-4c76-42d8-84dc-96bec9e3d597,,b2c197ca-a269-498f-a7dc-5642cd5825ee,8,c8d5f438-fb8a-4745-927d-714b84e0ae6b
,17a61cb8-6c29-4ffd-9875-9f391c915884,,b2c197ca-a269-498f-a7dc-5642cd5825ee,7,231039fa-c80a-4e7c-b2eb-a878b7d5ce10
,5931091f-4c76-42d8-84dc-96bec9e3d597,,b2c197ca-a269-498f-a7dc-5642cd5825ee,7,02ab9238-dc9c-4d81-8dbc-fd1fb3fb9995
,5931091f-4c76-42d8-84dc-96bec9e3d597,,b2c197ca-a269-498f-a7dc-5642cd5825ee,7,3ac0812d-7ca5-4168-97c2-10b91b8b1712
,32fcb99d-ca2a-4c2b-9b53-400d07492ef7,,b2c197ca-a269-498f-a7dc-5642cd5825ee,5,9e27c663-bdd4-491e-bc2e-685f8ac0c92a
,1472e9cc-4f46-44c8-b3b9-964944522c78,,a06df285-e5e0-4dd9-a5ff-2a9881d9198d,6,315d0017-4789-45a7-88d5-539e5f3f2229
,1472e9cc-4f46-44c8-b3b9-964944522c78,,a06df285-e5e0-4dd9-a5ff-2a9881d9198d,4,315d0017-4789-45a7-88d5-539e5f3f2229
,07b722b6-a508-4fbe-b524-c12fff9b39e1,,a06df285-e5e0-4dd9-a5ff-2a9881d9198d,3,fa12c198-4067-46f9-99e7-6c025c1cc1b7
,78a7164a-c3e6-4fee-afa8-9f00ef584c8f,,d295a410-df94-4687-b78c-bb3ed5e294a9,18,64c7b843-9a4e-4def-9720-5ffd39557f0c
,7a2992b9-756a-47b7-8274-6dfd8a9869a3,,d295a410-df94-4687-b78c-bb3ed5e294a9,15,2ed488ab-1be6-428a-bcbc-3c11add89d1b
,28620fb5-e293-4479-9210-c32fe45bd450,,d295a410-df94-4687-b78c-bb3ed5e294a9,10,251cb427-7d7b-45bd-bb2f-596dc83e8783
,28620fb5-e293-4479-9210-c32fe45bd450,,d295a410-df94-4687-b78c-bb3ed5e294a9,7,c0cd5e9f-80d2-4400-8183-02d70d942c47
,7a2992b9-756a-47b7-8274-6dfd8a9869a3,,d295a410-df94-4687-b78c-bb3ed5e294a9,6,b2cc9bb8-3b34-4222-9699-d2eea5233163
,78a7164a-c3e6-4fee-afa8-9f00ef584c8f,,d295a410-df94-4687-b78c-bb3ed5e294a9,5,7b2abce8-736c-424b-9a0d-137ce3878081
,e44fcbb4-4446-4edb-b4ba-d4031f18a361,,b5aedaca-4697-4139-b3d5-077941abd9a2,2,124ee42e-c95b-4b7f-b8e8-3a514306053a
,8b055f14-68d4-4eb4-8a35-d6445c0545cd,,e7619aca-74ec-4ca7-99e0-7217583faa25,3,42d15b68-f5df-45bc-a8e7-38c32bee5451
,f3f0f0b7-55cc-4c5d-9d32-4ea63675411b,,e7619aca-74ec-4ca7-99e0-7217583faa25,2,7fbb4e22-6ca3-4b21-ada7-dbfaed81212b
,c1d4eec2-0cdf-4336-870c-12a4f0948fca,,315c10c7-981b-430c-a4b1-f1b2b37233bf,12,9d6ba919-794d-483e-8124-b5a4b9e453f6
,c1d4eec2-0cdf-4336-870c-12a4f0948fca,,315c10c7-981b-430c-a4b1-f1b2b37233bf,8,8cdf4061-f7fe-460c-a7d5-ba8edfe0e96a
,86759d9f-5613-4578-b74d-14f80217c675,,315c10c7-981b-430c-a4b1-f1b2b37233bf,4,a09d80a4-f1f2-4996-8ecd-4c5781d2c522
,f84ec475-cba0-4525-a786-ccea39b90167,,315c10c7-981b-430c-a4b1-f1b2b37233bf,4,fbce00aa-2aa8-4817-9470-513ef7fd0b2b
,3c07306e-ef9a-4d13-8eba-6e97ae3743a0,,6c28036b-2896-438f-8f82-5e97a7c827c7,30,95b2c277-119a-48db-a561-13a71eb1ddc9
,433692bd-f082-4fbb-a4cf-bd4a5b2b5aa9,,6c28036b-2896-438f-8f82-5e97a7c827c7,29,0bbec1bc-d1c5-4d6a-955e-674cef90a8b8
,433692bd-f082-4fbb-a4cf-bd4a5b2b5aa9,,6c28036b-2896-438f-8f82-5e97a7c827c7,29,335e8c2b-707e-4b30-ac85-e8ec97e4b54f
,56f27ee2-7254-40fc-b00a-93717ca3d3fa,,6c28036b-2896-438f-8f82-5e97a7c827c7,29,4f873552-8374-44d8-b777-6ca1f7f27e6a
,56f27ee2-7254-40fc-b00a-93717ca3d3fa,,6c28036b-2896-438f-8f82-5e97a7c827c7,29,4d52afcb-82aa-406f-ae92-8b6077fbbdd4
,25ce3648-2aa4-4992-a379-003d561b81d4,,6c28036b-2896-438f-8f82-5e97a7c827c7,27,0c48d0ef-ff01-4a83-82d7-b7e0f822857c
,25ce3648-2aa4-4992-a379-003d561b81d4,,6c28036b-2896-438f-8f82-5e97a7c827c7,27,e1cdfe0d-4934-4e0d-b08f-c80c34247e15
,56f27ee2-7254-40fc-b00a-93717ca3d3fa,,6c28036b-2896-438f-8f82-5e97a7c827c7,24,e1cdfe0d-4934-4e0d-b08f-c80c34247e15
,b7ac3621-c2ce-4745-96cf-8ba2a64f4798,,6c28036b-2896-438f-8f82-5e97a7c827c7,18,118efe02-c901-4a06-8b40-4bec36fbb7ef
,1472e9cc-4f46-44c8-b3b9-964944522c78,,6c28036b-2896-438f-8f82-5e97a7c827c7,15,118efe02-c901-4a06-8b40-4bec36fbb7ef
,b7ac3621-c2ce-4745-96cf-8ba2a64f4798,,6c28036b-2896-438f-8f82-5e97a7c827c7,14,95b2c277-119a-48db-a561-13a71eb1ddc9
,6b983673-ae3d-4b82-afbf-c46ec9b20ef8,,6c28036b-2896-438f-8f82-5e97a7c827c7,13,d7ee2747-e98f-4932-871b-e6b1b140e547
,f1c4cacc-db52-4954-afa8-f0e14e61b8db,,6c28036b-2896-438f-8f82-5e97a7c827c7,6,93fe05bb-3c45-4c2a-8c4c-63295d2269c6
,c8f2614b-396b-4403-baf3-988ef537ba7f,,6c28036b-2896-438f-8f82-5e97a7c827c7,6,60529a4e-a36e-4a08-b617-5213e50bb186
,c8f2614b-396b-4403-baf3-988ef537ba7f,,6c28036b-2896-438f-8f82-5e97a7c827c7,3,4d52afcb-82aa-406f-ae92-8b6077fbbdd4
,3c07306e-ef9a-4d13-8eba-6e97ae3743a0,,6c28036b-2896-438f-8f82-5e97a7c827c7,2,5dead2be-4af3-422a-a12f-26b11013c22e
,f439ae27-0652-4b63-99f2-25e1bcc3c9c7,,7f4b5b4c-066f-4199-a0ba-ab23fc434c8a,9,5bd74636-3dae-4077-b8af-1d7adab307a6
,85cf9842-6abe-4e64-8ed4-e6a4f40ecb03,,7f4b5b4c-066f-4199-a0ba-ab23fc434c8a,9,f22de4f3-7af6-47b9-9a07-516f0263c558
,fda8ae11-dd97-42db-957f-b4d04f0636e0,,7f4b5b4c-066f-4199-a0ba-ab23fc434c8a,6,c14a40c6-ff45-4e93-a2bf-5eeba27a2ace
,f439ae27-0652-4b63-99f2-25e1bcc3c9c7,,7f4b5b4c-066f-4199-a0ba-ab23fc434c8a,2,f3775b5e-f551-4268-bbe2-72813156a943
,bece77fe-c51d-4fd4-8180-8338d61ccecd,,3077ea32-3625-4710-a209-255dfed11a1c,5,0af42ed2-f89a-4e73-b53f-696bbc358267
,f0d9e370-4a3f-4382-9376-fa326b36fe43,,c24f0ae3-7360-4f16-b1b1-3e61b27ea81d,2,050b6da6-32e9-404b-b5b8-0b5afb1fad0f
,571dd2a8-1c43-43c3-a3e5-34a387125dcb,,6b925ced-9f3d-4016-adce-d102351d9e2c,7,31231508-2dfe-4bd2-8fcb-7261e8ecb2c7
,994f2851-7d5e-4fc4-b484-33bc0ed8c97d,,6b925ced-9f3d-4016-adce-d102351d9e2c,7,49453a28-d0ba-432b-aa4f-c97c97b25d65
,78a7164a-c3e6-4fee-afa8-9f00ef584c8f,,6b925ced-9f3d-4016-adce-d102351d9e2c,5,ee80fd5f-5333-4dc8-b632-104f36a53ac5
,cab1d045-e789-4be8-a974-981204dee5c3,,6b925ced-9f3d-4016-adce-d102351d9e2c,4,4c2aaf49-f12c-4a44-b1d0-228f83f25ed9
,571dd2a8-1c43-43c3-a3e5-34a387125dcb,,6b925ced-9f3d-4016-adce-d102351d9e2c,2,49453a28-d0ba-432b-aa4f-c97c97b25d65
,f84ec475-cba0-4525-a786-ccea39b90167,,3e32b2e2-448a-4baf-864a-750cd7dbf505,20,49be0a78-8d92-4480-9f43-d6a23ec823f4
,31b385ba-eb23-48fe-be84-e4e8c21b3c3b,,3e32b2e2-448a-4baf-864a-750cd7dbf505,19,45db9f9c-f425-413f-ab40-d2bd9e8bb8a6
,85cf9842-6abe-4e64-8ed4-e6a4f40ecb03,,3e32b2e2-448a-4baf-864a-750cd7dbf505,9,ef021b57-a05b-43db-9ca5-e95765e83d20
,85cf9842-6abe-4e64-8ed4-e6a4f40ecb03,,3e32b2e2-448a-4baf-864a-750cd7dbf505,2,663321b0-12d6-416b-9e89-07ca6cc76e12
,32fcb99d-ca2a-4c2b-9b53-400d07492ef7,,f2491ed0-eb3a-451b-8bae-83a2adea7e81,5,d72faea4-5459-4fbd-a28d-e6bad24da087
,e8d156f8-d1aa-4e76-b590-c684a49972f3,,8cbce425-f4d3-4386-a9b5-e6cb4b9f2605,5,648479dd-0f50-4360-a9e3-8b44faab1269
,c1d4eec2-0cdf-4336-870c-12a4f0948fca,,0333905c-04f1-41ef-8bc2-8524b7fc40a2,7,42923916-8386-4d67-b080-1f2a547bb885
,d95786b2-a811-48dc-bd18-b00b4d8738e8,,0333905c-04f1-41ef-8bc2-8524b7fc40a2,6,526cb80b-99d8-4a16-b787-0ad9cf4ee630
,c1d4eec2-0cdf-4336-870c-12a4f0948fca,,0333905c-04f1-41ef-8bc2-8524b7fc40a2,5,bc8026fa-71a9-4aa4-9726-4afba015422d
,ee55074b-ab4a-4e31-bac3-5d8ecdc1b764,,a903b13e-9bd4-4e80-8fc7-f1727e81caac,5,da5ee4ce-2386-4181-a5fc-5a073ca38e8b
,8dcf801d-6780-4201-9c83-9dc2eb278572,,a903b13e-9bd4-4e80-8fc7-f1727e81caac,4,3adab7db-aa93-4ffc-8e70-d44f2e915357
,b761306e-772c-47e9-a9a1-9e5c3bb3cf0f,,a903b13e-9bd4-4e80-8fc7-f1727e81caac,2,096d10a2-fd37-46c4-96e8-9dff0d7ac1a1
,b1f9fd01-2a3e-400f-b17e-546dd18aba4a,,bd99691c-fa85-4a0f-985b-9656fda72e25,4,efbf95f8-a15c-46b3-817e-37e9ba861fa5
,8672555e-cb4f-4349-927c-73dabda2c515,,bd99691c-fa85-4a0f-985b-9656fda72e25,3,67bc7039-d54b-4dbc-a471-0db2bdd56e33
,8a037532-2998-486d-8ab2-1135d3f19e4d,,9dbc1993-41b6-48a4-aef9-4414d8cfc1d0,4,204c4932-a0b6-4c56-b71f-d5ce226f9bb8
,126436e6-ff5a-4260-a4a9-1a78d12ef95e,,9dbc1993-41b6-48a4-aef9-4414d8cfc1d0,3,7357b438-87c7-4c61-ae2a-89fbec06ac4c
,3beaa6c9-e2b0-45c3-9239-71c5f7893732,,8366838a-29b4-4fa7-9b33-5e82c655a65f,6,b3e75928-ef00-4b20-89fe-fb25b38db33e
,28c02cfb-2949-4f42-b6a3-0a22674837f0,,d2405792-9185-4316-b906-9c7b5cc883af,3,515e18f7-c41e-4e60-9402-7bf548820360
,56f27ee2-7254-40fc-b00a-93717ca3d3fa,,7dac10ab-502e-4c25-8962-dd3bf22b3f41,2,89eb7d7b-aba9-4f77-b481-4e16a3ee8b92
,1a90a927-6e9b-41c7-b6bf-e411d057a3ee,,bfa97ed2-edb1-4f7d-bec8-d2575a689ac1,9,65bbf879-eaba-460e-b5e4-956e51478831
,d161375a-334b-4d13-b311-f66604f0fdf4,,bfa97ed2-edb1-4f7d-bec8-d2575a689ac1,6,65bbf879-eaba-460e-b5e4-956e51478831
,1a90a927-6e9b-41c7-b6bf-e411d057a3ee,,bfa97ed2-edb1-4f7d-bec8-d2575a689ac1,6,ba2dc405-7639-40e1-9e6c-9821421c6050
,dde00453-0852-41eb-b978-80a39ef83ad0,,bfa97ed2-edb1-4f7d-bec8-d2575a689ac1,5,5e115b69-73c1-4124-9cb1-179af2e6744a
,dde00453-0852-41eb-b978-80a39ef83ad0,,bfa97ed2-edb1-4f7d-bec8-d2575a689ac1,2,f524237b-b5e6-4c91-813c-d04fee876cc8
,ce6fd3b5-37ce-4fa2-a030-ba65aab012d3,,97c3343e-3faa-4b10-807d-46e05892ccd5,4,858c9eaf-c010-4046-9c8f-2b5edc73bd21
,85cf9842-6abe-4e64-8ed4-e6a4f40ecb03,,81afadb4-7416-40ec-9e01-adc4bd6eebfb,7,9e0a8c30-f4b4-4436-8319-2b16172b2540
,07b722b6-a508-4fbe-b524-c12fff9b39e1,,c5261d95-0487-4bd6-82f6-a21f982eb92f,3,0f8ba054-9cd4-4eb4-bd68-8d60d13ed1bc
,669cebfa-73d4-494d-b3fb-8e8634548991,,cfefffc4-377f-4034-972e-c36acdfe4e7d,5,c0263de2-a297-4a0a-b6ad-952ec560a96b
,669cebfa-73d4-494d-b3fb-8e8634548991,,cfefffc4-377f-4034-972e-c36acdfe4e7d,2,da37bc64-432a-461a-a9c0-e6bb5e79c16e
,85cf9842-6abe-4e64-8ed4-e6a4f40ecb03,,cace339d-5195-4fe6-8f55-a61b4f5fe67a,7,9f320dcb-81b8-4cf1-8fc7-05fe48429253
,ee8ccaac-c083-47ad-8607-3ac21d624f02,,3dfa5437-fafc-4180-9c22-8d542d6915dc,7,6b74e8aa-cb21-4915-a287-7840b6bfb69f
,fb77d023-16e0-4825-b139-0976a7611d26,,3dfa5437-fafc-4180-9c22-8d542d6915dc,7,df90190e-a35e-4884-ba45-31a3bc674646
,f84ec475-cba0-4525-a786-ccea39b90167,,a16a1d3d-d722-4faf-b3e7-61a4105df705,17,9c03c16f-7c1e-4377-a809-317ebe8394ba
,079a31ff-980f-4958-ae11-8ecf5e6e5813,,a16a1d3d-d722-4faf-b3e7-61a4105df705,14,9c03c16f-7c1e-4377-a809-317ebe8394ba
,079a31ff-980f-4958-ae11-8ecf5e6e5813,,a16a1d3d-d722-4faf-b3e7-61a4105df705,14,0c9a68ca-753a-445d-9187-6c3239557af2
,5931091f-4c76-42d8-84dc-96bec9e3d597,,a16a1d3d-d722-4faf-b3e7-61a4105df705,13,a9f487cb-20f9-4662-ae94-d6596c596136
,079a31ff-980f-4958-ae11-8ecf5e6e5813,,a16a1d3d-d722-4faf-b3e7-61a4105df705,11,9c03c16f-7c1e-4377-a809-317ebe8394ba
,5931091f-4c76-42d8-84dc-96bec9e3d597,,a16a1d3d-d722-4faf-b3e7-61a4105df705,6,72ad29b8-1001-4a06-843b-6da95c1199e0
,0d0adff2-005c-4eac-91f0-33e127d743b0,,951669da-7574-45e4-b137-5d3e5c223732,5,69523ea2-beb1-4a31-a041-4a2c83965a4d
,731f7d23-eeae-4fd0-bb62-ac36e311e411,,951669da-7574-45e4-b137-5d3e5c223732,4,eec90c50-e057-416c-80e8-d5af5b92562d
,7c580ed3-30b0-49a5-b13c-00f9bcba7498,,0ec35dc6-3ec6-4285-a4e3-914afe3b656d,5,0bb71210-90b6-42ea-897b-148387f7e70a
,c77d9c8e-2c45-4141-9764-bc303bea0206,,0ec35dc6-3ec6-4285-a4e3-914afe3b656d,4,9d82f8f4-959c-4d13-b60e-1d9d9ab3ab67
,78a7164a-c3e6-4fee-afa8-9f00ef584c8f,,d5b4c009-4aaf-4c9f-b7e2-735630e94e9b,5,541842a9-035a-421a-8eb4-a2db26748553
,31b385ba-eb23-48fe-be84-e4e8c21b3c3b,,d5b4c009-4aaf-4c9f-b7e2-735630e94e9b,2,c6c1c746-0fce-403a-ad0f-6ff2c64734c7
,5931091f-4c76-42d8-84dc-96bec9e3d597,,a4546d89-01f7-4c4c-8e93-84c0b2582616,5,a34941c1-8360-4b46-b24f-66aaf382ff41
,f92ee9da-0a03-49ea-acaa-07320e7210dd,,d072c1ff-c9fb-4de5-84be-ea96abc7e22b,5,25396783-deea-4c83-a38c-34b7f99d5f3d
,ab685ae8-6d71-4619-9de7-68a6d03ed2ec,,d072c1ff-c9fb-4de5-84be-ea96abc7e22b,2,0498214e-b4dd-4643-8d26-bf8d3da65a1f
,0d0adff2-005c-4eac-91f0-33e127d743b0,,830e5494-852d-4027-bf31-ade4d9a155b9,7,ac97b2b6-f618-4e1f-b8ce-850878abdcf4
,7a2992b9-756a-47b7-8274-6dfd8a9869a3,,830e5494-852d-4027-bf31-ade4d9a155b9,7,dd69ab7d-3aac-4297-8cca-b4f8a68814ef
,8672555e-cb4f-4349-927c-73dabda2c515,,830e5494-852d-4027-bf31-ade4d9a155b9,5,d75ae0e6-df1e-46fc-b3b8-d4f90870771e
,0d0adff2-005c-4eac-91f0-33e127d743b0,,830e5494-852d-4027-bf31-ade4d9a155b9,3,b2d6001b-2cbe-4d31-8a22-ec6c4eed95b4
,126436e6-ff5a-4260-a4a9-1a78d12ef95e,,6f00ca47-189f-4268-adf6-e87cb8d9bc57,29,c899e681-4e34-4320-86c9-365ce6324c0c
,85cf9842-6abe-4e64-8ed4-e6a4f40ecb03,,6f00ca47-189f-4268-adf6-e87cb8d9bc57,28,6c140379-162f-44b8-bdff-5c7c9feb8606
,8a037532-2998-486d-8ab2-1135d3f19e4d,,6f00ca47-189f-4268-adf6-e87cb8d9bc57,28,8765fe40-56d3-4682-a88d-cad1c6c4fd84
,126436e6-ff5a-4260-a4a9-1a78d12ef95e,,6f00ca47-189f-4268-adf6-e87cb8d9bc57,24,4939dfa3-8124-4558-a6a7-dfcb817c8865
,85cf9842-6abe-4e64-8ed4-e6a4f40ecb03,,6f00ca47-189f-4268-adf6-e87cb8d9bc57,22,45a9f710-f94a-43f0-9171-4e59d9f6974b
,07b722b6-a508-4fbe-b524-c12fff9b39e1,,6f00ca47-189f-4268-adf6-e87cb8d9bc57,17,b5d74b24-aa52-4864-927d-f92fce14f3cf
,dde00453-0852-41eb-b978-80a39ef83ad0,,6f00ca47-189f-4268-adf6-e87cb8d9bc57,15,c899e681-4e34-4320-86c9-365ce6324c0c
,4078e42b-928e-4423-947e-1d181db517e6,,6f00ca47-189f-4268-adf6-e87cb8d9bc57,14,ba1c6571-fa4d-42f0-aede-1123c9c923ad
,4078e42b-928e-4423-947e-1d181db517e6,,6f00ca47-189f-4268-adf6-e87cb8d9bc57,13,f7e8e27f-14b8-418e-84d7-bc8b681cd146
,dde00453-0852-41eb-b978-80a39ef83ad0,,6f00ca47-189f-4268-adf6-e87cb8d9bc57,12,3d7411ce-d9aa-4bdf-ab66-18d01714c562
,07b722b6-a508-4fbe-b524-c12fff9b39e1,,6f00ca47-189f-4268-adf6-e87cb8d9bc57,11,d9fd2bad-e433-48bb-8600-f093ce25b649
,77a295ea-4338-42bb-a80a-e0159de4c4ad,,6f00ca47-189f-4268-adf6-e87cb8d9bc57,6,9a0711bf-c106-4a33-9c57-2322a14fa434
,669cebfa-73d4-494d-b3fb-8e8634548991,,6f00ca47-189f-4268-adf6-e87cb8d9bc57,5,58ad6b65-b946-41a4-b53d-ceb69090963c
,c8f2614b-396b-4403-baf3-988ef537ba7f,,6f00ca47-189f-4268-adf6-e87cb8d9bc57,4,aa8607cf-2a78-419d-83e0-a0e55ca0538e
,3c07306e-ef9a-4d13-8eba-6e97ae3743a0,,6f00ca47-189f-4268-adf6-e87cb8d9bc57,4,a10ec379-8c4f-4105-b926-84bf69f34f86
,5b0c2434-932f-497b-8e37-861b4cd5e81a,,d2b290e0-71b3-4b6b-8e29-f8a89798f60d,18,04b94b7e-ef51-429c-ad89-d81c5878f4f9
,f84ec475-cba0-4525-a786-ccea39b90167,,d2b290e0-71b3-4b6b-8e29-f8a89798f60d,16,c45d315d-8444-489d-a6d3-311beb9cbddd
,5b0c2434-932f-497b-8e37-861b4cd5e81a,,d2b290e0-71b3-4b6b-8e29-f8a89798f60d,15,04b94b7e-ef51-429c-ad89-d81c5878f4f9
,c1d4eec2-0cdf-4336-870c-12a4f0948fca,,d2b290e0-71b3-4b6b-8e29-f8a89798f60d,14,03ce2b1a-0809-477c-9064-5883c2b5db20
,c1d4eec2-0cdf-4336-870c-12a4f0948fca,,d2b290e0-71b3-4b6b-8e29-f8a89798f60d,13,1ba939b6-9e7d-4521-9c30-90384e09dbc1
,5b0c2434-932f-497b-8e37-861b4cd5e81a,,d2b290e0-71b3-4b6b-8e29-f8a89798f60d,8,a6f28dd7-5b80-4d1f-87cd-ae1003e03fa1
,5b0c2434-932f-497b-8e37-861b4cd5e81a,,d2b290e0-71b3-4b6b-8e29-f8a89798f60d,7,a6f28dd7-5b80-4d1f-87cd-ae1003e03fa1
,3d5bf71d-738e-4536-9a45-cdaea806dd7a,,5da29ec2-275a-486c-8fae-badab3ac8f47,3,a81cd8ea-8404-4537-b7f9-2394d3a4e452
,904bef4b-1c24-4e48-a139-8bac7b18d9ae,,5da29ec2-275a-486c-8fae-badab3ac8f47,2,94c50a8f-a378-4ee5-b565-f8c3ce6f3aae
,c1d4eec2-0cdf-4336-870c-12a4f0948fca,,a11830de-769b-459e-af87-808650614a87,4,0b14c77e-2347-418c-88f1-137a7b07937a
,25ce3648-2aa4-4992-a379-003d561b81d4,,8a631c4b-916b-4723-8bfa-c4ab2baa2617,2,1add6678-f0c5-46c2-8f6c-f197f00bec40
,56f27ee2-7254-40fc-b00a-93717ca3d3fa,,8a631c4b-916b-4723-8bfa-c4ab2baa2617,2,4b506815-9395-49f6-a794-0a65c3a98a74
,3c07306e-ef9a-4d13-8eba-6e97ae3743a0,,450121bd-52cf-4602-93fb-ec0e45189ab6,5,7aac6652-17a6-4fc5-a2ed-707ffd0a1a66
,c1d4eec2-0cdf-4336-870c-12a4f0948fca,,e8249396-1a1a-4aa1-a062-45bf923a793b,24,93cc2c99-d080-451d-b4df-cdaf20b911f1
,c1d4eec2-0cdf-4336-870c-12a4f0948fca,,e8249396-1a1a-4aa1-a062-45bf923a793b,20,c4e104b2-5ba7-40b6-af43-35ee83d8afc8
,c1d4eec2-0cdf-4336-870c-12a4f0948fca,,e8249396-1a1a-4aa1-a062-45bf923a793b,15,3f814f76-7a5b-4145-a008-442fe4298af7
,f1c4cacc-db52-4954-afa8-f0e14e61b8db,,e8249396-1a1a-4aa1-a062-45bf923a793b,13,8c3399b3-1b38-40fc-a231-8cb59215ebb9
,f1c4cacc-db52-4954-afa8-f0e14e61b8db,,e8249396-1a1a-4aa1-a062-45bf923a793b,13,896e175e-8a81-4c1f-9ba2-c5b761213610
,997d2284-f252-4fbd-89d4-78a08c3466bc,,e8249396-1a1a-4aa1-a062-45bf923a793b,10,820d42bb-199d-4068-8b32-add28b2f0904
,48936fdb-8ffb-4838-912d-1056e380c836,,e8249396-1a1a-4aa1-a062-45bf923a793b,6,26395497-2b56-4d34-b405-734b79841a1e
,997d2284-f252-4fbd-89d4-78a08c3466bc,,e8249396-1a1a-4aa1-a062-45bf923a793b,4,2cd23107-f821-4eb0-b44c-3d86bcbb1dbc
,0d0adff2-005c-4eac-91f0-33e127d743b0,,e8249396-1a1a-4aa1-a062-45bf923a793b,4,3407e718-001e-439b-b8b2-d9695a9691b2
,3c07306e-ef9a-4d13-8eba-6e97ae3743a0,,e8249396-1a1a-4aa1-a062-45bf923a793b,4,a57e2a8a-475e-4e3d-a411-cecdc65948b5
,c1d4eec2-0cdf-4336-870c-12a4f0948fca,,67039917-4e60-4d8c-8e59-c66238201d88,2,80e5ffe7-42b3-4d86-9c46-3ffb40069ae6
,17a61cb8-6c29-4ffd-9875-9f391c915884,,9b8bcd27-dd4d-4461-baff-cc3cd6941b4c,7,7ada780e-e93e-4501-8ff7-bff37d8f6d40
,6b983673-ae3d-4b82-afbf-c46ec9b20ef8,,2bba3076-b4e3-4249-b610-45e6b94d7de6,7,3b64349a-0d69-4361-9e5a-68bc94f43d00
,6b983673-ae3d-4b82-afbf-c46ec9b20ef8,,2bba3076-b4e3-4249-b610-45e6b94d7de6,4,30fa2b25-06a8-4c26-aee2-7bb7571f228d
,b7ac3621-c2ce-4745-96cf-8ba2a64f4798,,2bba3076-b4e3-4249-b610-45e6b94d7de6,3,db8dccca-2b7f-445f-b9c8-6507135d61a3
,85cf9842-6abe-4e64-8ed4-e6a4f40ecb03,,33697c54-2e50-4c21-80e0-d679cc83bb5b,20,6cafa148-8d9a-4878-ae10-1bceef7ae1fa
,7b1c5d9c-a0d1-494b-94da-abdda4d4fe3a,,33697c54-2e50-4c21-80e0-d679cc83bb5b,20,064ba6dd-e8c0-429a-b7d2-5826f5c75af6
,5931091f-4c76-42d8-84dc-96bec9e3d597,,33697c54-2e50-4c21-80e0-d679cc83bb5b,9,82519c0a-86fe-410a-8eac-a4c33776a5e3
,85cf9842-6abe-4e64-8ed4-e6a4f40ecb03,,33697c54-2e50-4c21-80e0-d679cc83bb5b,3,e27e853e-3488-4496-9966-3133bf69747e
,c1d4eec2-0cdf-4336-870c-12a4f0948fca,,33697c54-2e50-4c21-80e0-d679cc83bb5b,2,69cd6252-bef9-4fa3-b58a-134f9ac644fb
,5931091f-4c76-42d8-84dc-96bec9e3d597,,33697c54-2e50-4c21-80e0-d679cc83bb5b,1,e27e853e-3488-4496-9966-3133bf69747e
,45b12350-b971-4ca6-a85f-85df8c3daf71,,a01bc796-e43b-41a2-a762-e516814c1841,8,096f7f44-0e95-42b2-9768-bc1c880d0b7b
,76476f3e-5719-48ef-9b7c-6411b7b1a44c,,a01bc796-e43b-41a2-a762-e516814c1841,7,d0bb8c3c-3f08-41d0-a213-972b354dc048
,76476f3e-5719-48ef-9b7c-6411b7b1a44c,,a01bc796-e43b-41a2-a762-e516814c1841,5,d0bb8c3c-3f08-41d0-a213-972b354dc048
,28620fb5-e293-4479-9210-c32fe45bd450,,47218f20-ce24-4fbc-9ec2-5a303335cece,5,30f3fb6a-118c-4015-a220-eece1548f51a
,c1d4eec2-0cdf-4336-870c-12a4f0948fca,,67d674bd-4862-4513-93de-b2223240ed2d,13,c8b40242-4c5b-4e70-8d33-3b6856915bf0
,76476f3e-5719-48ef-9b7c-6411b7b1a44c,,67d674bd-4862-4513-93de-b2223240ed2d,6,3fb222ef-c269-434a-9a51-8b2f16d6d335
,dde00453-0852-41eb-b978-80a39ef83ad0,,67d674bd-4862-4513-93de-b2223240ed2d,4,4c00a911-7f7c-4c93-8586-cc0cd4d1eca4
,76476f3e-5719-48ef-9b7c-6411b7b1a44c,,67d674bd-4862-4513-93de-b2223240ed2d,4,3484278a-e93b-4476-b04b-69f4fe43d32f
,5931091f-4c76-42d8-84dc-96bec9e3d597,,67d674bd-4862-4513-93de-b2223240ed2d,2,a683e134-bad7-4f65-b4e1-c9b2b302bf57
,5931091f-4c76-42d8-84dc-96bec9e3d597,,7feeeced-1ab9-421a-819b-69ec76deb3ba,9,28b0e40e-f21b-4ee7-bd10-6dafeee41420
,f84ec475-cba0-4525-a786-ccea39b90167,,7feeeced-1ab9-421a-819b-69ec76deb3ba,9,ba7b5ff3-5107-4230-bd89-0bbbb9680275
,dde00453-0852-41eb-b978-80a39ef83ad0,,7feeeced-1ab9-421a-819b-69ec76deb3ba,6,b2b9de9f-523d-47c6-ac0e-172548ebaf9e
,c1d4eec2-0cdf-4336-870c-12a4f0948fca,,7feeeced-1ab9-421a-819b-69ec76deb3ba,5,c2f898e3-41ca-4301-9c66-dcbdfa5b4424
,76476f3e-5719-48ef-9b7c-6411b7b1a44c,,7feeeced-1ab9-421a-819b-69ec76deb3ba,3,81d6636d-185b-4821-810e-84d4e2830540
,f84ec475-cba0-4525-a786-ccea39b90167,,f3185436-63da-46e3-84e6-aad5c0cc300c,5,01dd7734-afcf-4f47-8b8a-df089c7b26e9
,c1d4eec2-0cdf-4336-870c-12a4f0948fca,,f3185436-63da-46e3-84e6-aad5c0cc300c,4,198bf00e-2f0a-45e9-8e07-90c7bb06cdeb
,f84ec475-cba0-4525-a786-ccea39b90167,,d957a8c4-c2d0-4cbb-898b-5ca199fdef1f,4,dc453698-f158-442f-bb3e-8902ed790edb
,c1d4eec2-0cdf-4336-870c-12a4f0948fca,,fc029407-d1a4-4962-bc96-9a28cd93c173,5,37723ba5-b769-49b3-b17f-3e3f242c0edf
,c1d4eec2-0cdf-4336-870c-12a4f0948fca,,81bf79f6-72b1-4264-bbc0-84b610abc69b,4,343ba516-d43f-4317-ac19-63ba9b6a0431
,c1d4eec2-0cdf-4336-870c-12a4f0948fca,,948d154e-363f-4677-95cb-6fe0260049b7,4,e9d0b874-0b20-484b-8861-aefdefe74116
,f84ec475-cba0-4525-a786-ccea39b90167,,948d154e-363f-4677-95cb-6fe0260049b7,3,9eefa6ef-f60d-4408-be56-bb87d077f54d
,c1d4eec2-0cdf-4336-870c-12a4f0948fca,,9bf34cbc-51b7-4153-8c38-ce7910c230a2,4,b8bc5135-ed00-4176-8b8c-d28a26bc62c4
,c1d4eec2-0cdf-4336-870c-12a4f0948fca,,55687878-d913-4caa-a21d-54c983743d42,5,0a8919af-00a5-4caf-98b7-b477494d4c51
,f84ec475-cba0-4525-a786-ccea39b90167,,55687878-d913-4caa-a21d-54c983743d42,4,ef31294d-1964-40ba-956d-2171ef4c8fcd
,c1d4eec2-0cdf-4336-870c-12a4f0948fca,,375e1dea-ec7c-40c4-b631-fe87b9382bb7,3,7c0c0fae-17da-49de-9822-f55460f714a9
,c1d4eec2-0cdf-4336-870c-12a4f0948fca,,8386ca20-6b09-4b77-811f-893fdbd19a66,2,00c308e5-4f6d-435f-806a-a7cb805e32ce
,3c07306e-ef9a-4d13-8eba-6e97ae3743a0,,5fe78b83-894a-4001-8384-c8ae57fd8c5d,7,9ba5b7a7-d1fc-4e7f-b5a1-700cde0af183
,3c07306e-ef9a-4d13-8eba-6e97ae3743a0,,5fe78b83-894a-4001-8384-c8ae57fd8c5d,7,1b78d668-5e68-4d73-be67-f27080d4d18c
,5931091f-4c76-42d8-84dc-96bec9e3d597,,5fe78b83-894a-4001-8384-c8ae57fd8c5d,1,80f4d51b-2417-4866-81cd-58a7c433ae55
,0d0adff2-005c-4eac-91f0-33e127d743b0,,e1a97f66-d36e-4190-a0bf-2ff3eb823389,5,25c16cf5-021f-4686-8395-7ce0a7c8bed0
,c1d4eec2-0cdf-4336-870c-12a4f0948fca,,af4b7064-b86a-4104-aced-e91ba03da82a,4,dccff7f4-244f-4751-8ce9-c3190a6d98bf
,f84ec475-cba0-4525-a786-ccea39b90167,,af4b7064-b86a-4104-aced-e91ba03da82a,3,cd7a56b2-2ffb-4967-8711-4d32bfa39acb
,f84ec475-cba0-4525-a786-ccea39b90167,,162887bc-9c5d-4e2b-9aca-8ed2e58ab670,3,7fee679a-4625-4424-8aa6-8fec56d712b2
,3c07306e-ef9a-4d13-8eba-6e97ae3743a0,,31e8bae2-02fc-44a7-9832-92420205e3eb,5,156e6d40-1dbd-4258-bd56-92cd921e4257
,58da69ee-15ed-46f1-a8e2-d89feccd768f,,3eb452f6-037d-4cb9-b0d3-15a96d391adc,9,28613649-b1d8-49fd-9348-6597afb3152e
,c1d4eec2-0cdf-4336-870c-12a4f0948fca,,3eb452f6-037d-4cb9-b0d3-15a96d391adc,9,15f64b84-82e6-4aef-9c59-8cfc6043d35f
,0d0adff2-005c-4eac-91f0-33e127d743b0,,26f0c3a2-e6ec-44ac-ac56-275f0ff94f8e,4,cf18ecae-d94c-4058-9964-86d304f411c4
,5931091f-4c76-42d8-84dc-96bec9e3d597,,26f0c3a2-e6ec-44ac-ac56-275f0ff94f8e,4,03b715fc-1b09-459b-97b0-4ba99d87413f
,c1d4eec2-0cdf-4336-870c-12a4f0948fca,,cdc1b36c-e73d-4e7e-a85d-16c4f05dcc2f,5,a2832171-db00-45fb-8075-1d08b42344c3
,c1d4eec2-0cdf-4336-870c-12a4f0948fca,,b75bc471-101c-4a39-a519-41f3efccaf10,5,6aa1acf1-a2ab-4177-ad43-48fc2be627c7
,f84ec475-cba0-4525-a786-ccea39b90167,,b75bc471-101c-4a39-a519-41f3efccaf10,4,2a8da980-5e7a-4b12-a79e-3a0388e4b1b0
,c1d4eec2-0cdf-4336-870c-12a4f0948fca,,c568c601-c594-4d09-aefd-60835fffc5e7,3,8ae1fb34-9d89-4b4f-9d5e-0d9a7395d812
