drafter,title,year,imdb_id,classification,rt_percent_or_error
Drea Clark,Head Games,,tt2239400,FRESH,88
Drea Clark,At the Death House Door,,tt0929235,FRESH,100
Ryan Marker,Abacus: Small Enough to Jail,,tt5952382,FRESH,93
Drea Clark,Life Itself,,tt2382298,FRESH,98
Ryan Marker,Stevie,,tt0334416,FRESH,91
Drea Clark,The Interrupters,,tt1319744,FRESH,99
Billy Ray Brewton,Harry Potter and the Prisoner of Azkaban,2004,tt0304141,FRESH,90
Ryan Marker,X-Men: Apocalypse,2016,tt3385516,ROTTEN,47
Ryan Marker,Day for Night,1973,tt0070460,FRESH,98
Oriana Nudo,The Godfather Part II,1974,tt0071562,FRESH,96
Darren Franich,Day of the Dead,1985,tt0088993,FRESH,61
Clay Keller,Star Trek V: The Final Frontier,1989,tt0098382,ROTTEN,22
Billy Ray Brewton,Hellbound: Hellraiser II,1988,tt0095294,ROTTEN,52
Graham Skipper,Hellbound: Hellraiser II,1988,tt0095294,ROTTEN,52
Drea Clark,Tangerine,2015,tt3824458,FRESH,96
Billy Ray Brewton,The Others,2001,tt0230600,FRESH,84
Oriana Nudo,Little Women,2019,tt3281548,FRESH,95
Clay Keller,Pursuit,1972,tt0069137,ROTTEN (TV_API),25
Darren Franich,The Adventures of Tintin,2011,tt0983193,FRESH,75
Ryan Marker,Cover-Up,2025,tt37660887,FRESH,98
Oriana Nudo,The Darien Gap,1996,tt0112803,NO_RT_DATA,
Clay Keller,The Truman Show,1998,tt0120382,FRESH,94
Billy Ray Brewton,God Help the Girl,2014,tt2141751,FRESH,67
Billy Ray Brewton,Red Road,2006,tt0471030,FRESH,87
Billy Ray Brewton,His House,2020,tt8508734,FRESH,100
Billy Ray Brewton,Dog Soldiers,2002,tt0280609,FRESH,82
Billy Ray Brewton,Green Room,2015,tt4062536,FRESH,90
Drea Clark,Rescue Dawn,2006,tt0462504,FRESH,90
Clay Keller,The Killing of a Sacred Deer,2017,tt5715874,FRESH,79
Billy Ray Brewton,Pecker,1998,tt0126604,ROTTEN,52
Clay Keller,Boogie Nights,1997,tt0118749,FRESH,91
Oriana Nudo,A Star Is Born,1954,tt0047522,FRESH,98
Ryan Marker,Parasite,2019,tt6751668,FRESH,99
Bryan Cogman,Love and Death,1975,tt0073312,FRESH,100
Bryan Cogman,Love and Death,1975,tt0073312,FRESH,100
Drea Clark,Dudes,1987,tt0092933,FRESH (TV_API),62
Drea Clark,Party Girl,1995,tt0114095,FRESH,82
Billy Ray Brewton,In Fabric,2018,tt7464188,FRESH,92
Bryan Cogman,Treasure Island,1934,tt0025907,FRESH,100
Oriana Nudo,Moulin Rouge!,2001,tt0203009,FRESH,75
Graham Skipper,Stonehearst Asylum,2014,tt1772264,ROTTEN,53
Darren Franich,Indiana Jones and the Kingdom of the Crystal Skull,2008,tt0367882,FRESH,77
Drea Clark,Beasts of the Southern Wild,2012,tt2125435,FRESH,87
Clay Keller,Deadpool 2,2018,tt5463162,FRESH,83
Ryan Marker,The Secret Garden,1993,tt0108071,FRESH,89
Ryan Marker,One Battle After Another,2025,tt30144839,FRESH,94
Ryan Marker,One Battle After Another,2025,tt30144839,FRESH,94
Drea Clark,The Decline of Western Civilization Part III,1998,tt0138393,FRESH,100
Bryan Cogman,Doubt,2008,tt0918927,FRESH,79
Graham Skipper,Blood,2022,tt13280054,ROTTEN,50
Ryan Marker,The Terminator,1984,tt0088247,FRESH,90
Darren Franich,World-Breaker,2025,tt14264694,NO_RT_DATA,
Oriana Nudo,Beirut,2018,tt4669264,FRESH,81
Graham Skipper,Dark City,1998,tt0118929,FRESH (TV_API),78
Billy Ray Brewton,The Andromeda Strain,1971,tt0066769,FRESH,68
Ryan Marker,"Come Back to the 5 & Dime Jimmy Dean, Jimmy Dean",1982,tt0083745,FRESH,89
Ryan Marker,Streamers,1983,tt0086377,ROTTEN,55
Bryan Cogman,The Darjeeling Limited,2007,tt0838221,FRESH,69
Bryan Cogman,Something's Gotta Give,2003,tt0337741,FRESH,72
Oriana Nudo,Shoot the Moon,1982,tt0084675,FRESH,86
Bryan Cogman,Looking for Mr. Goodbar,1977,tt0076327,FRESH,63
Oriana Nudo,Reds,1981,tt0082979,FRESH,90
Clay Keller,Non-Fiction,2018,tt7250056,FRESH,86
Ryan Marker,Non-Fiction,2018,tt7250056,FRESH,86
Bryan Cogman,Dr Jekyll & Sister Hyde,1971,tt0068502,FRESH,86
Ryan Marker,Hereditary,2018,tt7784604,FRESH,90
Billy Ray Brewton,The Ice Harvest,2005,tt0400525,ROTTEN (TV_API),47
Ryan Marker,The Apprentice,2024,tt8368368,FRESH,83
Ryan Marker,Flow,2024,tt4772188,FRESH,97
Clay Keller,Tigerland,2000,tt0170691,FRESH,78
Clay Keller,In the Loop,2009,tt1226774,FRESH,94
Drea Clark,My Old Ass,2024,tt18559464,FRESH,90
Bryan Cogman,Waiting for Guffman,1996,tt0118111,FRESH,91
Bryan Cogman,Ghostlight,2024,tt30321095,FRESH,99
Billy Ray Brewton,Ghostlight,2024,tt30321095,FRESH,99
Drea Clark,Eileen,2023,tt5198890,FRESH,81
Clay Keller,Delicatessen,1991,tt0101700,FRESH,90
Billy Ray Brewton,Parallel Mothers,2021,tt12618926,FRESH,96
Drea Clark,Never Rarely Sometimes Always,2020,tt7772582,FRESH,99
Oriana Nudo,The Power of the Dog,2021,tt10293406,FRESH,94
Darren Franich,The 39 Steps,1935,tt0026029,FRESH,96
Ryan Marker,Once Upon a Time... in Hollywood,2019,tt7131622,FRESH,86
Clay Keller,Once Upon a Time... in Hollywood,2019,tt7131622,FRESH,86
Clay Keller,Once Upon a Time... in Hollywood,2019,tt7131622,FRESH,86
Oriana Nudo,Before the Devil Knows You're Dead,2007,tt0292963,FRESH,89
Graham Skipper,King Kong,1933,tt0024216,FRESH,97
Oriana Nudo,An American Werewolf in London,1981,tt0082010,FRESH,89
Billy Ray Brewton,An American Werewolf in London,1981,tt0082010,FRESH,89
Billy Ray Brewton,A Teacher,2020,tt10680614,FRESH (TV_API),74
Billy Ray Brewton,The Shawshank Redemption,1994,tt0111161,FRESH,89
Billy Ray Brewton,Dear Zachary: A Letter to a Son About His Father,2008,tt1152758,FRESH,94
Oriana Nudo,I Married a Witch,1942,tt0034881,FRESH,95
Bryan Cogman,The Sword in the Stone,1963,tt0057546,FRESH,65
Billy Ray Brewton,Stand by Me,1986,tt0092005,FRESH,89
Billy Ray Brewton,Evil Dead Rise,2023,tt13345606,FRESH,85
Billy Ray Brewton,Barb and Star Go to Vista Del Mar,2021,tt3797512,FRESH,81
Darren Franich,Unforgiven,1992,tt0105695,FRESH,96
Ryan Marker,Unforgiven,1992,tt0105695,FRESH,96
Ryan Marker,Midsommar,2019,tt8772262,FRESH,83
Drea Clark,Sing Sing,2023,tt28479262,FRESH,97
Oriana Nudo,A Child Is Waiting,1963,tt0056930,FRESH,92
Billy Ray Brewton,Fancy Dance,2023,tt21813994,FRESH,96
Darren Franich,The Immortal Story,1968,tt0063127,FRESH (TV_API),92
Clay Keller,The Woman Next Door,1981,tt0082370,FRESH,85
Darren Franich,Blade,1998,tt0120611,ROTTEN,59
Darren Franich,Thor: Ragnarok,2017,tt3501632,FRESH,93
Darren Franich,Ready Player One,2018,tt1677720,FRESH,71
Ryan Marker,The Cowboys,1972,tt0068421,FRESH,75
Clay Keller,The Worst Person in the World,2021,tt10370710,FRESH,96
Ryan Marker,Passing,2021,tt8893974,FRESH,91
Bryan Cogman,The Roaring Twenties,1939,tt0031867,FRESH,100
Clay Keller,Raising Arizona,1987,tt0093822,FRESH,91
Drea Clark,Raising Arizona,1987,tt0093822,FRESH,91
Clay Keller,Asteroid City,2023,tt14230388,FRESH,76
Billy Ray Brewton,Asteroid City,2023,tt14230388,FRESH,76
Billy Ray Brewton,The Dead Zone,1983,tt0085407,FRESH,89
Billy Ray Brewton,Ad Astra,2019,tt2935510,FRESH,83
Bryan Cogman,Othello,1951,tt0045251,FRESH,87
Graham Skipper,Independence Day,1996,tt0116629,FRESH,77
Clay Keller,Independence Day,1996,tt0116629,FRESH,77
Graham Skipper,Halloween,2007,tt0373883,ROTTEN,28
Oriana Nudo,Autumn Sonata,1978,tt0077711,FRESH,85
Darren Franich,"Roman J. Israel, Esq.",2017,tt6000478,ROTTEN,55
Clay Keller,Poor Things,2023,tt14230458,FRESH,92
Drea Clark,No Other Land,2024,tt30953759,FRESH,100
Bryan Cogman,Raiders of the Lost Ark,1981,tt0082971,FRESH,94
Darren Franich,Strays,2023,tt15153532,ROTTEN (TV_API),54
Billy Ray Brewton,Insidious,2010,tt1591095,FRESH,66
Clay Keller,West Side Story,2021,tt3581652,FRESH,91
Darren Franich,The Fast and the Furious: Tokyo Drift,2006,tt0463985,ROTTEN,37
Ryan Marker,The Manchurian Candidate,1962,tt0056218,FRESH,96
Ryan Marker,All We Imagine as Light,2024,tt32086077,FRESH,100
Drea Clark,All of Us Strangers,2023,tt21192142,FRESH,96
Graham Skipper,Trick 'r Treat,2007,tt0862856,FRESH,82
Clay Keller,Beautiful Girls,1996,tt0115639,FRESH,78
Clay Keller,The Wolverine,2013,tt1430132,FRESH,71
Darren Franich,The Death of Stalin,2017,tt4686844,FRESH,94
Ryan Marker,Thelma,2024,tt23778968,FRESH,98
Ryan Marker,12 Monkeys,2015,tt3148266,FRESH (TV_API),88
Drea Clark,Pulp Fiction,1994,tt0110912,FRESH,92
Darren Franich,Pulp Fiction,1994,tt0110912,FRESH,92
Clay Keller,Irma Vep,2022,tt13649314,FRESH (TV_API),95
Drea Clark,Zodiac,2007,tt0443706,FRESH,90
Billy Ray Brewton,The Naked Gun: From the Files of Police Squad!,1988,tt0095705,FRESH,88
Ryan Marker,Star Trek: Generations,1994,tt0111280,ROTTEN,48
Billy Ray Brewton,Society of the Snow,2023,tt16277242,FRESH,90
Ryan Marker,The French Connection,1971,tt0067116,FRESH,97
Drea Clark,All the Beauty and the Bloodshed,2022,tt21374850,FRESH,95
Clay Keller,Intermission,2003,tt0332658,FRESH,74
Billy Ray Brewton,A Nightmare on Elm Street 4: The Dream Master,1988,tt0095742,ROTTEN,56
Billy Ray Brewton,Zero Day,2002,tt0365960,FRESH,68
Darren Franich,War for the Planet of the Apes,2017,tt3450958,FRESH,94
Billy Ray Brewton,Limbo,2023,tt21833834,FRESH,91
Bryan Cogman,To the Devil a Daughter,1976,tt0075334,ROTTEN,45
Ryan Marker,The Russians Are Coming the Russians Are Coming,1966,tt0060921,FRESH,83
Graham Skipper,The Texas Chain Saw Massacre,1974,tt0072271,FRESH,85
Darren Franich,Chimes at Midnight,1965,tt0059012,FRESH,96
Bryan Cogman,Chimes at Midnight,1965,tt0059012,FRESH,96
Ryan Marker,The Fall Guy,2024,tt1684562,FRESH,81
Billy Ray Brewton,Old Henry,2021,tt12731980,FRESH,94
Oriana Nudo,Shadow of a Doubt,1943,tt0036342,FRESH,100
Bryan Cogman,Scrooged,1988,tt0096061,FRESH,72
Ryan Marker,This Is Spinal Tap,1984,tt0088258,FRESH,98
Billy Ray Brewton,Ghostbusters: Afterlife,2021,tt4513678,FRESH,63
Darren Franich,Out of Sight,1998,tt0120780,FRESH,94
Bryan Cogman,Out of Sight,1998,tt0120780,FRESH,94
Clay Keller,Mad Max: Fury Road,2015,tt1392190,FRESH,97
Drea Clark,The House of Yes,1997,tt0119324,FRESH,61
Graham Skipper,Inside,2023,tt14781036,NO_RT_DATA,
Billy Ray Brewton,Oppenheimer,2023,tt15398776,FRESH,93
Clay Keller,A Haunting in Venice,2023,tt22687790,FRESH,75
Bryan Cogman,The Adventures of Robin Hood,1938,tt0029843,FRESH,100
Clay Keller,The Taste of Things,2023,tt19760052,FRESH,97
Graham Skipper,Terror of Mechagodzilla,1975,tt0073373,ROTTEN,43
Darren Franich,Zombie,1979,tt0080057,ROTTEN,45
Billy Ray Brewton,Climax,2018,tt8359848,FRESH,69
Graham Skipper,The Lawnmower Man,1992,tt0104692,ROTTEN,35
Darren Franich,Mission: Impossible - Dead Reckoning Part One,2023,tt9603212,FRESH,96
Graham Skipper,Godzilla: Final Wars,2004,tt0399102,ROTTEN,54
Drea Clark,Past Lives,2023,tt13238346,FRESH,95
Ryan Marker,Still Alice,2014,tt3316960,FRESH,85
Billy Ray Brewton,A Quiet Place: Day One,2024,tt13433802,FRESH,86
Darren Franich,Kingdom of the Planet of the Apes,2024,tt11389872,FRESH,80
Billy Ray Brewton,The Perks of Being a Wallflower,2012,tt1659337,FRESH,85
Drea Clark,The Eternal Daughter,2022,tt13874422,FRESH,95
Drea Clark,The Eternal Daughter,2022,tt13874422,FRESH,95
Ryan Marker,Creed,2015,tt3076658,FRESH,95
Drea Clark,A Different Man,2024,tt21097228,FRESH,93
Billy Ray Brewton,The Piano Lesson,2024,tt15507512,FRESH,88
Billy Ray Brewton,Polyester,1981,tt0082926,FRESH,93
Ryan Marker,A Serious Man,2009,tt1019452,FRESH,89
Darren Franich,A Serious Man,2009,tt1019452,FRESH,89
Ryan Marker,X-Men: Days of Future Past,2014,tt1877832,FRESH,90
Darren Franich,Jennifer's Body,2009,tt1131734,ROTTEN,47
Clay Keller,Jennifer's Body,2009,tt1131734,ROTTEN,47
Oriana Nudo,The Beguiled,2017,tt5592248,FRESH,79
Ryan Marker,The New Mutants,2020,tt4682266,ROTTEN,36
Bryan Cogman,The Master,2012,tt1560747,FRESH,85
Clay Keller,Please Give,2010,tt0878835,FRESH,85
Clay Keller,Ant-Man,2015,tt0478970,FRESH,83
Ryan Marker,Nixon,1995,tt0113987,FRESH,76
Drea Clark,The Boys Next Door,1985,tt0090770,ROTTEN (TV_API),52
Billy Ray Brewton,Kagemusha: The Shadow Warrior,1980,tt0080979,FRESH,89
Billy Ray Brewton,The Sisters Brothers,2018,tt4971344,FRESH,87
Graham Skipper,Friday the 13th,1980,tt0080761,FRESH,70
Drea Clark,Mom and Dad,2017,tt5462326,FRESH,74
Billy Ray Brewton,A Nightmare on Elm Street: The Dream Child,1989,tt0097981,ROTTEN,32
Bryan Cogman,Tomorrow Never Dies,1997,tt0120347,ROTTEN,58
Bryan Cogman,Kiss Me Deadly,1955,tt0048261,FRESH,98
Ryan Marker,Flight of the Navigator,1986,tt0091059,FRESH,85
Clay Keller,Speed,1994,tt0111257,FRESH,95
Oriana Nudo,To Kill a Mockingbird,1962,tt0056592,FRESH,93
Darren Franich,The Pacifier,2005,tt0395699,ROTTEN,21
Ryan Marker,The Virgin Suicides,1999,tt0159097,FRESH,80
Clay Keller,Bad Blood,1986,tt0091497,FRESH,85
Ryan Marker,Batwoman,2019,tt8712204,FRESH (TV_API),83
Graham Skipper,The Invisible Man,1933,tt0024184,FRESH,95
Clay Keller,Cold Water,1994,tt0109702,FRESH,100
Oriana Nudo,The Innocents,2021,tt4028464,FRESH,95
Billy Ray Brewton,Maverick,1994,tt0110478,FRESH,67
Darren Franich,Dolores Claiborne,1995,tt0109642,FRESH,87
Oriana Nudo,Mean Streets,1973,tt0070379,FRESH,92
Darren Franich,Bone Tomahawk,2015,tt2494362,FRESH,91
Ryan Marker,Mission: Impossible - Rogue Nation,2015,tt2381249,FRESH,94
Clay Keller,The Emperor's New Groove,2000,tt0120917,FRESH,86
Oriana Nudo,The Verdict,1982,tt0084855,FRESH,88
Bryan Cogman,Gold Diggers of 1933,1933,tt0024069,FRESH,100
Darren Franich,The Tree of Life,2011,tt0478304,FRESH,86
Bryan Cogman,The Long Goodbye,1973,tt0070334,FRESH,93
Bryan Cogman,Dr. No,1962,tt0055928,FRESH,95
Bryan Cogman,Clouds of Sils Maria,2014,tt2452254,FRESH,91
Clay Keller,Clouds of Sils Maria,2014,tt2452254,FRESH,91
Ryan Marker,Clouds of Sils Maria,2014,tt2452254,FRESH,91
Ryan Marker,Clouds of Sils Maria,2014,tt2452254,FRESH,91
Ryan Marker,The Housemaid,1960,tt0150980,FRESH,100
Clay Keller,Frequency,2000,tt0186151,FRESH,70
Clay Keller,Frequency,2000,tt0186151,FRESH,70
Billy Ray Brewton,The Hills Have Eyes,2006,tt0454841,ROTTEN,51
Drea Clark,Zola,2020,tt5439812,FRESH,88
Ryan Marker,The Abominable Snowman,1957,tt0050095,ROTTEN (TV_API),55
Ryan Marker,Days of Thunder,1990,tt0099371,ROTTEN,38
Graham Skipper,Next Stop Wonderland,1998,tt0119778,FRESH,73
Graham Skipper,The Silent Hour,2024,tt22874848,FRESH,68
Ryan Marker,Birds of Prey and the Fantabulous Emancipation of One Harley Quinn,2020,tt7713068,FRESH,79
Clay Keller,The Bourne Identity,2002,tt0258463,FRESH,84
Drea Clark,Bottoms,2023,tt17527468,FRESH,91
Billy Ray Brewton,Blade Runner,1982,tt0083658,FRESH,89
Bryan Cogman,Blade Runner,1982,tt0083658,FRESH,89
Graham Skipper,Halloween 4: The Return of Michael Myers,1988,tt0095271,ROTTEN,43
Bryan Cogman,The Beatles: Get Back - The Rooftop Concert,2022,tt16899584,FRESH,100
Billy Ray Brewton,The Fly,1986,tt0091064,FRESH,93
Bryan Cogman,Hannah and Her Sisters,1986,tt0091167,FRESH,92
Darren Franich,A Clockwork Orange,1971,tt0066921,FRESH,86
Ryan Marker,Bob Dylan: Dont Look Back,1967,tt0061589,FRESH,92
Clay Keller,The Wild Child,1970,tt0064285,FRESH,100
Ryan Marker,The Hudsucker Proxy,1994,tt0110074,FRESH,61
Drea Clark,The Hudsucker Proxy,1994,tt0110074,FRESH,61
Darren Franich,X2: X-Men United,2003,tt0290334,FRESH,85
Ryan Marker,Prisioneros de la tierra,1939,tt0176049,NO_RT_DATA,
Bryan Cogman,Endless Night,1972,tt0067052,ROTTEN (TV_API),38
Ryan Marker,Fahrenheit 451,1966,tt0060390,FRESH,82
Bryan Cogman,The Magnificent Ambersons,1942,tt0035015,FRESH,89
Clay Keller,Thor: The Dark World,2013,tt1981115,FRESH,67
Bryan Cogman,The Bad News Bears,1976,tt0074174,FRESH,90
Clay Keller,Powder Keg,2001,tt0285930,NO_RT_DATA,
Ryan Marker,I'm Not There,2007,tt0368794,FRESH,76
Ryan Marker,The Big Lebowski,1998,tt0118715,FRESH,79
Drea Clark,The Big Lebowski,1998,tt0118715,FRESH,79
Ryan Marker,Time,2020,tt11416746,FRESH,98
Drea Clark,The Assistant,2019,tt9000224,FRESH,93
Clay Keller,Isle of Dogs,2018,tt5104604,FRESH,90
Billy Ray Brewton,Amazon Women on the Moon,1987,tt0092546,FRESH,65
Graham Skipper,The Texas Chainsaw Massacre: The Beginning,2006,tt0420294,ROTTEN,16
Clay Keller,X-Men: Dark Phoenix,2019,tt6565702,ROTTEN,22
Ryan Marker,Eighth Grade,2018,tt7014006,FRESH,99
Ryan Marker,Eighth Grade,2018,tt7014006,FRESH,99
Darren Franich,Fast Five,2011,tt1596343,FRESH,77
Bryan Cogman,French Connection II,1975,tt0073018,FRESH,83
Graham Skipper,Sunshine,2007,tt0448134,FRESH,77
Billy Ray Brewton,Sphere,1998,tt0120184,ROTTEN,12
Graham Skipper,Throne of Blood,1957,tt0050613,FRESH,96
Graham Skipper,Candyman,1992,tt0103919,FRESH,79
Graham Skipper,"Godzilla, Mothra and King Ghidorah: Giant Monsters All-Out Attack",2001,tt0279112,FRESH,65
Billy Ray Brewton,The Boys in Company C,1978,tt0077270,FRESH (TV_API),77
Clay Keller,The Last Metro,1980,tt0080610,FRESH,86
Clay Keller,Iron Man 2,2010,tt1228705,FRESH,72
Bryan Cogman,Bram Stoker's Dracula,1992,tt0103874,FRESH,69
Bryan Cogman,The Story of Robin Hood and His Merrie Men,1952,tt0045197,FRESH (TV_API),65
Clay Keller,Crash,1996,tt0115964,FRESH,66
Graham Skipper,Christmas Evil,1980,tt0081793,ROTTEN,57
Clay Keller,Desperately Seeking Susan,1985,tt0089017,FRESH,86
Ryan Marker,High Life,2018,tt4827558,FRESH,83
Clay Keller,Certain Women,2016,tt4468634,FRESH,92
Billy Ray Brewton,Meek's Cutoff,2010,tt1518812,FRESH,86
Billy Ray Brewton,The Big Country,1958,tt0051411,FRESH,100
Graham Skipper,Phantasm,1979,tt0079714,FRESH,72
Clay Keller,The Grand Budapest Hotel,2014,tt2278388,FRESH,92
Oriana Nudo,The Color of Money,1986,tt0090863,FRESH,87
Billy Ray Brewton,The Carey Treatment,1972,tt0068337,FRESH,60
Billy Ray Brewton,Waves,2019,tt8652728,FRESH,84
Ryan Marker,"O Brother, Where Art Thou?",2000,tt0190590,FRESH,78
Clay Keller,"O Brother, Where Art Thou?",2000,tt0190590,FRESH,78
Graham Skipper,Tromeo and Juliet,1996,tt0114733,FRESH (TV_API),61
Billy Ray Brewton,Jurassic Park,1993,tt0107290,FRESH,91
Graham Skipper,Event Horizon,1997,tt0119081,ROTTEN,36
Ryan Marker,Barcelona,1994,tt0109219,FRESH,83
Bryan Cogman,The Quatermass Xperiment,1955,tt0049646,FRESH,91
Bryan Cogman,3:10 to Yuma,1957,tt0050086,FRESH,94
Darren Franich,3:10 to Yuma,1957,tt0050086,FRESH,94
Clay Keller,Adventureland,2009,tt1091722,FRESH,89
Drea Clark,After Yang,2021,tt8633464,FRESH,89
Billy Ray Brewton,After Yang,2021,tt8633464,FRESH,89
Graham Skipper,Lake Mungo,2008,tt0816556,FRESH,96
Graham Skipper,Coriolanus,2011,tt1372686,FRESH,92
Clay Keller,American Honey,2016,tt3721936,FRESH,80
Oriana Nudo,"To Sir, with Love",1967,tt0062376,FRESH,90
Graham Skipper,The Last Starfighter,1984,tt0087597,FRESH,76
Clay Keller,Spring Breakers,2012,tt2101441,FRESH,67
Darren Franich,Spring Breakers,2012,tt2101441,FRESH,67
Darren Franich,Spring Breakers,2012,tt2101441,FRESH,67
Billy Ray Brewton,Marriage Story,2019,tt7653254,FRESH,95
Bryan Cogman,52 Pick-Up,1986,tt0090567,ROTTEN,58
Billy Ray Brewton,A Nightmare on Elm Street,1984,tt0087800,FRESH,94
Graham Skipper,Robot Jox,1989,tt0102800,ROTTEN,40
Bryan Cogman,His Girl Friday,1940,tt0032599,FRESH,99
Clay Keller,Panic Room,2002,tt0258000,FRESH,76
Billy Ray Brewton,Halloween,2018,tt1502407,FRESH,79
Graham Skipper,WarGames,1983,tt0086567,FRESH,93
Graham Skipper,Titus,1999,tt0120866,FRESH,69
Billy Ray Brewton,The Hand of God,2021,tt12680684,FRESH,83
Clay Keller,A Gorgeous Girl Like Me,1972,tt0069442,FRESH (TV_API),63
Billy Ray Brewton,The Mist,2007,tt0884328,FRESH,74
Billy Ray Brewton,The Mist,2007,tt0884328,FRESH,74
Graham Skipper,Halloween II,2009,tt1311067,ROTTEN,25
Billy Ray Brewton,Bad Santa,2003,tt0307987,FRESH,78
Billy Ray Brewton,Legend,2015,tt3569230,FRESH,60
Bryan Cogman,Three Days of the Condor,1975,tt0073802,FRESH,88
Bryan Cogman,Three Days of the Condor,1975,tt0073802,FRESH,88
Graham Skipper,Hellraiser: Deader,2005,tt0337636,ROTTEN,10
Ryan Marker,Hustle,2022,tt8009428,FRESH,94
Clay Keller,The Ladykillers,2004,tt0335245,ROTTEN,54
Oriana Nudo,Now and Then,1995,tt0114011,ROTTEN,36
Billy Ray Brewton,Frailty,2001,tt0264616,FRESH,76
Darren Franich,The Idiots,1998,tt0154421,FRESH,73
Ryan Marker,The Lighthouse,2019,tt7984734,FRESH,90
Billy Ray Brewton,Misery,1990,tt0100157,FRESH,86
Darren Franich,I Live in Fear,1955,tt0048198,FRESH,73
Drea Clark,The Accidental Tourist,1988,tt0094606,FRESH,82
Bryan Cogman,Stagecoach,1986,tt0092003,ROTTEN (TV_API),42
Oriana Nudo,Mass,2021,tt11389748,FRESH,95
Bryan Cogman,The Sound of Music,1965,tt0059742,FRESH,83
Clay Keller,Miss Firecracker,1989,tt0097892,FRESH,82
Bryan Cogman,Ten Little Indians,1987,tt0092879,FRESH (TV_API),71
Graham Skipper,Predator,1960–1968,tt0093773,FRESH,65
Clay Keller,Coraline,2009,tt0327597,FRESH,91
Darren Franich,X-Men: The Last Stand,2006,tt0376994,ROTTEN,56
Ryan Marker,The Man Who Wasn't There,2001,tt0243133,FRESH,81
Billy Ray Brewton,A Midnight Clear,1992,tt0102443,FRESH,88
Oriana Nudo,Ready or Not,2019,tt7798634,FRESH,89
Billy Ray Brewton,Eaten Alive,1976,tt0074455,ROTTEN,29
Darren Franich,Avengers: Infinity War,2018,tt4154756,FRESH,85
Clay Keller,The Naked Gun,2025,tt3402138,FRESH,88
Ryan Marker,Citizen Ruth,1996,tt0115906,FRESH,81
Bryan Cogman,The Rules of the Game,1939,tt0031885,FRESH,97
Graham Skipper,A Nightmare on Elm Street,2010,tt1179056,ROTTEN,14
Billy Ray Brewton,World's Greatest Dad,2009,tt1262981,FRESH,88
Bryan Cogman,Moonraker,1979,tt0079574,ROTTEN,59
Oriana Nudo,The Apartment,1960,tt0053604,FRESH,93
Graham Skipper,Julius Caesar,1953,tt0045943,FRESH,97
Bryan Cogman,You Only Live Twice,1967,tt0062512,FRESH,73
Ryan Marker,Black Bear,2020,tt9601220,FRESH,89
Graham Skipper,Hellraiser III: Hell on Earth,1992,tt0104409,ROTTEN,39
Billy Ray Brewton,Halloween II,1981,tt0082495,ROTTEN,34
Clay Keller,Miller's Crossing,1990,tt0100150,FRESH,93
Billy Ray Brewton,Prey,2022,tt11866324,FRESH,94
Clay Keller,Clean,2021,tt10023022,ROTTEN,44
Billy Ray Brewton,Lucas,1986,tt0091445,FRESH,76
Ryan Marker,Captain America: The Winter Soldier,2014,tt1843866,FRESH,90
Ryan Marker,Superman,1978,tt0078346,FRESH,87
Ryan Marker,Superman,1978,tt0078346,FRESH,87
Bryan Cogman,Superman,1978,tt0078346,FRESH,87
Billy Ray Brewton,The History Boys,2006,tt0464049,FRESH,66
Drea Clark,Pieces of a Woman,2020,tt11161474,FRESH,76
Clay Keller,U.S. Marshals,1998,tt0120873,ROTTEN,31
Clay Keller,Blood Simple,1984,tt0086979,FRESH,94
Billy Ray Brewton,Best in Show,2000,tt0218839,FRESH,93
Ryan Marker,Best in Show,2000,tt0218839,FRESH,93
Darren Franich,The Lady from Shanghai,1947,tt0040525,FRESH,86
Bryan Cogman,I Am a Fugitive from a Chain Gang,1932,tt0023042,FRESH,96
Clay Keller,Trouble in Paradise,1932,tt0023622,FRESH,90
Billy Ray Brewton,The 'Burbs,1989,tt0096734,ROTTEN,57
Graham Skipper,Floating Weeds,1959,tt0053390,FRESH,96
Bryan Cogman,Easy Living,1949,tt0041328,ROTTEN,40
Billy Ray Brewton,The Armstrong Lie,2013,tt1638364,FRESH,82
Drea Clark,Juno,2007,tt0467406,FRESH,93
Bryan Cogman,Bottle Rocket,1996,tt0115734,FRESH,86
Bryan Cogman,Chinatown,1974,tt0071315,FRESH,98
Drea Clark,El Mariachi,1992,tt0104815,FRESH,91
Clay Keller,River of Grass,1994,tt0110998,FRESH,95
Ryan Marker,Inherent Vice,2014,tt1791528,FRESH,73
Billy Ray Brewton,True History of the Kelly Gang,2019,tt4844140,FRESH,80
Billy Ray Brewton,Westworld,1973,tt0070909,FRESH,83
Bryan Cogman,They Died with Their Boots On,1941,tt0034277,FRESH,71
Billy Ray Brewton,Paradise Lost 3: Purgatory,2011,tt2028530,FRESH,100
Ryan Marker,Heaven's Gate,1980,tt0080855,ROTTEN,57
Bryan Cogman,The Conversation,1974,tt0071360,FRESH,94
Bryan Cogman,The Conversation,1974,tt0071360,FRESH,94
Oriana Nudo,Knives Out,2019,tt8946378,FRESH,97
Billy Ray Brewton,The Thing,1982,tt0084787,FRESH,85
Graham Skipper,The Thing,1982,tt0084787,FRESH,85
Ryan Marker,The Thing,1982,tt0084787,FRESH,85
Oriana Nudo,Licorice Pizza,2021,tt11271038,FRESH,90
Clay Keller,Small Change,1976,tt0074152,FRESH,90
Ryan Marker,Happiness,1965,tt0058985,FRESH,88
Drea Clark,Maestro,2023,tt5535276,FRESH (TV_API),78
Oriana Nudo,No Time to Die,2021,tt2382320,FRESH,83
Bryan Cogman,No Time to Die,2021,tt2382320,FRESH,83
Clay Keller,Captain Marvel,2019,tt4154664,FRESH,79
Ryan Marker,Gardens of Stone,1987,tt0093073,ROTTEN,41
Darren Franich,Captain America: Civil War,2016,tt3498820,FRESH,90
Billy Ray Brewton,Hoop Dreams,1994,tt0110057,FRESH,98
Ryan Marker,Hoop Dreams,1994,tt0110057,FRESH,98
Clay Keller,Star Trek: Insurrection,1998,tt0120844,ROTTEN,54
Drea Clark,Petite Maman,2021,tt13204490,FRESH,97
Ryan Marker,Lincoln,2012,tt0443272,FRESH,90
Ryan Marker,Touchy Feely,2013,tt2364949,ROTTEN,41
Bryan Cogman,Quatermass and the Pit,1967,tt0062168,FRESH,88
Drea Clark,"Good Morning, Vietnam",1987,tt0093105,FRESH,90
Billy Ray Brewton,Open Range,2003,tt0316356,FRESH,79
Graham Skipper,Godzilla vs. Destoroyah,1995,tt0113187,FRESH,100
Graham Skipper,Godzilla vs. Destoroyah,1995,tt0113187,FRESH,100
Ryan Marker,Damage,1992,tt0104237,FRESH,80
Drea Clark,The Life Aquatic with Steve Zissou,2004,tt0362270,FRESH,73
Darren Franich,Timecode,2000,tt0220100,FRESH,69
Billy Ray Brewton,The Phoenician Scheme,2025,tt30840798,FRESH,77
Darren Franich,Yojimbo,1961,tt0055630,FRESH,96
Ryan Marker,The Ballad of Buster Scruggs,2018,tt6412452,FRESH,90
Clay Keller,The Ballad of Buster Scruggs,2018,tt6412452,FRESH,90
Darren Franich,The Ballad of Buster Scruggs,2018,tt6412452,FRESH,90
Ryan Marker,Hard to Handle: Bob Dylan in Concert,1986,tt0091172,NO_RT_DATA,
Bryan Cogman,Murder She Said,1961,tt0055205,FRESH,89
Clay Keller,The Celebration,1998,tt0154420,FRESH,91
Drea Clark,The Dark Knight Rises,2012,tt1345836,FRESH,87
Clay Keller,Vox Lux,2018,tt5960374,FRESH,62
Clay Keller,Intolerable Cruelty,2003,tt0138524,FRESH,76
Billy Ray Brewton,Pontypool,2008,tt1226681,FRESH,83
Drea Clark,Adaptation.,2002,tt0268126,FRESH,90
Drea Clark,Adaptation.,2002,tt0268126,FRESH,90
Darren Franich,F for Fake,1973,tt0072962,FRESH,88
Oriana Nudo,Double Indemnity,1944,tt0036775,FRESH,97
Graham Skipper,Bad Taste,1987,tt0092610,FRESH,73
Bryan Cogman,The Lady Eve,1941,tt0033804,FRESH,99
Clay Keller,Rushmore,1998,tt0128445,FRESH,90
Drea Clark,Rushmore,1998,tt0128445,FRESH,90
Billy Ray Brewton,Die Hard,1988,tt0095016,FRESH,94
Clay Keller,In Bruges,2008,tt0780536,FRESH,84
Ryan Marker,Escape from New York,1981,tt0082340,FRESH,71
Drea Clark,Escape from New York,1981,tt0082340,FRESH,71
Billy Ray Brewton,New Nightmare,1994,tt0111686,FRESH,78
Graham Skipper,A Midsummer Night's Dream,1999,tt0140379,FRESH (TV_API),66
Darren Franich,Drive,2011,tt0780504,FRESH,93
Darren Franich,Drive,2011,tt0780504,FRESH,93
Billy Ray Brewton,Halloween H20: 20 Years Later,1998,tt0120694,ROTTEN,54
Ryan Marker,The Farewell,2019,tt8637428,FRESH,97
Billy Ray Brewton,Faces of Death,1978,tt0077533,ROTTEN,21
Bryan Cogman,Citizen Kane,1941,tt0033467,FRESH,99
Graham Skipper,Coffee and Cigarettes,2003,tt0379217,FRESH,63
Darren Franich,Spider-Man: Homecoming,2017,tt2250912,FRESH,92
Bryan Cogman,Lethal Weapon,1987,tt0093409,FRESH,82
Clay Keller,Mamma Mia! Here We Go Again,2018,tt6911608,FRESH,80
Clay Keller,Mamma Mia! Here We Go Again,2018,tt6911608,FRESH,80
Darren Franich,X-Men: First Class,2011,tt1270798,FRESH,86
Ryan Marker,Greased Lightning,1977,tt0076106,ROTTEN (TV_API),51
Graham Skipper,Amityville 1992: It's About Time,1992,tt0103678,ROTTEN,45
Bryan Cogman,Mr. Smith Goes to Washington,1939,tt0031679,FRESH,85
Oriana Nudo,Rope,1948,tt0040746,FRESH,93
Graham Skipper,Opening Night,1977,tt0079672,FRESH,96
Ryan Marker,Punch-Drunk Love,2002,tt0272338,FRESH,79
Clay Keller,Iron Man 3,2013,tt1300854,FRESH,79
Clay Keller,John Wick,2014,tt2911666,FRESH,87
Darren Franich,Purple Rain,1984,tt0087957,FRESH,74
Billy Ray Brewton,A Mighty Wind,2003,tt0310281,FRESH,87
Darren Franich,The Paperboy,2012,tt1496422,ROTTEN,45
Ryan Marker,Black Lightning,2018,tt6045840,FRESH (TV_API),92
Clay Keller,92 in the Shade,1975,tt0072594,ROTTEN (TV_API),53
Ryan Marker,Rocky II,1979,tt0079817,FRESH,68
Billy Ray Brewton,The Princess Bride,1987,tt0093779,FRESH,93
Billy Ray Brewton,Collective,2019,tt10706602,FRESH,99
Billy Ray Brewton,Big Trouble in Little China,1986,tt0090728,FRESH,64
Graham Skipper,Stuck,2007,tt0758786,FRESH,73
Ryan Marker,The Best Man,1964,tt0057883,FRESH,100
Drea Clark,The Trouble with Harry,1955,tt0048750,FRESH,88
Clay Keller,Winter's Child,1989,tt0097278,NO_RT_DATA,
Clay Keller,Humpday,2009,tt1334537,FRESH,79
Ryan Marker,The Limey,1999,tt0165854,FRESH,92
Ryan Marker,The Limey,1999,tt0165854,FRESH,92
Drea Clark,Three Amigos!,1986,tt0092086,ROTTEN,44
Darren Franich,Raw,2016,tt4954522,FRESH,92
Clay Keller,The Souvenir: Part II,2021,tt6992978,FRESH,90
Bryan Cogman,The Palm Beach Story,1942,tt0035169,FRESH,94
Oriana Nudo,Paper Moon,1973,tt0070510,FRESH,91
Drea Clark,The Wonderful Story of Henry Sugar and Three More,2024,tt31800329,NO_RT_DATA,
Billy Ray Brewton,Platoon,1986,tt0091763,FRESH,89
Ryan Marker,Batman,1966,tt0059968,FRESH (TV_API),72
Clay Keller,Tigers Are Not Afraid,2023,tt27566554,NO_RT_DATA,
Ryan Marker,Cars 3,2017,tt3606752,FRESH,70
Darren Franich,Scream,2022,tt11245972,FRESH,76
Ryan Marker,The 400 Blows,1959,tt0053198,FRESH,99
Drea Clark,Shakespeare-Wallah,1965,tt0059709,FRESH,89
Bryan Cogman,Shakespeare-Wallah,1965,tt0059709,FRESH,89
Oriana Nudo,A Piece of the Action,1977,tt0076543,FRESH (TV_API),80
Oriana Nudo,Golden Boy,1939,tt0031377,FRESH,83
Darren Franich,The Old Man & the Gun,2018,tt2837574,FRESH,93
Bryan Cogman,Alice Doesn't Live Here Anymore,1974,tt0071115,FRESH,92
Billy Ray Brewton,Minority Report,2002,tt0181689,FRESH,89
Billy Ray Brewton,The Connection,1961,tt0054763,FRESH,95
Billy Ray Brewton,The Thing,2011,tt0905372,ROTTEN,34
Oriana Nudo,The Lady Vanishes,1938,tt0030341,FRESH,98
Drea Clark,Always,1989,tt0096794,FRESH,71
Drea Clark,Peggy Sue Got Married,1986,tt0091738,FRESH,88
Ryan Marker,Peggy Sue Got Married,1986,tt0091738,FRESH,88
Billy Ray Brewton,We Were Soldiers,2002,tt0277434,FRESH,63
Ryan Marker,Star Trek: The Motion Picture,1979,tt0079945,ROTTEN,51
Billy Ray Brewton,Kinsey,2004,tt0362269,FRESH,90
Ryan Marker,Damsels in Distress,2011,tt1667307,FRESH,75
Ryan Marker,Ghost Dog: The Way of the Samurai,1999,tt0165798,FRESH,84
Graham Skipper,King Kong,2005,tt0360717,FRESH,84
Billy Ray Brewton,Radio Flyer,1992,tt0105211,ROTTEN,35
Clay Keller,Cloverfield,2008,tt1060277,FRESH,78
Ryan Marker,Rambling Rose,1991,tt0102753,FRESH,100
Graham Skipper,Dawn of the Dead,1978,tt0077402,FRESH,92
Ryan Marker,The Story of Adele H,1975,tt0073114,FRESH,93
Oriana Nudo,The Age of Innocence,1993,tt0106226,FRESH,88
Drea Clark,Minari,2020,tt10633456,FRESH,98
Billy Ray Brewton,Rising Sun,1993,tt0107969,ROTTEN,32
Billy Ray Brewton,Blazing Saddles,1974,tt0071230,FRESH,89
Bryan Cogman,Blazing Saddles,1974,tt0071230,FRESH,89
Bryan Cogman,Indiana Jones and the Last Crusade,1989,tt0097576,FRESH,84
Billy Ray Brewton,The Faculty,1998,tt0133751,ROTTEN,57
Ryan Marker,RoboCop,1987,tt0093870,FRESH,84
Clay Keller,Paddington,2014,tt1109624,FRESH (TV_API),97
Clay Keller,Love & Friendship,2016,tt3068194,FRESH,96
Darren Franich,X-Men Origins: Wolverine,2009,tt0458525,ROTTEN,37
Billy Ray Brewton,Black Christmas,1974,tt0071222,FRESH,73
Graham Skipper,Black Christmas,1974,tt0071222,FRESH,73
Billy Ray Brewton,Black Christmas,1974,tt0071222,FRESH,73
Ryan Marker,The Story of Temple Drake,1933,tt0024617,FRESH,86
Ryan Marker,The Last Days of Disco,1998,tt0120728,FRESH,74
Darren Franich,Miami Blues,1990,tt0100143,FRESH,86
Billy Ray Brewton,Field of Dreams,1989,tt0097351,FRESH,88
Clay Keller,Demolition Man,1993,tt0106697,FRESH,67
Graham Skipper,Texas Chainsaw Massacre,2022,tt11755740,ROTTEN,31
Graham Skipper,Mission: Impossible,1996,tt0117060,FRESH,66
Billy Ray Brewton,The Exorcist III,1990,tt0099528,FRESH,60
Oriana Nudo,Before Sunrise,1995,tt0112471,FRESH,100
Drea Clark,1941,1979,tt0078723,ROTTEN,37
Graham Skipper,Dancer in the Dark,2000,tt0168629,FRESH,69
Clay Keller,The Positively True Adventures of the Alleged Texas Cheerleader-Murdering Mom,1993,tt0107861,FRESH,91
Graham Skipper,Jason Goes to Hell: The Final Friday,1993,tt0107254,ROTTEN,15
Ryan Marker,Your Sister's Sister,2011,tt1742336,FRESH,85
Ryan Marker,Aftersun,2022,tt19770238,FRESH,95
Darren Franich,Furious 7,2015,tt2820852,FRESH,81
Drea Clark,Young and Innocent,1937,tt0029811,FRESH,100
Ryan Marker,Tár,2022,tt14444726,FRESH (TV_API),91
Graham Skipper,The Texas Chainsaw Massacre 2,1986,tt0092076,ROTTEN,50
Bryan Cogman,Dumbo,2019,tt3861390,ROTTEN,46
Bryan Cogman,The Private Lives of Elizabeth and Essex,1939,tt0031826,FRESH,80
Clay Keller,Drop Dead Gorgeous,1999,tt0157503,ROTTEN,47
Bryan Cogman,Taxi Driver,1976,tt0075314,FRESH,89
Oriana Nudo,Happy Accidents,2000,tt0208196,FRESH,69
Graham Skipper,Antony and Cleopatra,1972,tt0068920,NO_RT_DATA,
Drea Clark,Bat*21,1988,tt0094712,FRESH,82
Billy Ray Brewton,Hearts of Darkness: A Filmmaker's Apocalypse,1991,tt0102015,FRESH,100
Billy Ray Brewton,Eight Men Out,1988,tt0095082,FRESH,87
Darren Franich,Star Trek III: The Search for Spock,1984,tt0088170,FRESH,78
Ryan Marker,Sunset Boulevard,1950,tt0043014,FRESH,98
Ryan Marker,The Rainmaker,1997,tt0119978,FRESH,82
Ryan Marker,Man of Steel,2013,tt0770828,ROTTEN,56
Darren Franich,Basic Instinct,1992,tt0103772,ROTTEN,56
Clay Keller,Basic Instinct,1992,tt0103772,ROTTEN,56
Graham Skipper,King Kong,1976,tt0074751,NO_RT_DATA,
Ryan Marker,The Last Black Man in San Francisco,2019,tt4353250,FRESH,93
Ryan Marker,The Last Black Man in San Francisco,2019,tt4353250,FRESH,93
Oriana Nudo,Mildred Pierce,2011,tt1492030,NO_RT_DATA,
Billy Ray Brewton,The Big Chill,1983,tt0085244,FRESH,70
Billy Ray Brewton,The Zone of Interest,2023,tt7160372,FRESH,93
Bryan Cogman,Twins of Evil,1971,tt0069427,FRESH,79
Ryan Marker,The Gift,2015,tt4178092,FRESH,91
Ryan Marker,Inside Llewyn Davis,2013,tt2042568,FRESH,92
Clay Keller,Inside Llewyn Davis,2013,tt2042568,FRESH,92
Clay Keller,The Man Who Loved Women,1977,tt0076155,FRESH,82
Drea Clark,Personal Velocity,2002,tt0295238,FRESH,69
Ryan Marker,Black Panther,2018,tt1825683,FRESH,96
Darren Franich,Black Panther,2018,tt1825683,FRESH,96
Billy Ray Brewton,Tremors II: Aftershocks,1996,tt0114720,FRESH,64
Bryan Cogman,Four's a Crowd,1938,tt0030151,ROTTEN (TV_API),57
Bryan Cogman,The King of Comedy,1982,tt0085794,FRESH,89
Darren Franich,Back to the Future Part III,1990,tt0099088,FRESH,79
Graham Skipper,The Red Shoes,1948,tt0040725,FRESH,98
Oriana Nudo,Miracle on 34th Street,1994,tt0110527,ROTTEN,59
Oriana Nudo,The Philadelphia Story,1940,tt0032904,FRESH,100
Bryan Cogman,Help!,1965,tt0059260,FRESH,86
Billy Ray Brewton,Eraserhead,1977,tt0074486,FRESH,87
Ryan Marker,The Heiress,1949,tt0041452,FRESH,100
Ryan Marker,The Prestige,2006,tt0482571,FRESH,76
Ryan Marker,Oliver!,1968,tt0063385,FRESH,90
Darren Franich,The 4th Man,1983,tt0086543,FRESH,100
Billy Ray Brewton,Extremely Loud & Incredibly Close,2011,tt0477302,ROTTEN,45
Ryan Marker,Election,1999,tt0126886,FRESH,92
Darren Franich,The Fall,2006,tt0460791,FRESH,64
Oriana Nudo,Singin' in the Rain,1952,tt0045152,FRESH,100
Clay Keller,American Psycho,2000,tt0144084,FRESH,69
Billy Ray Brewton,Bubba Ho-Tep,2002,tt0281686,FRESH,78
Billy Ray Brewton,Friday the 13th: The Final Chapter,1984,tt0087298,ROTTEN,25
Ryan Marker,Professor Marston & the Wonder Women,2017,tt6133130,FRESH,87
Clay Keller,REC,2007,tt1038988,FRESH,90
Darren Franich,REC,2007,tt1038988,FRESH,90
Bryan Cogman,Macbeth,1971,tt0067372,FRESH,78
Ryan Marker,McCabe & Mrs. Miller,1971,tt0067411,FRESH,85
Clay Keller,"Late August, Early September",1998,tt0167925,FRESH,79
Clay Keller,Runaway,1984,tt0088024,ROTTEN,48
Bryan Cogman,Invasion of the Body Snatchers,1978,tt0077745,FRESH,93
Graham Skipper,The Wonderful Ice Cream Suit,1998,tt0129634,FRESH,80
Clay Keller,Mission: Impossible II,2000,tt0120755,ROTTEN (TV_API),58
Drea Clark,Howards End,1992,tt0104454,FRESH,94
Darren Franich,Dawn of the Planet of the Apes,2014,tt2103281,FRESH,91
Ryan Marker,Dr. Jekyll and Mr. Hyde,1931,tt0022835,FRESH,91
Billy Ray Brewton,The Grey Fox,1982,tt0085622,FRESH,100
Oriana Nudo,Two for the Road,1967,tt0062407,FRESH,82
Oriana Nudo,Bonjour Tristesse,1958,tt0051429,FRESH,84
Darren Franich,Barry Lyndon,1975,tt0072684,FRESH,78
Bryan Cogman,All Night Long,1962,tt0054614,FRESH (TV_API),70
Bryan Cogman,A Hard Day's Night,1964,tt0058182,FRESH,98
Bryan Cogman,A Hard Day's Night,1964,tt0058182,FRESH,98
Darren Franich,Ocean's Eleven,2001,tt0240772,FRESH,83
Darren Franich,Deadpool,2016,tt1431045,FRESH,85
Ryan Marker,Snowpiercer,2013,tt1706620,FRESH,94
Drea Clark,"Quo Vadis, Aida?",2020,tt8633462,FRESH,100
Billy Ray Brewton,Nomadland,2020,tt9770150,FRESH,93
Clay Keller,Logan,2017,tt3315342,FRESH,93
Ryan Marker,Bed & Board,1970,tt0065651,FRESH,75
Bryan Cogman,Almost Famous,2000,tt0181875,FRESH,91
Clay Keller,Men in Black,1997,tt0119654,FRESH,91
Ryan Marker,Men in Black,1997,tt0119654,FRESH,91
Clay Keller,Men in Black,1997,tt0119654,FRESH,91
Clay Keller,Bad Influence,1990,tt0099091,FRESH,68
Darren Franich,The BFG,2016,tt3691740,FRESH,74
Billy Ray Brewton,Tremors: Shrieker Island,2020,tt8322060,ROTTEN,50
Darren Franich,Captain America: The First Avenger,2011,tt0458339,FRESH,80
Ryan Marker,Burn After Reading,2008,tt0887883,FRESH,78
Billy Ray Brewton,Young@Heart,2007,tt1047007,FRESH,90
Bryan Cogman,Annie Hall,1977,tt0075686,FRESH,97
Darren Franich,Dodes'ka-den,1970,tt0065649,FRESH,73
Graham Skipper,Rare Exports,2010,tt1401143,FRESH,89
Bryan Cogman,Witness for the Prosecution,1957,tt0051201,FRESH,100
Oriana Nudo,Witness for the Prosecution,1957,tt0051201,FRESH,100
Billy Ray Brewton,Born on the Fourth of July,1989,tt0096969,FRESH,84
Bryan Cogman,Hamlet,1948,tt0040416,FRESH,96
Clay Keller,Speak,2004,tt0378793,FRESH,80
Darren Franich,The Machinist,2004,tt0361862,FRESH,77
Bryan Cogman,Ran,1985,tt0089881,FRESH,96
Billy Ray Brewton,Prayer of the Rollerboys,1990,tt0102703,FRESH (TV_API),65
Ryan Marker,Schizopolis,1996,tt0117561,FRESH,70
Clay Keller,Twister,1996,tt0117998,FRESH,68
Clay Keller,Beat the Devil,2002,tt0338768,NO_RT_DATA,
Clay Keller,The Report,2019,tt8236336,FRESH,83
Bryan Cogman,Harper,1966,tt0060490,FRESH,95
Ryan Marker,Beyond Therapy,1987,tt0092646,ROTTEN,17
Clay Keller,The Night House,2020,tt9731534,FRESH,81
Clay Keller,About Time,2013,tt2194499,FRESH,70
Bryan Cogman,Mission: Impossible - Ghost Protocol,2011,tt1229238,FRESH,93
Bryan Cogman,Hombre,1967,tt0061770,FRESH,94
Graham Skipper,They Live,1988,tt0096256,FRESH,86
Darren Franich,Tricked,2012,tt2171875,ROTTEN,38
Oriana Nudo,Session 9,2001,tt0261983,FRESH,68
Ryan Marker,Wendy and Lucy,2008,tt1152850,FRESH,85
Oriana Nudo,The Heartbreak Kid,1972,tt0068687,FRESH,92
Ryan Marker,Carlos,2010,tt1321865,FRESH (TV_API),93
Clay Keller,Body Heat,1981,tt0082089,FRESH,96
Clay Keller,Body Heat,1981,tt0082089,FRESH,96
Billy Ray Brewton,Pelle the Conqueror,1987,tt0093713,FRESH,84
Darren Franich,Destry Rides Again,1939,tt0031225,FRESH,96
Clay Keller,The End of the Tour,2015,tt3416744,FRESH,92
Clay Keller,Summer Hours,2008,tt0836700,FRESH,94
Clay Keller,Summer Hours,2008,tt0836700,FRESH,94
Clay Keller,The Stranger's Return,1933,tt0024620,ROTTEN (TV_API),57
Clay Keller,Paddington 2,2017,tt4468740,FRESH,99
Clay Keller,Star Trek: First Contact,1996,tt0117731,FRESH,93
Darren Franich,Star Trek: First Contact,1996,tt0117731,FRESH,93
Billy Ray Brewton,Star Trek: First Contact,1996,tt0117731,FRESH,93
Oriana Nudo,Lost in Translation,2003,tt0335266,FRESH,95
Bryan Cogman,The Green Knight,2021,tt9243804,FRESH,88
Drea Clark,The Terminal,2004,tt0362227,FRESH,61
Graham Skipper,Krampus,2015,tt3850590,FRESH,67
Darren Franich,Elle,2016,tt3716530,FRESH,91
Clay Keller,Final Destination: Bloodlines,2025,tt9619824,FRESH,92
Drea Clark,A League of Their Own,1992,tt0104694,FRESH,82
Drea Clark,Pig,2021,tt11003218,FRESH,97
Bryan Cogman,Topsy-Turvy,1999,tt0151568,FRESH,90
Oriana Nudo,Fractured,2019,tt4332232,ROTTEN,56
Billy Ray Brewton,Metallica: Some Kind of Monster,2004,tt0387412,FRESH,88
Bryan Cogman,Sleeping Beauty,2011,tt1588398,ROTTEN,48
Ryan Marker,Night Moves,2013,tt2043933,FRESH,86
Bryan Cogman,The Muppet Christmas Carol,1992,tt0104940,FRESH,78
Graham Skipper,The Adventures of Ichabod and Mr. Toad,1949,tt0041094,FRESH,89
Darren Franich,Eyes Wide Shut,1999,tt0120663,FRESH,77
Darren Franich,The Great Silence,1968,tt0063032,FRESH,100
Billy Ray Brewton,Needful Things,1993,tt0107665,ROTTEN,33
Ryan Marker,American Graffiti,1973,tt0069704,FRESH,95
Bryan Cogman,American Graffiti,1973,tt0069704,FRESH,95
Ryan Marker,David Byrne's American Utopia,2020,tt11874226,FRESH,97
Drea Clark,Moonrise Kingdom,2012,tt1748122,FRESH,93
Bryan Cogman,Moonrise Kingdom,2012,tt1748122,FRESH,93
Clay Keller,Slow West,2015,tt3205376,FRESH,92
Drea Clark,Slow West,2015,tt3205376,FRESH,92
Darren Franich,The Naked Spur,1953,tt0044953,FRESH,100
Graham Skipper,Oldboy,2003,tt0364569,FRESH,82
Clay Keller,Notting Hill,1999,tt0125439,FRESH,84
Clay Keller,28 Years Later,2025,tt10548174,FRESH,88
Ryan Marker,Close Encounters of the Third Kind,1977,tt0075860,FRESH,91
Ryan Marker,Brewster McCloud,1970,tt0065492,FRESH,87
Ryan Marker,Charlie Wilson's War,2007,tt0472062,FRESH,82
Bryan Cogman,Touch of Evil,1958,tt0052311,FRESH,96
Ryan Marker,That Cold Day in the Park,1969,tt0065086,ROTTEN,50
Clay Keller,Back to the Future Part II,1989,tt0096874,FRESH,63
Ryan Marker,Back to the Future Part II,1989,tt0096874,FRESH,63
Clay Keller,The French Dispatch,2021,tt8847712,FRESH,75
Billy Ray Brewton,Dick Johnson Is Dead,2020,tt11394180,FRESH,99
Billy Ray Brewton,Tuesday,2023,tt14682800,FRESH,76
Graham Skipper,Star Wars: Episode V - The Empire Strikes Back,1980,tt0080684,FRESH,93
Clay Keller,True Grit,2010,tt1403865,FRESH,95
Clay Keller,True Grit,2010,tt1403865,FRESH,95
Ryan Marker,True Grit,2010,tt1403865,FRESH,95
Oriana Nudo,What a Way to Go!,1964,tt0058743,ROTTEN,31
Billy Ray Brewton,The Eight Mountains,2022,tt14641542,FRESH,91
Billy Ray Brewton,I Declare War,2012,tt2133239,FRESH,71
Clay Keller,Doctor Sleep,2019,tt5606664,FRESH,79
Darren Franich,Wild Things,1998,tt0120890,FRESH,65
Graham Skipper,Rounders,1998,tt0128442,FRESH,63
Bryan Cogman,Marathon Man,1976,tt0074860,FRESH,82
Ryan Marker,Quintet,1979,tt0079770,ROTTEN,27
Clay Keller,Young Adult,2011,tt1625346,FRESH,80
Clay Keller,Sea of Love,1989,tt0098273,FRESH,76
Graham Skipper,Creature from the Black Lagoon,1954,tt0046876,FRESH,81
Ryan Marker,Ace in the Hole,1951,tt0043338,FRESH,88
Bryan Cogman,The Rain People,1969,tt0064873,FRESH,88
Billy Ray Brewton,Quiz Show,1994,tt0110932,FRESH,97
Graham Skipper,Transsiberian,2008,tt0800241,FRESH,91
Darren Franich,Starship Troopers,1997,tt0120201,FRESH,72
Graham Skipper,The Monster Squad,1987,tt0093560,ROTTEN,53
Billy Ray Brewton,Dirty Dancing,1987,tt0092890,FRESH,73
Graham Skipper,"Honey, I Shrunk the Kids",1989,tt0097523,FRESH,76
Ryan Marker,October Sky,1999,tt0132477,FRESH,90
Ryan Marker,Harry and the Hendersons,1987,tt0093148,ROTTEN,50
Drea Clark,The Lost Daughter,2021,tt9100054,FRESH,94
Ryan Marker,Three Identical Strangers,2018,tt7664504,FRESH,96
Drea Clark,Away from Her,2006,tt0491747,FRESH,94
Billy Ray Brewton,The Town That Dreaded Sundown,2014,tt2561546,FRESH,66
Clay Keller,Breakdown,1997,tt0118771,FRESH,83
Billy Ray Brewton,Mission: Impossible - Fallout,2018,tt4912910,FRESH,98
Ryan Marker,Mission: Impossible - Fallout,2018,tt4912910,FRESH,98
Ryan Marker,X-Men,2000,tt0120903,FRESH,82
Oriana Nudo,Dark Passage,1947,tt0039302,FRESH,90
Darren Franich,The Hateful Eight,2015,tt3460252,FRESH,74
Billy Ray Brewton,Carrie,1976,tt0074285,FRESH,94
Drea Clark,Three Colors: Red,1994,tt0111495,FRESH,100
Oriana Nudo,Three Colors: Red,1994,tt0111495,FRESH,100
Billy Ray Brewton,The Goonies,1985,tt0089218,FRESH,77
Billy Ray Brewton,The Goonies,1985,tt0089218,FRESH,77
Darren Franich,San Andreas,2015,tt2126355,ROTTEN,48
Oriana Nudo,Only Angels Have Wings,1939,tt0031762,FRESH,100
Billy Ray Brewton,The Last Exorcism,2010,tt1320244,FRESH,71
Billy Ray Brewton,Signs,2002,tt0286106,FRESH,76
Billy Ray Brewton,Fantastic Mr. Fox,2009,tt0432283,FRESH,93
Ryan Marker,The Banshees of Inisherin,2022,tt11813216,FRESH,96
Ryan Marker,The Banshees of Inisherin,2022,tt11813216,FRESH,96
Clay Keller,Letters from Iwo Jima,2006,tt0498380,FRESH,91
Ryan Marker,Letters from Iwo Jima,2006,tt0498380,FRESH,91
Ryan Marker,Wildlife,2018,tt5929754,FRESH,94
Ryan Marker,Star Trek II: The Wrath of Khan,1982,tt0084726,FRESH,87
Drea Clark,Moonstruck,1987,tt0093565,FRESH,90
Clay Keller,Us,2019,tt6857112,FRESH,93
Clay Keller,Us,2019,tt6857112,FRESH,93
Billy Ray Brewton,Us,2019,tt6857112,FRESH,93
Oriana Nudo,Killers of the Flower Moon,2023,tt5537002,FRESH,93
Ryan Marker,Rocky IV,1985,tt0089927,ROTTEN,38
Graham Skipper,The Omen,1976,tt0075005,FRESH,76
Billy Ray Brewton,The Omen,1976,tt0075005,FRESH,76
Ryan Marker,Eternal Sunshine of the Spotless Mind,2004,tt0338013,FRESH,93
Ryan Marker,Felicia's Journey,1999,tt0165773,FRESH,88
Drea Clark,Sweet Land,2005,tt0428038,FRESH,85
Ryan Marker,The Other Side of the Mirror: Bob Dylan at the Newport Folk Festival,2007,tt1134837,FRESH (TV_API),100
Drea Clark,Decision to Leave,2022,tt12477480,FRESH,94
Clay Keller,Christine,2016,tt4666726,FRESH,88
Billy Ray Brewton,Butch Cassidy and the Sundance Kid,1969,tt0064115,FRESH,89
Clay Keller,Personal Shopper,2016,tt4714782,FRESH,81
Clay Keller,Personal Shopper,2016,tt4714782,FRESH,81
Ryan Marker,Personal Shopper,2016,tt4714782,FRESH,81
Oriana Nudo,Dolemite Is My Name,2019,tt8526872,FRESH,97
Oriana Nudo,The Lost Man,1969,tt0064602,ROTTEN (TV_API),56
Ryan Marker,Mulholland Drive,2001,tt0166924,FRESH,83
Clay Keller,China Moon,1994,tt0109417,ROTTEN,40
Billy Ray Brewton,Critical Thinking,2020,tt7870102,FRESH,97
Drea Clark,Women Talking,2022,tt13669038,FRESH,90
Graham Skipper,Romeo + Juliet,1996,tt0117509,FRESH,75
Clay Keller,Back to the Future,1985,tt0088763,FRESH,93
Ryan Marker,Back to the Future,1985,tt0088763,FRESH,93
Darren Franich,The Avengers,2012,tt0848228,FRESH,91
Graham Skipper,Sleepaway Camp,1983,tt0086320,FRESH,82
Oriana Nudo,Bringing Up Baby,1938,tt0029947,FRESH,97
Bryan Cogman,Mary Poppins,1964,tt0058331,FRESH,95
Darren Franich,The Call,2013,tt1911644,ROTTEN,44
Ryan Marker,Rocky Balboa,2006,tt0479143,FRESH,78
Bryan Cogman,Assassins,1995,tt0112401,ROTTEN,18
Billy Ray Brewton,Coma,1978,tt0077355,FRESH,81
Graham Skipper,King Kong vs. Godzilla,1963,tt0056142,ROTTEN,52
Clay Keller,The Souvenir,2019,tt6920356,FRESH,90
Ryan Marker,Creed II,2018,tt6343314,FRESH,83
Darren Franich,Django,1966,tt0060315,FRESH,94
Oriana Nudo,We're No Angels,1989,tt0098625,ROTTEN,48
Ryan Marker,HealtH,1980,tt0079256,ROTTEN (TV_API),31
Billy Ray Brewton,A Poem Is a Naked Person,1974,tt0424359,FRESH,88
Clay Keller,Metropolitan,1989,tt0100142,FRESH,94
Billy Ray Brewton,Monty Python's Life of Brian,1979,tt0079470,FRESH,96
Ryan Marker,"One Sings, the Other Doesn't",1977,tt0076855,FRESH,65
Clay Keller,Booksmart,2019,tt1489887,FRESH,96
Drea Clark,Booksmart,2019,tt1489887,FRESH,96
Billy Ray Brewton,Blow the Man Down,2019,tt8299768,FRESH,99
Graham Skipper,Night of the Living Dead,1968,tt0063350,FRESH,95
Drea Clark,The Lost World: Jurassic Park,1997,tt0119567,ROTTEN,57
Clay Keller,The Lost World: Jurassic Park,1997,tt0119567,ROTTEN,57
Drea Clark,Cloud Atlas,2012,tt1371111,FRESH,65
Clay Keller,Memento,2000,tt0209144,FRESH,94
Ryan Marker,Cocoon,1985,tt0088933,FRESH,82
Clay Keller,Avengers: Endgame,2019,tt4154796,FRESH,94
Graham Skipper,Gremlins,1984,tt0087363,FRESH,86
Clay Keller,The Matrix,1999,tt0133093,FRESH,83
Billy Ray Brewton,Superman II,1980,tt0081573,FRESH,88
Ryan Marker,Disorder,2015,tt4085084,FRESH,73
Clay Keller,"Are You There God? It's Me, Margaret.",2023,tt9185206,FRESH,99
Ryan Marker,"Buffalo Bill and the Indians, or Sitting Bull's History Lesson",1976,tt0074254,FRESH,61
Ryan Marker,Looper,2012,tt1276104,FRESH,93
Clay Keller,Star Trek IV: The Voyage Home,1986,tt0092007,FRESH,81
Darren Franich,Star Trek IV: The Voyage Home,1986,tt0092007,FRESH,81
Ryan Marker,The Private Life of Sherlock Holmes,1970,tt0066249,FRESH,87
Ryan Marker,Magnolia,1999,tt0175880,FRESH,82
Graham Skipper,Aniara,2018,tt7589524,FRESH,70
Oriana Nudo,Imitation of Life,1959,tt0052918,FRESH,82
Oriana Nudo,Imitation of Life,1959,tt0052918,FRESH,82
Darren Franich,The House of Mirth,2000,tt0200720,FRESH,82
Clay Keller,Timeline,2003,tt0300556,ROTTEN,13
Ryan Marker,Miss Julie,2014,tt2667960,ROTTEN,54
Ryan Marker,Popeye,1980,tt0081353,FRESH,60
Ryan Marker,Two English Girls,1971,tt0066989,FRESH,89
Darren Franich,Michael Clayton,2007,tt0465538,FRESH,90
Graham Skipper,Freddy's Dead: The Final Nightmare,1991,tt0101917,ROTTEN,23
Darren Franich,"The Good, the Bad and the Ugly",1966,tt0060196,FRESH,97
Darren Franich,"The Good, the Bad and the Ugly",1966,tt0060196,FRESH,97
Billy Ray Brewton,"Oh, What a Night",1992,tt0105048,ROTTEN (TV_API),43
Clay Keller,Fargo,1996,tt0116282,FRESH,95
Drea Clark,Fargo,1996,tt0116282,FRESH,95
Oriana Nudo,West Side Story,1961,tt0055614,FRESH,92
Ryan Marker,West Side Story,1961,tt0055614,FRESH,92
Billy Ray Brewton,Winchester '73,1950,tt0043137,FRESH,100
Darren Franich,The Shining,1980,tt0081505,FRESH,84
Clay Keller,Cliffhanger,1993,tt0106582,FRESH,67
Darren Franich,A Separation,2011,tt1832382,FRESH,99
Billy Ray Brewton,Paranormal Activity,2007,tt1179904,FRESH,82
Billy Ray Brewton,Paranormal Activity,2007,tt1179904,FRESH,82
Drea Clark,A Simple Plan,1998,tt0120324,FRESH,91
Clay Keller,The Escape,2016,tt6078822,NO_RT_DATA,
Billy Ray Brewton,Labyrinth,1986,tt0091369,FRESH,64
Darren Franich,Mandy,2018,tt6998518,FRESH,91
Graham Skipper,Jason X,2001,tt0211443,ROTTEN,20
Drea Clark,Mission: Impossible - The Final Reckoning,2025,tt9603208,FRESH,80
Ryan Marker,One-Eyed Jacks,1961,tt0055257,FRESH,67
Graham Skipper,Romeo and Juliet,1968,tt0063518,FRESH,95
Oriana Nudo,My Man Godfrey,1936,tt0028010,FRESH,97
Oriana Nudo,The Out of Towners,1970,tt0066193,FRESH,63
Billy Ray Brewton,Serial Mom,1994,tt0111127,FRESH,62
Graham Skipper,Leatherface: Texas Chainsaw Massacre III,1990,tt0099994,ROTTEN,13
Drea Clark,The Long Kiss Goodnight,1996,tt0116908,FRESH,67
Oriana Nudo,Somewhere,2010,tt1421051,FRESH,71
Billy Ray Brewton,Black Dynamite,2009,tt1190536,FRESH,83
Darren Franich,Bubble,2005,tt0454792,FRESH (TV_API),72
Oriana Nudo,The Hustler,1961,tt0054997,FRESH,94
Clay Keller,"Hail, Caesar!",2016,tt0475290,FRESH,86
Billy Ray Brewton,Paranormal Activity 3,2011,tt1778304,FRESH,68
Billy Ray Brewton,The Wild and Wonderful Whites of West Virginia,2009,tt1396227,ROTTEN,56
Ryan Marker,Fool for Love,1985,tt0089160,FRESH,79
Ryan Marker,Barton Fink,1991,tt0101410,FRESH,90
Graham Skipper,Monty Python's the Meaning of Life,1983,tt0085959,FRESH,86
Billy Ray Brewton,Saving Private Ryan,1998,tt0120815,FRESH,94
Clay Keller,Confidentially Yours,1983,tt0086551,FRESH,78
Ryan Marker,Pat Garrett & Billy the Kid,1973,tt0070518,FRESH,60
Clay Keller,A Boy and His Dog,1975,tt0072730,FRESH,78
Ryan Marker,A Boy and His Dog,1975,tt0072730,FRESH,78
Bryan Cogman,How to Succeed in Business Without Really Trying,1967,tt0061791,FRESH,92
Bryan Cogman,Clear and Present Danger,1994,tt0109444,FRESH,81
Ryan Marker,First Cow,2019,tt9231040,FRESH,96
Darren Franich,First Cow,2019,tt9231040,FRESH,96
Ryan Marker,Daredevil,2015,tt3322312,FRESH (TV_API),92
Graham Skipper,Jackass: The Movie,2002,tt0322802,ROTTEN,49
Drea Clark,Shiva Baby,2020,tt11317142,FRESH,96
Clay Keller,Apollo 11,2019,tt8760684,FRESH,99
Billy Ray Brewton,Apollo 11,2019,tt8760684,FRESH,99
Darren Franich,I Walked with a Zombie,1943,tt0036027,FRESH,85
Billy Ray Brewton,Koyaanisqatsi,1982,tt0085809,FRESH,91
Billy Ray Brewton,Evolution,2001,tt0251075,ROTTEN,44
Oriana Nudo,Lilies of the Field,1963,tt0057251,FRESH,92
Billy Ray Brewton,Exorcist: The Beginning,2004,tt0204313,ROTTEN,10
Darren Franich,The Shadow,1994,tt0111143,ROTTEN,38
Billy Ray Brewton,Ulzana's Raid,1972,tt0069436,FRESH,90
Billy Ray Brewton,The Natural,1984,tt0087781,FRESH,83
Clay Keller,Guardians of the Galaxy Vol. 2,2017,tt3896198,FRESH,85
Billy Ray Brewton,Martyrs,2008,tt1029234,FRESH,66
Clay Keller,The Money Pit,1986,tt0091541,ROTTEN,52
Ryan Marker,The Money Pit,1986,tt0091541,ROTTEN,52
Ryan Marker,Kimi,2022,tt14128670,FRESH,92
Ryan Marker,The Night of the Hunter,1955,tt0048424,FRESH,93
Ryan Marker,Another Round,2020,tt10288566,FRESH,93
Darren Franich,First Reformed,2017,tt6053438,FRESH,94
Graham Skipper,Halloween,1978,tt0077651,FRESH,97
Billy Ray Brewton,Halloween,1978,tt0077651,FRESH,97
Billy Ray Brewton,The Ox-Bow Incident,1942,tt0036244,FRESH,90
Ryan Marker,Batman Returns,1992,tt0103776,FRESH,81
Graham Skipper,Batman Returns,1992,tt0103776,FRESH,81
Clay Keller,Timecrimes,2007,tt0480669,FRESH,90
Drea Clark,A Soldier's Daughter Never Cries,1998,tt0120835,FRESH,80
Bryan Cogman,The Parallax View,1974,tt0071970,FRESH,87
Clay Keller,The Terminal Man,1974,tt0072267,ROTTEN,50
Graham Skipper,The Lion King,1994,tt0110357,FRESH,92
Bryan Cogman,The Lion King,1994,tt0110357,FRESH,92
Darren Franich,North Country,2005,tt0395972,FRESH,70
Bryan Cogman,Richard III,1995,tt0114279,FRESH,96
Bryan Cogman,Hamlet,1996,tt0116477,FRESH,95
Billy Ray Brewton,"tick, tick... BOOM!",2021,tt8721424,FRESH,87
Darren Franich,Twin Peaks: Fire Walk with Me,1992,tt0105665,FRESH,66
Graham Skipper,Twin Peaks: Fire Walk with Me,1992,tt0105665,FRESH,66
Ryan Marker,Certified Copy,2010,tt1020773,FRESH,89
Drea Clark,Four Weddings and a Funeral,1994,tt0109831,FRESH,92
Ryan Marker,A Star Is Born,2018,tt1517451,FRESH,90
Bryan Cogman,Santa Fe Trail,1940,tt0033021,ROTTEN,56
Bryan Cogman,The Hunchback of Notre Dame,1939,tt0031455,FRESH,93
Ryan Marker,Mishima: A Life in Four Chapters,1985,tt0089603,FRESH,79
Ryan Marker,All About My Mother,1999,tt0185125,FRESH,98
Drea Clark,The Assassination of Jesse James by the Coward Robert Ford,2007,tt0443680,FRESH,76
Drea Clark,The Assassination of Jesse James by the Coward Robert Ford,2007,tt0443680,FRESH,76
Bryan Cogman,No Country for Old Men,2007,tt0477348,FRESH,93
Clay Keller,No Country for Old Men,2007,tt0477348,FRESH,93
Clay Keller,The Blair Witch Project,1999,tt0185937,FRESH,86
Clay Keller,The Blair Witch Project,1999,tt0185937,FRESH,86
Darren Franich,"Crouching Tiger, Hidden Dragon",2000,tt0190332,FRESH,96
Graham Skipper,I'm Still Here,2010,tt1356864,ROTTEN,53
Ryan Marker,Les Destinées,2000,tt0216689,FRESH,61
Billy Ray Brewton,Real Life,1979,tt0079781,FRESH,84
Oriana Nudo,Real Life,1979,tt0079781,FRESH,84
Billy Ray Brewton,House,1977,tt0076162,FRESH,90
Darren Franich,The Crow,1994,tt0109506,FRESH,88
Billy Ray Brewton,May December,2023,tt13651794,FRESH,91
Ryan Marker,Doom Patrol,2019,tt8416494,FRESH (TV_API),98
Oriana Nudo,The Wizard of Oz,1939,tt0032138,FRESH,98
Drea Clark,The Ballad of Wallis Island,2025,tt27674982,FRESH,97
Drea Clark,Train Dreams,2025,tt29768334,FRESH,93
Drea Clark,Sentimental Value,2025,tt27714581,FRESH,95
Bryan Cogman,Spectre,2015,tt2379713,FRESH,63
Drea Clark,3:10 to Yuma,2007,tt0381849,FRESH,89
Ryan Marker,Zack Snyder's Justice League,2021,tt12361974,FRESH,71
Drea Clark,Monty Python and the Holy Grail,1975,tt0071853,FRESH,92
Darren Franich,The Royal Tenenbaums,2001,tt0265666,FRESH,81
Bryan Cogman,The Royal Tenenbaums,2001,tt0265666,FRESH,81
Clay Keller,The Royal Tenenbaums,2001,tt0265666,FRESH,81
Bryan Cogman,The Virgin Spring,1960,tt0053976,FRESH,88
Darren Franich,The Iron Giant,1999,tt0129167,FRESH,96
Bryan Cogman,Swiss Family Robinson,1960,tt0054357,FRESH,81
Bryan Cogman,The Talented Mr. Ripley,1999,tt0134119,FRESH,85
Clay Keller,The Talented Mr. Ripley,1999,tt0134119,FRESH,85
Oriana Nudo,The Maltese Falcon,1941,tt0033870,FRESH,99
Ryan Marker,Avengers: Age of Ultron,2015,tt2395427,FRESH,75
Ryan Marker,Doctor Strange,2016,tt1211837,FRESH,89
Billy Ray Brewton,I Saw the TV Glow,2024,tt15574270,FRESH,85
Bryan Cogman,"4 Months, 3 Weeks and 2 Days",2007,tt1032846,FRESH,96
Oriana Nudo,Love in the Afternoon,1957,tt0050658,FRESH,79
Drea Clark,After Hours,1985,tt0088680,FRESH,90
Graham Skipper,Phantom of the Paradise,1974,tt0071994,FRESH,83
Ryan Marker,The New World,2005,tt0402399,FRESH,63
Graham Skipper,Little Shop of Horrors,1986,tt0091419,FRESH,91
Drea Clark,Hamnet,2025,tt14905854,FRESH,87
Graham Skipper,E.T. the Extra-Terrestrial,1982,tt0083866,FRESH,99
Ryan Marker,Moonlight,2016,tt4975722,FRESH,98
Bryan Cogman,There Will Be Blood,2007,tt0469494,FRESH,91
Bryan Cogman,GoldenEye,1995,tt0113189,FRESH,81
Billy Ray Brewton,Willard,2003,tt0310357,FRESH,64
Ryan Marker,Homeward Bound: The Incredible Journey,1993,tt0107131,FRESH,87
Oriana Nudo,North by Northwest,1959,tt0053125,FRESH,97
Drea Clark,North by Northwest,1959,tt0053125,FRESH,97
Graham Skipper,Searching for Bobby Fischer,1993,tt0108065,FRESH,98
Oriana Nudo,Gone with the Wind,1939,tt0031381,FRESH,90
Ryan Marker,The Spy Who Came in from the Cold,1965,tt0059749,FRESH,86
Bryan Cogman,Henry V,1944,tt0036910,FRESH,100
Bryan Cogman,Knights of the Round Table,1953,tt0045966,ROTTEN,50
Clay Keller,Barbary Coast,1935,tt0026097,FRESH,92
Bryan Cogman,A Christmas Carol,1951,tt0044008,FRESH,86
Billy Ray Brewton,Alien,1979,tt0078748,FRESH,93
Ryan Marker,Trances,1981,tt0406280,NO_RT_DATA,
Drea Clark,The Bostonians,1984,tt0086992,FRESH,81
Billy Ray Brewton,Pain and Glory,2019,tt8291806,FRESH,96
Billy Ray Brewton,Hero,2002,tt0299977,FRESH (TV_API),94
Graham Skipper,Man Bites Dog,1992,tt0103905,FRESH,68
Bryan Cogman,One Hundred and One Dalmatians,1961,tt0055254,FRESH,98
Bryan Cogman,The Public Enemy,1931,tt0022286,FRESH,100
Billy Ray Brewton,Sound of Metal,2019,tt5363618,FRESH,97
Ryan Marker,Erin Brockovich,2000,tt0195685,FRESH,87
Oriana Nudo,Dark Victory,1939,tt0031210,FRESH,83
Bryan Cogman,Dark Victory,1939,tt0031210,FRESH,83
Oriana Nudo,The Irishman,2019,tt1302006,FRESH,95
Ryan Marker,A Prairie Home Companion,2006,tt0420087,FRESH,81
Darren Franich,A Prairie Home Companion,2006,tt0420087,FRESH,81
Clay Keller,Physical Evidence,1989,tt0098093,ROTTEN,22
Oriana Nudo,Cape Fear,1991,tt0101540,FRESH,77
Bryan Cogman,Macbeth,2015,tt2884018,FRESH,80
Oriana Nudo,Walking on Sunshine,2014,tt2107861,ROTTEN,31
Graham Skipper,Space Truckers,1996,tt0120199,ROTTEN,17
Clay Keller,Shirkers,2018,tt7472352,FRESH,99
Billy Ray Brewton,Suspiria,1977,tt0076786,FRESH,94
Billy Ray Brewton,Dominion: Prequel to the Exorcist,2005,tt0449086,ROTTEN,29
Ryan Marker,Guillermo del Toro's Pinocchio,2022,tt1488589,ROTTEN,27
Ryan Marker,Love on the Run,1979,tt0078771,FRESH,62
Darren Franich,"Django Kill... If You Live, Shoot!",1967,tt0062082,NO_RT_DATA,
Billy Ray Brewton,4 Little Girls,1997,tt0118540,FRESH,100
Darren Franich,Lifeboat,1944,tt0037017,FRESH,90
Graham Skipper,A Nightmare on Elm Street 3: Dream Warriors,1987,tt0093629,FRESH,68
Clay Keller,Mission: Impossible III,2006,tt0317919,FRESH,73
Ryan Marker,School of Rock,2003,tt0332379,FRESH,92
Clay Keller,Design for Living,1933,tt0023940,FRESH,76
Drea Clark,Full Metal Jacket,1987,tt0093058,FRESH,90
Ryan Marker,Three Colors: Blue,1993,tt0108394,FRESH,98
Bryan Cogman,Camelot,1967,tt0061439,ROTTEN,39
Clay Keller,Star Trek,2009,tt0796366,FRESH,94
Ryan Marker,Blue Moon,2025,tt32536315,FRESH,90
Clay Keller,Disclosure,1994,tt0109635,ROTTEN,58
Graham Skipper,Hellraiser: Revelations,2011,tt1716747,ROTTEN,0
Oriana Nudo,Bob & Carol & Ted & Alice,1969,tt0064100,FRESH,82
Ryan Marker,The Young Girls of Rochefort,1967,tt0062873,FRESH,98
Drea Clark,Shirley,2020,tt8430598,FRESH,88
Oriana Nudo,A New Leaf,1971,tt0067482,FRESH,94
Ryan Marker,Superman,2025,tt5950044,FRESH,83
Clay Keller,Superman,2025,tt5950044,FRESH,83
Billy Ray Brewton,Thelma & Louise,1991,tt0103074,FRESH,87
Oriana Nudo,Casablanca,1942,tt0034583,FRESH,99
Clay Keller,S.W.A.T.,2017,tt6111130,FRESH (TV_API),90
Drea Clark,If I Had Legs I'd Kick You,2025,tt18382850,FRESH,92
Clay Keller,Ambush,2001,tt0283875,FRESH (TV_API),66
Darren Franich,Burning,2018,tt7282468,FRESH,95
Ryan Marker,Demonwarp,1988,tt0094998,ROTTEN (TV_API),29
Ryan Marker,Sword of Trust,2019,tt8484012,FRESH,94
Ryan Marker,28 Days Later,2002,tt0289043,FRESH,87
Clay Keller,Star Trek Into Darkness,2013,tt1408101,FRESH,84
Ryan Marker,Ford v Ferrari,2019,tt1950186,FRESH,92
Bryan Cogman,Theater of Blood,1973,tt0070791,FRESH,88
Clay Keller,The Piano,1993,tt0107822,FRESH,90
Billy Ray Brewton,The Quick and the Dead,1995,tt0114214,FRESH,62
Billy Ray Brewton,Darkness Falls,2003,tt0282209,ROTTEN,10
Clay Keller,Spencer,2021,tt12536294,FRESH,83
Graham Skipper,The Cabinet of Dr. Caligari,2005,tt0441741,ROTTEN,33
Graham Skipper,All Monsters Attack,1969,tt0064373,ROTTEN,38
Bryan Cogman,An American Christmas Carol,1979,tt0078764,FRESH (TV_API),61
Darren Franich,The Man Who Knew Too Much,1956,tt0049470,FRESH,89
Billy Ray Brewton,Friday the 13th Part VIII: Jason Takes Manhattan,1989,tt0097388,ROTTEN,11
Ryan Marker,The Dark Knight,2008,tt0468569,FRESH,94
Billy Ray Brewton,Tremors 3: Back to Perfection,2001,tt0259685,FRESH,80
Billy Ray Brewton,The Hills Have Eyes,1977,tt0077681,FRESH,69
Ryan Marker,Insiang,1976,tt0077740,FRESH,100
Oriana Nudo,Summer Stock,1950,tt0043012,FRESH,100
Billy Ray Brewton,The Fabelmans,2022,tt14208870,FRESH,92
Billy Ray Brewton,Halloween Ends,2022,tt10665342,ROTTEN,40
Oriana Nudo,C'mon C'mon,2021,tt10986222,FRESH (TV_API),94
Ryan Marker,Mur murs,1981,tt0081204,FRESH (TV_API),93
Darren Franich,Vanishing on 7th Street,2010,tt1452628,ROTTEN,47
Graham Skipper,"Salò, or the 120 Days of Sodom",1975,tt0073650,FRESH,71
Billy Ray Brewton,Beetlejuice,1988,tt0094721,FRESH,83
Darren Franich,The Man Who Shot Liberty Valance,1962,tt0056217,FRESH,95
Billy Ray Brewton,Borat,2006,tt0443453,FRESH,90
Drea Clark,Spellbound,1945,tt0038109,FRESH,86
Clay Keller,Spellbound,1945,tt0038109,FRESH,86
Darren Franich,Ikiru,1952,tt0044741,FRESH,98
Clay Keller,Time of the Wolf,2002,tt0307568,ROTTEN (TV_API),38
Bryan Cogman,Shame,1968,tt0063611,FRESH,67
Ryan Marker,Blaze,2018,tt6443294,FRESH,95
Billy Ray Brewton,Johnny Guitar,1954,tt0047136,FRESH,94
Darren Franich,Side Effects,2013,tt2053463,FRESH,82
Billy Ray Brewton,Empire of the Sun,1987,tt0092965,FRESH,75
Drea Clark,Dead Man,1995,tt0112817,FRESH,70
Bryan Cogman,The Outsiders,1983,tt0086066,FRESH,71
Graham Skipper,The Abominable Dr. Phibes,1971,tt0066740,FRESH,88
Ryan Marker,Blackboard Jungle,1955,tt0047885,FRESH,75
Billy Ray Brewton,Friday the 13th,2009,tt0758746,ROTTEN,26
Clay Keller,Home for the Holidays,1995,tt0113321,FRESH,63
Billy Ray Brewton,Death and the Maiden,1994,tt0109579,FRESH,84
